OBJECTID_1,WADMKC,WADMKD,WADMKK,FID_,OBJECTID_2,WADMKC_1,WADMKD_1,WADMKK_1,UID,Topo,Rain16,Rain17,Rain18,Rain19,Rain20,Rain21,Rain22,Rain23,Rain24,BldRate15,BldRate16,BldRate17,BldRate18,BldRate19,BldRate20,BldRate21,BldRate22,BldRate23,BldRate24,BldgAge,BldgAr,PopDens15,PopDens16,PopDens17,PopDens18,PopDens19,PopDens20,PopDens21,PopDens22,PopDens23,PopDens24,VegCov15,VegCov16,VegCov17,VegCov18,VegCov19,VegCov20,VegCov21,VegCov22,VegCov23,VegCov24,DistRv,LandSub20,LandSub24,BPBD24,DrnSys,NightLt16,NightLt17,NightLt18,NightLt19,NightLt20,NightLt21,NightLt22,NightLt23,NightLt24,BlueAr15,BlueAr16,BlueAr17,BlueAr18,BlueAr19,BlueAr20,BlueAr21,BlueAr22,BlueAr23,BlueAr24,PumpsLc,LSTemp16,LSTemp17,LSTemp18,LSTemp19,LSTemp20,LSTemp21,LSTemp22,LSTemp23,LSTemp24,NDBI15,NDBI17,NDBI18,NDBI19,NDBI20,NDBI21,NDBI22,NDBI23,NDBI24,BD,DTC,NDBI16,OriV,MeanBC,MIBCB,BlockSI,TBuildA,NoBuild,Flood16,Flood17,Flood18,Flood19,Flood20,Flood21,Flood22,Flood23,Flood24,FloDepth16,FloDepth17,FloDepth18,FloDepth19,FloDepth20,FloDepth21,FloDepth22,FloDepth23,FloDepth24,AgeY16,AgeO16,AgeY17,AgeO17,AgeY18,AgeO18,AgeY19,AgeO19,AgeY20,AgeO20,AgeY21,AgeO21,AgeY22,AgeO22,AgeY23,AgeO23,AgeY24,AgeO24,Female16,Female17,Female18,Female19,Female20,Female21,Female22,Female23,Female24,LowEdu16,LowEdu17,LowEdu18,LowEdu19,LowEdu20,LowEdu21,LowEdu22,LowEdu23,LowEdu24,Age16,Age17,Age18,Age19,Age20,Age21,Age22,Age23,Age24,FVI16,Hazard16,FRI16,FVI17,Hazard17,FRI17,FVI18,Hazard18,FRI18,FVI19,Hazard19,FRI19,FVI20,Hazard20,FRI20,FVI21,Hazard21,FRI21,FVI22,Hazard22,FRI22,FVI23,Hazard23,FRI23,FVI24,Hazard24,FRI24,Population,Perc_women,SKTM_issued,extreme_poverty_perc
1.000000000000000,CEMPAKA PUTIH,CEMPAKA PUTIH BARAT,JAKARTA PUSAT,"0",1.000000000000000,CEMPAKA PUTIH,CEMPAKA PUTIH BARAT,JAKARTA PUSAT,1.000000000000000,123.367467585000000,188.975170324999993,185.064216421999987,147.422945620000007,123.367467585000000,194.900163523000003,191.199991630999989,165.514139833000002,115.149820535000003,160.852683675000009,0.923131672598000,0.891814946619000,0.881850533808000,0.917437722420000,0.920996441281000,0.875444839858000,0.932384341637000,0.962989323843000,0.972241992883000,0.962277580071000,47.291060291100003,571656.408525999984704,32949.535914499996579,34808.199011400000018,34511.867249900002207,35488.723703499999829,35756.300900499998534,35917.645956599997589,35590.163417000003392,34975.135232799999358,34820.180079899997509,33689.965949199999159,0.095050631855900,0.103401396843000,0.094296768214900,0.092658952215300,0.087731594910500,0.095156797461800,0.096595642059500,0.092017237942800,0.087880342480200,0.091127279347800,2365.700378720000117,-0.019049792977400,-0.075804590458100,33.953255462999998,160729.301478999987012,28.014573899900000,23.774616789400000,31.691647116999999,36.248421163000003,30.621784714200000,29.581200163700000,24.650078606699999,36.341193600799997,26.557458922900000,-0.112919266409000,-0.123027051019000,-0.113903149705000,-0.106689132787000,-0.105236252291000,-0.113545279478000,-0.118945690970000,-0.108596229739000,-0.106434532820000,-0.109953034788000,0.000000000000000,41.243439286499999,42.192526647699999,42.105543742199998,42.590349143799997,42.352608957400001,42.212939002200002,41.525089651199998,41.906386469499999,40.215022565699996,0.038462209148300,0.025438115964800,0.042406384585100,0.039544036478500,0.039441138985100,0.045109996208400,0.039454525241200,0.042030976627100,0.039599215585400,0.000000000000000,6636.621812610000234,0.038010605583800,2553.480575430000044,0.983594725198000,194.304914773999997,1.817215827850000,0.444173141204000,0.004472134888690,0.000000000000000,0.000000000000000,1.000000000000000,0.000000000000000,2.000000000000000,1.000000000000000,0.000000000000000,0.000000000000000,0.000000000000000,0.000000000000000,0.000000000000000,5.000000000000000,0.000000000000000,15.000000000000000,30.000000000000000,0.000000000000000,0.000000000000000,0.000000000000000,0.074508364120333,0.051423850937378,0.057165339751898,0.057882799481577,0.071369089149468,0.057594922464045,0.071214761202698,0.058213822990663,0.069026863547411,0.063934353317915,0.067687059562817,0.056353516764666,0.068329222618069,0.056819219877592,0.065949442583842,0.059664173968895,0.062922307309324,0.063562436283459,0.497189013056748,0.496736715423070,0.498143188314465,0.499709601036501,0.498332147304750,0.498900309708694,0.499200694254133,0.500091755746204,0.499869603357121,0.247241867043847,0.231016206299052,0.217148604475735,0.206395421177056,0.195821809561438,0.206850168140491,0.212794031820143,0.223643469874626,0.233311543992679,0.125932215057711,0.115048139233475,0.128964011613513,0.129428584193361,0.132961216865326,0.124040576327483,0.125148442495661,0.125613616552737,0.126484743592783,0.396320598314558,0.000000000000000,0.000000000000000,0.347065349899131,0.000000000000000,0.000000000000000,0.378668067383588,5.000000000000000,1.893340336917939,0.378210791458245,0.000000000000000,0.000000000000000,0.368159019965837,30.000000000000000,11.044770598975102,0.359173710173141,30.000000000000000,10.775211305194219,0.370269171726079,0.000000000000000,0.000000000000000,0.388421269151928,0.000000000000000,0.000000000000000,0.399592864051985,0.000000000000000,0.000000000000000,42179.000000000000000,49.99,"285",0.007
2.000000000000000,CEMPAKA PUTIH,RAWASARI,JAKARTA PUSAT,"1",2.000000000000000,CEMPAKA PUTIH,RAWASARI,JAKARTA PUSAT,2.000000000000000,125.128920909000001,191.666399984000009,187.472281347999996,148.917638624000006,125.128920909000001,197.235457918000009,192.978516992000010,167.908102925999998,115.967003118999997,162.743462247999986,0.815428983417000,0.740447007931000,0.780100937275000,0.813987022350000,0.812545061283000,0.744772891132000,0.819754866619000,0.860129776496000,0.916366258111000,0.895457822639000,74.958034528599995,439881.725205999973696,20657.980000700001256,21566.539193299999170,21525.241048199997749,21872.631327700000838,22041.062978300004033,22203.016488599998411,21939.842034400000557,21327.657765600000857,21533.338723699998809,20989.174929199998587,0.109960931140000,0.129346313702000,0.106834824027000,0.113199859350000,0.107141638614000,0.120489716183000,0.124176149824000,0.118171394438000,0.112935448217000,0.114915934978000,1962.882191709999915,-0.018971658021200,-0.072850776341500,16.702182680000000,143576.684841000009328,32.809421240600003,26.118491718000001,33.815712828099997,38.661615667600003,30.954818443600001,30.010179436300000,25.522770291899999,35.833414045799998,27.119174748900001,-0.125137663392000,-0.146050385944000,-0.118860941485000,-0.124713889276000,-0.118124281109000,-0.133713796700000,-0.139726820397000,-0.130580895218000,-0.126324350094000,-0.129766981251000,0.000000000000000,40.954416595900000,41.989506120700000,42.062175525699999,42.422134660600001,42.124369827599999,41.995902884600000,41.445874502400002,41.808322439700000,40.063346557199999,0.021759652795200,0.011875397873700,0.023264031755100,0.022088756164300,0.013802435744500,0.015327271497800,0.012592325454000,0.018577808320100,0.013989671553900,11839.847261699998853,7814.111812479999571,0.009832135582380,2878.926733979999881,0.974669412773000,208.855446225999998,1.782229357820000,0.350803389481000,0.003009910063630,0.000000000000000,2.000000000000000,0.000000000000000,1.000000000000000,0.000000000000000,0.000000000000000,1.000000000000000,0.000000000000000,0.000000000000000,0.000000000000000,25.000000000000000,0.000000000000000,10.000000000000000,0.000000000000000,0.000000000000000,15.000000000000000,0.000000000000000,0.000000000000000,0.070664213569632,0.051702774753126,0.055526295989768,0.058874426303514,0.069453185739143,0.056791677464736,0.069473529519821,0.057092472170175,0.068346766840512,0.066267916408330,0.067764080608253,0.059644201668266,0.068304351127648,0.061773862859746,0.065057160048135,0.063327316486161,0.062577160493827,0.067052469135802,0.500168963316187,0.499962380558273,0.501129169597571,0.503875968992248,0.501768846420365,0.503617036982358,0.506112840762396,0.503346871239471,0.504128086419753,0.215463831212324,0.199621024880540,0.191821438866697,0.186471140884768,0.178533904469409,0.185776250102300,0.185668440165526,0.205910470094351,0.215512842320122,0.122366988322758,0.114400722293282,0.126244863203879,0.126566001689996,0.134614683248842,0.127408282276519,0.130078213987394,0.128384476534296,0.129629629629629,0.371513301520546,0.000000000000000,0.000000000000000,0.332048195033135,50.000000000000000,16.602409751656761,0.362976727265965,0.000000000000000,0.000000000000000,0.375067375021840,10.000000000000000,3.750673750218400,0.375508413744525,0.000000000000000,0.000000000000000,0.375020644968885,0.000000000000000,0.000000000000000,0.397434721128713,15.000000000000000,5.961520816930702,0.397204632365525,0.000000000000000,0.000000000000000,0.415475219185994,0.000000000000000,0.000000000000000,25920.000000000000000,50.41,"239",0.009
3.000000000000000,MENTENG,MENTENG,JAKARTA PUSAT,"2",3.000000000000000,MENTENG,MENTENG,JAKARTA PUSAT,3.000000000000000,126.146277626000000,195.418972486000001,191.082188115000008,151.541921693000006,126.146277626000000,199.230393496999994,194.403271316999991,171.664798689999998,116.519113809000004,164.363066575000005,0.528482175671000,0.494303564866000,0.460859977949000,0.485483278207000,0.496141124587000,0.410510841602000,0.597574421169000,0.650496141125000,0.737228959941000,0.690922454980000,63.619983619999999,735910.119121999945492,12568.632729200000540,13112.795565099999294,13088.417731100000310,13070.650835200000074,13092.962750999999116,13200.390493799999604,13104.945076199999676,12689.695531699999265,12687.629613600000084,12236.433093600000575,0.136323479574000,0.149944901882000,0.137434716649000,0.143086207679000,0.138478572807000,0.150832310867000,0.155032433035000,0.152746466009000,0.144743118591000,0.149572213638000,397.093854124000018,-0.018277380636500,-0.057168505097200,17.629959179600000,970627.536483000032604,42.782149419200003,35.811533477799998,44.116304637299997,48.843103966800001,41.508130889999997,35.643881538599999,34.812074147099999,45.879560486800003,37.132808056599998,-0.138917009258000,-0.152348748221000,-0.139002592958000,-0.142006632576000,-0.138957919071000,-0.152588306864000,-0.157925698724000,-0.154066518348000,-0.144999782141000,-0.153172666732000,0.000000000000000,39.147629723400001,40.515919926899997,40.530841708600001,40.993689627899997,40.243881890399997,40.247242989400000,40.040343815400000,40.515462569100002,38.664406488899999,-0.016409335569000,-0.023936638093200,-0.021940322504900,-0.020376251268300,-0.030535817746900,-0.026977269163500,-0.028474663858800,-0.026307159503600,-0.032055199011500,35974.628510100003041,8550.266104399999676,-0.021572044334000,2717.099336889999904,0.912388828853000,471.392985608000004,2.171186565170000,0.283922767132000,0.001492413029700,1.000000000000000,0.000000000000000,2.000000000000000,0.000000000000000,8.000000000000000,2.000000000000000,1.000000000000000,0.000000000000000,1.000000000000000,10.000000000000000,0.000000000000000,8.333333333330000,0.000000000000000,23.125000000000000,12.500000000000000,15.000000000000000,0.000000000000000,20.000000000000000,0.067620368036299,0.053787496849004,0.052467089686523,0.061621997032547,0.065783650502624,0.059461339065562,0.067659681898510,0.061032567533451,0.067234255665456,0.068736697132841,0.068102279534634,0.066399722546268,0.070526178692368,0.067400364678302,0.065620216888657,0.070830755202397,0.061860543643424,0.075063312510552,0.499149231157046,0.498753038482180,0.500379338686224,0.499337288563494,0.498184549893577,0.500078822082795,0.501758270382912,0.502426156902335,0.501570150261692,0.250832953389682,0.233844563156988,0.223314901658851,0.212950647532377,0.206972959872589,0.215478686233403,0.221405820182424,0.233352571964505,0.244036970781157,0.121407864885303,0.114089086719070,0.125244989568186,0.128692249431961,0.135970952798297,0.134502002080902,0.137926543370670,0.136450972091054,0.136923856153976,0.399916957095008,10.000000000000000,3.999169570950077,0.359829911785561,0.000000000000000,0.000000000000000,0.388844880342645,16.666666666659999,6.480748005708154,0.380841644375841,0.000000000000000,0.000000000000000,0.387125014120716,185.000000000000000,71.618127612332472,0.403743265141823,25.000000000000000,10.093581628545586,0.429540792951200,15.000000000000000,6.443111894267998,0.442238379423739,0.000000000000000,0.000000000000000,0.449514735164496,20.000000000000000,8.990294703289928,29615.000000000000000,50.16,"271",0.009
4.000000000000000,MENTENG,PEGANGSAAN,JAKARTA PUSAT,"3",4.000000000000000,MENTENG,PEGANGSAAN,JAKARTA PUSAT,4.000000000000000,126.646031452000003,195.199913329999987,190.818120528999998,151.197363480000007,126.646031452000003,199.629404580999989,194.686840606999993,171.278985140999993,116.708937477000006,164.643972039999994,0.752285191956000,0.715722120658000,0.729433272395000,0.707495429616000,0.764168190128000,0.644424131627000,0.787934186472000,0.817184643510000,0.867458866545000,0.845521023766000,51.236697965600001,277249.196811000001617,28659.873401799999556,29965.449815399995714,29794.530505700000504,30027.227879099998972,30061.205814199998713,30213.591704700003902,30048.850201400000515,29065.549353599999449,28859.622474500003591,27936.040421699995932,0.119303813558000,0.130066969672000,0.127642960095000,0.121813879548000,0.116317552557000,0.125544069883000,0.129048257566000,0.127616560386000,0.125227309692000,0.125788619500000,138.268765190000011,-0.020211010498900,-0.057246277705200,50.963206749900003,1044817.742880000034347,38.300928009400003,34.292195187899999,37.924028504799999,42.773594385199999,34.070984525500002,33.121041745900001,28.208674050300001,39.673057989100002,32.210324992700002,-0.126798800646000,-0.140257672085000,-0.131343711535000,-0.128578104528000,-0.121110214877000,-0.135251109875000,-0.139197779748000,-0.134457493279000,-0.131894796831000,-0.137929322195000,1.000000000000000,40.115324274099997,41.101707238499998,41.365604659699997,41.643598852799997,41.215515984800000,40.931284630400000,40.740376750099998,41.156449858199998,39.101059602200003,0.011504611973800,0.005671995931820,0.009371015443490,0.013826815175200,0.002634132813650,0.007687670124270,0.003716386702180,0.007391722359030,0.002682100586630,2210.843090620000112,8675.312728869999773,0.008381968332250,2382.061300700000174,0.968376844526000,190.567741794999989,1.766002164520000,0.275564694628000,0.002577170476200,0.000000000000000,0.000000000000000,0.000000000000000,0.000000000000000,0.000000000000000,3.000000000000000,0.000000000000000,0.000000000000000,0.000000000000000,0.000000000000000,0.000000000000000,0.000000000000000,0.000000000000000,0.000000000000000,20.000000000000000,0.000000000000000,0.000000000000000,0.000000000000000,0.070130227124351,0.049960485173350,0.054912395894529,0.057884369492345,0.068134279738024,0.054555429825464,0.067680504178655,0.055898068228524,0.066896128680480,0.067543620501636,0.068633497807017,0.060307017543860,0.068652803854192,0.061922136809664,0.065396553569517,0.066288486924257,0.063135780628041,0.070691434468524,0.493832250970690,0.493796869060373,0.494667901107568,0.495581586518701,0.495706106870229,0.496402138157895,0.495979312054979,0.495023011880552,0.493844906383606,0.273301193755739,0.249508989273304,0.227883773182528,0.211640815085158,0.207021517553794,0.215783874154571,0.221659004283076,0.233762134006787,0.245234708392603,0.120090712297701,0.112796765386874,0.122689709563488,0.123578572407179,0.134439749182116,0.128940515350877,0.130574940663856,0.131685040493774,0.133827215096565,0.387391496901557,0.000000000000000,0.000000000000000,0.342419946405283,0.000000000000000,0.000000000000000,0.351702819770434,0.000000000000000,0.000000000000000,0.342603027093496,0.000000000000000,0.000000000000000,0.367829933731497,0.000000000000000,0.000000000000000,0.366481433334934,60.000000000000000,21.988886000096038,0.374487594612773,0.000000000000000,0.000000000000000,0.384363299353998,0.000000000000000,0.000000000000000,0.395000393653794,0.000000000000000,0.000000000000000,27132.000000000000000,49.38,"150",0.006
5.000000000000000,MENTENG,CIKINI,JAKARTA PUSAT,"4",5.000000000000000,MENTENG,CIKINI,JAKARTA PUSAT,5.000000000000000,124.577186445999999,192.330380682999987,188.289713928999987,149.666485509000012,124.577186445999999,196.965259932999999,192.502888245999998,168.814804527999996,115.660671051999998,162.453710435000005,0.804226918799000,0.740823136819000,0.739710789766000,0.784204671858000,0.785317018910000,0.690767519466000,0.846496106785000,0.874304783092000,0.935483870968000,0.892102335929000,78.108055009799997,275484.259039000025950,12464.271621600000799,12988.287487600000532,12951.757535400000052,13068.905313200000819,13104.175611900000149,13136.926603500000056,12704.865444700000808,12465.531275100000130,12536.071872500000609,12051.105265700000018,0.107670903425000,0.120541198894000,0.115525117187000,0.113334215539000,0.107800565913000,0.118673594596000,0.119667275223000,0.123131579244000,0.116046057867000,0.122612651417000,227.309569858999993,-0.019201965791700,-0.065122358587700,21.157230557599998,1094167.951610000105575,42.690783882100000,35.601940298099997,42.345102713300001,49.368004629799998,43.000564501500001,41.687886779999999,36.083865339100001,52.929514737600002,36.238417636299999,-0.116833561912000,-0.131637155950000,-0.118454655431000,-0.118112677478000,-0.115710156896000,-0.127273316936000,-0.132333620995000,-0.131602357302000,-0.123107459566000,-0.132776963412000,0.000000000000000,39.706513764599997,40.795532859500000,40.833917977600002,41.365822124499999,40.733053064300002,40.479222050600001,40.576037940100001,40.818606324599997,39.051152524099997,0.015194768348200,0.004902493644430,0.013514932317300,0.013084005332500,0.001471289024380,0.006465563613320,0.003912919833360,0.005403057527790,-0.001314956708910,2210.542567559999952,7474.234566009999980,0.007510074995690,2447.389938499999971,0.899638766637000,244.953595132000004,1.875147208660000,0.340885794229000,0.001255873308610,0.000000000000000,1.000000000000000,0.000000000000000,0.000000000000000,2.000000000000000,1.000000000000000,0.000000000000000,0.000000000000000,0.000000000000000,0.000000000000000,15.000000000000000,0.000000000000000,0.000000000000000,22.500000000000000,10.000000000000000,0.000000000000000,0.000000000000000,0.000000000000000,0.070507225293376,0.056347589952478,0.054269597354600,0.066329507877845,0.067566265060241,0.064000000000000,0.067384408343747,0.067961165048544,0.065298686355355,0.076133857512705,0.062661114416022,0.070394606385088,0.064672594987874,0.074979789814066,0.062299035369775,0.078175241157556,0.056757604264660,0.083411727814362,0.498205799631461,0.498541139856059,0.496771084337349,0.497452657887148,0.496020711477611,0.496628990680151,0.498686337914309,0.496282154340836,0.496184801923278,0.208044982698962,0.192606796633642,0.183754280821918,0.177221926556679,0.173078961314255,0.182056892778993,0.183568963597907,0.197947699437272,0.211246720657009,0.126854815245854,0.120599105232445,0.131566265060241,0.135345573392291,0.141432543868060,0.133055720801110,0.139652384801940,0.140474276527331,0.140169332079022,0.363768687687695,0.000000000000000,0.000000000000000,0.332674756267462,15.000000000000000,4.990121344011926,0.342101174175259,0.000000000000000,0.000000000000000,0.349609307206252,0.000000000000000,0.000000000000000,0.352893450804100,45.000000000000000,15.880205286184506,0.343463210051357,10.000000000000000,3.434632100513573,0.375495514153886,0.000000000000000,0.000000000000000,0.378103275322307,0.000000000000000,0.000000000000000,0.390689411869656,0.000000000000000,0.000000000000000,9567.000000000000000,49.62,"52",0.005
6.000000000000000,MENTENG,GONDANGDIA,JAKARTA PUSAT,"5",6.000000000000000,MENTENG,GONDANGDIA,JAKARTA PUSAT,6.000000000000000,124.460970953000000,192.952779665999998,188.858325951000012,150.160767192000009,124.460970953000000,197.005523035000010,192.650235063999986,169.514207760999994,115.685913193999994,162.578195582000006,0.593086719224000,0.525773195876000,0.512431776834000,0.534869617950000,0.556094602790000,0.428138265616000,0.661613098848000,0.728320194057000,0.799272286234000,0.748332322620000,64.529626920300004,473757.334843999997247,3342.643073719999848,3446.375566000000163,3457.294775710000067,3397.921572889999879,3358.339437680000174,3328.311610969999947,3275.080463610000606,3114.704570930000045,3183.632082250000167,3091.501250289999916,0.125232426699000,0.140473338997000,0.130118330065000,0.133652903192000,0.126186798498000,0.141051190830000,0.144554224313000,0.140745958345000,0.134977109826000,0.143074266268000,924.165858129999947,-0.016427573288700,-0.065968706964500,21.588651393900001,86279.738473000004888,49.779995482799997,37.702237303300002,48.827414676200000,57.889857003199999,49.694921518100003,46.206784673300000,46.614452612900003,59.811116922499998,40.863420745500001,-0.128764195095000,-0.142415708669000,-0.130414883595000,-0.132562874523000,-0.127655855950000,-0.142066583807000,-0.150133098195000,-0.143997990760000,-0.135792389109000,-0.147069893124000,2.000000000000000,39.352102667700002,40.611068493499999,40.405814979100001,41.051245949100000,40.225439584000000,40.263233454400002,40.195937076400000,40.397433653199997,38.732998731300000,-0.013525639017300,-0.021967684546100,-0.019286262002700,-0.016828916452100,-0.028888086878700,-0.024149606719500,-0.025464767735900,-0.022579438574100,-0.030705311989300,42237.785223899998527,7612.397876160000123,-0.020652319438900,3696.213885950000076,0.901261000771000,294.800615963999974,2.412751832940000,0.304017013915000,0.000890597555545,2.000000000000000,5.000000000000000,3.000000000000000,1.000000000000000,3.000000000000000,0.000000000000000,0.000000000000000,0.000000000000000,0.000000000000000,25.000000000000000,18.333333333300001,20.000000000000000,10.000000000000000,9.166666666670000,0.000000000000000,0.000000000000000,0.000000000000000,0.000000000000000,0.055643564356436,0.118019801980198,0.043031977891828,0.128306356099487,0.057039566177947,0.123920465957019,0.054663686242634,0.129445234708393,0.054541726471191,0.144145991388148,0.055636590956449,0.138778912273390,0.056967572304996,0.142418930762489,0.054233654876742,0.142122186495177,0.051655629139073,0.148785871964680,0.527524752475248,0.527240426371891,0.523799959831291,0.520625889046942,0.524912856264097,0.525317774536362,0.524320771253287,0.527759914255091,0.525607064017660,0.138034831219093,0.136392471981391,0.145446604062022,0.133790358248563,0.131326644370123,0.144341540546645,0.138637446403049,0.141263940520446,0.147953076370601,0.173663366336634,0.171338333991315,0.180960032134966,0.184108920951027,0.198687717859339,0.194415503229839,0.199386503067485,0.196355841371919,0.200441501103753,0.596372738975747,50.000000000000000,29.818636948787358,0.586619703756586,91.666666666500006,53.773472844255991,0.601020800707239,60.000000000000000,36.061248042434322,0.577765706736769,10.000000000000000,5.777657067367690,0.640848728758321,27.500000000010001,17.623340040860224,0.645505710175931,0.000000000000000,0.000000000000000,0.646801699606883,0.000000000000000,0.000000000000000,0.662492431841058,0.000000000000000,0.000000000000000,0.667356755459708,0.000000000000000,0.000000000000000,4530.000000000000000,52.56,"0",0.000
7.000000000000000,MENTENG,KEBON SIRIH,JAKARTA PUSAT,"6",7.000000000000000,MENTENG,KEBON SIRIH,JAKARTA PUSAT,7.000000000000000,123.358377204999996,190.992006573999987,187.081231169999995,149.006423533999993,123.358377204999996,195.448280159999996,191.406571732000003,167.732718514999988,115.128173970000006,161.312646613999988,0.755700325733000,0.661237785016000,0.699239956569000,0.732899022801000,0.744842562432000,0.640608034745000,0.800217155266000,0.834961997828000,0.878393051031000,0.851248642780000,76.810188989300002,249843.670332000008784,19011.652364800000214,19509.428807899999811,19459.529457900000125,19071.288173400000233,19063.985829500001273,18825.442595199998323,18723.209780500001216,17924.820179800000915,17782.424473600000056,17248.136310999998386,0.105460018676000,0.118279785961000,0.116116857029000,0.109381850170000,0.103431751551000,0.117640856118000,0.116502701528000,0.116614430142000,0.112857159096000,0.115629751045000,532.057858921000047,-0.017245834483200,-0.072190115443400,26.031756464800001,889223.133010999998078,53.580647654700002,41.773963399899998,56.325437539500001,67.228950458900002,58.976964777900001,53.734921254699998,59.251809713999997,74.190479324300000,52.176126752599998,-0.108080488875000,-0.116645443782000,-0.116683612101000,-0.111805300543000,-0.106877527300000,-0.122088823585000,-0.123966554655000,-0.119475955196000,-0.115040429909000,-0.120328497369000,1.000000000000000,39.609869304900002,40.696076475300003,40.412496398300000,41.005805827800003,40.424631062600000,40.192369733500001,40.500785490699997,40.506992414999999,38.748514863899999,0.008367925258800,-0.003976495674570,0.004732510492060,0.005672543917970,-0.006311669028270,0.000053370283833,-0.001377518939170,0.001006472888160,-0.005937312268540,0.000000000000000,6856.611590669999714,-0.002083643619360,2992.935447349999777,0.929187345964000,147.051701508999997,2.005459662310000,0.287570254271000,0.001433691304630,2.000000000000000,4.000000000000000,2.000000000000000,1.000000000000000,3.000000000000000,1.000000000000000,1.000000000000000,1.000000000000000,2.000000000000000,15.000000000000000,21.250000000000000,20.000000000000000,20.000000000000000,21.666666666699999,25.000000000000000,12.500000000000000,15.000000000000000,22.500000000000000,0.068621334996881,0.051902682470368,0.053599349552817,0.060103821377197,0.067772814294831,0.058774728781110,0.068245658835546,0.062691521961185,0.066589087147660,0.073571243858288,0.067407696307852,0.067212688507540,0.069187941336230,0.070342205323194,0.065498596947505,0.072616521798645,0.062305955405024,0.075430426192492,0.485215221459763,0.484770779911189,0.484684109763880,0.486529622063330,0.487264028963020,0.484659386375455,0.486013036393264,0.487372527547738,0.485675980807226,0.283506583506583,0.273403384279476,0.262088495575221,0.232353982300885,0.232526496705815,0.239022279904824,0.240645745322873,0.249356742848494,0.255524431995020,0.120524017467249,0.113703170930014,0.126547543075941,0.130937180796731,0.140160331005948,0.134620384815392,0.139530146659424,0.138115118746150,0.137736381597516,0.346422728381176,30.000000000000000,10.392681851435293,0.314635854980309,85.000000000000000,26.744047673326303,0.336869621318391,40.000000000000000,13.474784852735635,0.328732083758254,20.000000000000000,6.574641675165076,0.358326055755662,65.000000000100002,23.291193624153880,0.334222292461200,25.000000000000000,8.355557311529994,0.357497881633111,12.500000000000000,4.468723520413884,0.371195687185260,15.000000000000000,5.567935307778896,0.366256406364841,45.000000000000000,16.481538286417845,14172.000000000000000,48.57,"87",0.006
8.000000000000000,TANAH ABANG,GELORA,JAKARTA PUSAT,"7",8.000000000000000,TANAH ABANG,GELORA,JAKARTA PUSAT,8.000000000000000,128.748158598999993,203.205291781000000,197.948359000000011,156.526919732000010,128.748158598999993,203.515937121000007,198.718927301999997,179.172332755000014,118.563591220999996,168.602141273999990,0.387293992557000,0.280435938331000,0.293726741095000,0.308346624136000,0.373737373737000,0.275119617225000,0.397926634769000,0.430622009569000,0.543328017012000,0.498936735779000,225.951145037999993,657756.087776000029407,1122.336581329999945,1224.748297130000083,1225.047746590000088,1193.905002599999989,1182.226473610000085,1173.242989760000000,1179.531428450000021,1136.111256550000007,1113.951996409999992,1048.971463280000080,0.176934780602000,0.203150423839000,0.170676120637000,0.179392747907000,0.173025859007000,0.191495512653000,0.203435353612000,0.194964897267000,0.183102724506000,0.190445769968000,2047.985513179999998,-0.016530036527100,-0.071744514732800,27.541489643999999,341379.032989000028465,44.059116427699998,46.766522821099997,68.475464110499999,58.370442904100003,51.078380232500002,37.353958754200001,49.437669733000000,56.254613571900002,55.198534974499999,-0.167254702408000,-0.193252499520000,-0.161986862932000,-0.172046024514000,-0.166513448599000,-0.182286809705000,-0.192951354732000,-0.186019942349000,-0.171535215889000,-0.181570176606000,0.000000000000000,37.808317016600000,40.449143437700002,40.059050129500001,40.343791707999998,39.597800717699997,39.547957150000002,39.596385994800002,40.368831216600000,38.483409425700003,-0.037179978613100,-0.046932349396700,-0.047246298822300,-0.037501965558400,-0.054221100916800,-0.055122100003800,-0.056214228797300,-0.046297641042600,-0.055879039656900,90779.720281799993245,10413.157014399999753,-0.055371953941600,3186.973189150000053,0.943474429668000,932.037757479999982,2.242127813930000,0.196635210886000,0.000194642596809,4.000000000000000,5.000000000000000,2.000000000000000,0.000000000000000,1.000000000000000,0.000000000000000,0.000000000000000,0.000000000000000,0.000000000000000,13.500000000000000,19.000000000000000,11.666666666699999,0.000000000000000,10.000000000000000,0.000000000000000,0.000000000000000,0.000000000000000,0.000000000000000,0.073594132029340,0.056479217603912,0.053532143730139,0.063554143241261,0.064208678204163,0.059192375219463,0.062816616008105,0.060790273556231,0.060490045941807,0.072741194486983,0.058136582889058,0.067022086824067,0.060885608856088,0.070374275171323,0.056182795698925,0.073118279569892,0.055095632315158,0.075649443334285,0.504156479217604,0.502322170618431,0.506144971156258,0.505572441742654,0.503828483920367,0.505458238131505,0.506589351607802,0.507258064516129,0.509563231515844,0.222070098576123,0.212406015037594,0.200724839698913,0.200167504187605,0.189703413542250,0.196830692243536,0.199768719283030,0.212076583210604,0.221839799749687,0.130073349633252,0.117086286971400,0.123401053423626,0.123606889564336,0.133231240428790,0.125158669713125,0.131259884027411,0.129301075268817,0.130745075649443,0.423754004811058,54.000000000000000,22.882716259797121,0.367248912128376,95.000000000000000,34.888646652195760,0.395459934887426,23.333333333399999,9.227398480732974,0.391914802107272,0.000000000000000,0.000000000000000,0.396178100919473,10.000000000000000,3.961781009194725,0.391889598462175,0.000000000000000,0.000000000000000,0.418401124966352,0.000000000000000,0.000000000000000,0.430179259654162,0.000000000000000,0.000000000000000,0.458509536471713,0.000000000000000,0.000000000000000,3503.000000000000000,50.96,"0",0.000
9.000000000000000,TANAH ABANG,BENDUNGAN HILIR,JAKARTA PUSAT,"8",9.000000000000000,TANAH ABANG,BENDUNGAN HILIR,JAKARTA PUSAT,9.000000000000000,127.347802200000004,199.953820887999996,195.072972346000000,154.515374860000009,127.347802200000004,201.438154223999987,196.808884432000013,176.127799313999986,117.592548725000000,166.637459831999990,0.779898933184000,0.714766984840000,0.755755193711000,0.755755193711000,0.774845592364000,0.690623245368000,0.814710836609000,0.857944974733000,0.905670971364000,0.875912408759000,63.690483338299998,559976.689195999992080,16085.165237699999125,17069.816696300000331,16965.670868900000642,17032.576673200001096,17021.846496999998635,16951.784758599998895,16761.166335199999594,16290.300958200001332,16085.165237699999125,15397.802777200000492,0.113926523664000,0.124353447874000,0.118151282100000,0.120523384557000,0.113009718996000,0.125980544797000,0.131893868502000,0.127631928498000,0.121473690665000,0.124610254946000,926.216804954000054,-0.014064484663100,-0.071660146205700,14.997538732400001,537310.623747000005096,43.079685198100002,43.833464051400000,56.951425494799999,53.421934446199998,45.255932378099999,35.752165020000000,41.119491172899998,50.059339517900000,44.607174929300001,-0.120334852912000,-0.134860973745000,-0.121358151226000,-0.127142553721000,-0.116769283197000,-0.132817173778000,-0.140012479462000,-0.133634084277000,-0.125457530567000,-0.131820201701000,1.000000000000000,39.803721077399999,40.493874706900002,40.740529493499999,40.941021243800002,40.041234608200000,40.108812205000000,39.816216884500001,40.646330902400003,38.892085207400001,0.009260074951560,0.003413558714350,0.005270976959100,0.010900703227300,0.000784749637142,0.005824653330580,0.000103300306478,0.004573481019050,-0.001356674690680,1155.426850589999958,9511.683251019998352,0.002161842817340,2485.046838590000334,0.986940888278000,260.247905994000007,2.407126101400000,0.350439534363000,0.002094277715210,0.000000000000000,5.000000000000000,4.000000000000000,0.000000000000000,6.000000000000000,5.000000000000000,0.000000000000000,0.000000000000000,0.000000000000000,0.000000000000000,15.833333333300001,15.000000000000000,0.000000000000000,22.500000000000000,16.000000000000000,0.000000000000000,0.000000000000000,0.000000000000000,0.064265641177341,0.058904008282798,0.049592618773020,0.066259905502437,0.063739114322772,0.062293866963128,0.066449124888757,0.063445565114209,0.064824812897941,0.073128048553450,0.063754471850876,0.067068348710224,0.064241156185827,0.068038281219730,0.060704755925286,0.070985716528017,0.057675753228120,0.074646443943431,0.500628605235912,0.499944194352468,0.502501389660923,0.503114802729161,0.505119708083554,0.504387121069478,0.505327598899609,0.505454402762518,0.506497233039557,0.237669443083456,0.224895862822016,0.215436845549738,0.213507536041940,0.205314306802805,0.217855067651697,0.227438058967008,0.238900634249471,0.249023744333229,0.123169649460139,0.115852524275457,0.126032981285900,0.129894690002966,0.137952861451391,0.130822820561100,0.132279437405557,0.131690472453303,0.132322197171551,0.399889618137454,0.000000000000000,0.000000000000000,0.362477288811120,79.166666666500006,28.696118697486622,0.395699380260757,60.000000000000000,23.741962815645415,0.407859789435883,0.000000000000000,0.000000000000000,0.433294647226750,135.000000000000000,58.494777375611257,0.422753899760994,80.000000000000000,33.820311980879559,0.442552562692162,0.000000000000000,0.000000000000000,0.453813326126811,0.000000000000000,0.000000000000000,0.472581643742578,0.000000000000000,0.000000000000000,24395.000000000000000,50.65,"9",0.000
10.000000000000000,TANAH ABANG,KARET TENGSIN,JAKARTA PUSAT,"9",10.000000000000000,TANAH ABANG,KARET TENGSIN,JAKARTA PUSAT,10.000000000000000,127.079408853000004,198.664877026999989,193.970096501000000,153.680173940000003,127.079408853000004,200.898837659000009,196.134487446000009,174.843258934999994,117.280085881999995,166.005244325999996,0.626380011621000,0.418361417780000,0.388146426496000,0.460197559558000,0.509006391633000,0.382335851249000,0.514816966880000,0.574665891923000,0.761766414875000,0.651946542708000,123.751821272000001,315768.791691999940667,14850.363703799999712,15544.275342599999931,15423.168122600000061,15801.546355899999980,15917.416506899999149,15997.281808699999601,15991.390106099997865,15693.531808299998374,15648.362088399999266,15048.717691100000593,0.127750754962000,0.160465936080000,0.149457316532000,0.144253179252000,0.135816345163000,0.160596919459000,0.179326869572000,0.174184111903000,0.155925109491000,0.164116017085000,560.170380399999999,-0.014069378749900,-0.067115981955800,16.105487877700000,496103.733212999999523,48.976050039500002,48.114664485299997,63.790652353100000,58.010404179299996,47.602618084400000,37.826238788200001,40.989522102099997,49.211872080600003,51.637128997200001,-0.129427274517000,-0.157508392219000,-0.141963215229000,-0.139452939502000,-0.136407863926000,-0.156657043617000,-0.170629156823000,-0.166857718518000,-0.151286769325000,-0.161449206452000,0.000000000000000,39.704077452900002,40.364796899500000,40.552104952199997,40.693182138600001,40.072865111699997,40.005851819699998,39.691633456900000,40.385723978400001,38.634143714799997,-0.006910582181840,-0.029274444176600,-0.021028450778500,-0.015790186962200,-0.030490056519800,-0.035542112903800,-0.037058762340300,-0.027644032491800,-0.037405729594500,4027.956177630000184,9348.354517129997475,-0.029403062576000,3733.485149869999987,0.972777469497000,183.884411542999999,1.793850438670000,0.195779054755000,0.001297486560650,2.000000000000000,3.000000000000000,1.000000000000000,0.000000000000000,2.000000000000000,1.000000000000000,0.000000000000000,0.000000000000000,0.000000000000000,13.750000000000000,33.333333333299997,10.000000000000000,0.000000000000000,22.500000000000000,50.000000000000000,0.000000000000000,0.000000000000000,0.000000000000000,0.079511476100232,0.040934933670246,0.061842105263158,0.047156196943973,0.076145496727152,0.044784157759549,0.073164713140037,0.046514497223936,0.072717600360110,0.052625117649466,0.072007532339938,0.048632716554773,0.071747382471948,0.048554623951946,0.067101740294511,0.052627175368139,0.065947450843918,0.054898207760571,0.488271214992630,0.487606112054329,0.490347170436656,0.493399136335595,0.493268404468634,0.494146061896185,0.495557502189964,0.495732931726908,0.497650948320863,0.286047064416449,0.272624700296178,0.255922402536840,0.248142850551377,0.241235697940503,0.250684181718664,0.257670996880384,0.264923463453217,0.274244104740319,0.120446409770478,0.108998302207131,0.120929654486701,0.119679210363973,0.125342718009576,0.120640248894711,0.120302006423894,0.119728915662650,0.120845658604489,0.367645247952655,27.500000000000000,10.110244318698015,0.318513413674019,99.999999999899984,31.851341367370001,0.349962912779720,10.000000000000000,3.499629127797202,0.357124284039711,0.000000000000000,0.000000000000000,0.364339899684270,45.000000000000000,16.395295485792154,0.366980261047590,50.000000000000000,18.349013052379512,0.382088518048060,0.000000000000000,0.000000000000000,0.389256331363583,0.000000000000000,0.000000000000000,0.413860634578802,0.000000000000000,0.000000000000000,22988.000000000000000,49.77,"152",0.007
11.000000000000000,TANAH ABANG,PETAMBURAN,JAKARTA PUSAT,"10",11.000000000000000,TANAH ABANG,PETAMBURAN,JAKARTA PUSAT,11.000000000000000,125.267051432000002,196.762025217999991,192.132462185999998,152.631309914000013,125.267051432000002,198.651818676000005,194.728854073999997,173.321889107000004,116.547397955999998,164.404912443000001,0.825780463243000,0.737160120846000,0.745216515609000,0.738167170191000,0.796576032226000,0.713997985901000,0.801611278953000,0.837865055388000,0.917421953676000,0.850956696878000,53.508257403199998,299375.200947000004817,45654.171359899999516,48375.521608199996990,48110.882790199997544,49139.907550199997786,49213.733829899996636,48515.223645099998976,48718.529861499999242,46841.070779499998025,46665.023497200003476,44452.506684300002235,0.104054349581000,0.120517068397000,0.113911448461000,0.117413235565000,0.108987450999000,0.122430259436000,0.123784670638000,0.123797049879000,0.113048458799000,0.123353209483000,317.892544526999984,-0.014759367803800,-0.073104004310100,13.701097876700000,403862.002130999986548,34.530618718200003,31.061464691200001,38.911774600299999,43.672401704599999,36.181411229299997,29.033748346399999,31.616960122599998,40.179409354100002,30.517056313299999,-0.118743719678000,-0.131185341323000,-0.119905931507000,-0.128117666333000,-0.117203633160000,-0.131697176462000,-0.135244822343000,-0.130349496865000,-0.120701203494000,-0.133228846980000,3.000000000000000,41.258504743000003,41.191500344600001,41.499690242699998,42.013328945399998,41.054327415899998,41.296434203899999,40.444846063699998,41.158120042500002,39.786934447800000,0.026043611032600,0.011606465652300,0.014678542757900,0.024800637965500,0.014051552758600,0.018325274769700,0.013786657051100,0.023366120964600,0.014134730984300,3885.789581080000062,8231.971206669999447,0.009742867986270,3259.594485980000172,0.980745518638000,132.230928306000010,2.447097028540000,0.313822506397000,0.003790125199860,1.000000000000000,0.000000000000000,2.000000000000000,0.000000000000000,1.000000000000000,3.000000000000000,0.000000000000000,1.000000000000000,0.000000000000000,15.000000000000000,0.000000000000000,20.000000000000000,0.000000000000000,15.000000000000000,16.666666666699999,0.000000000000000,12.500000000000000,0.000000000000000,0.082034184823441,0.036579639368896,0.064496328997380,0.041880119927288,0.078631688431758,0.041442274355715,0.078513731825525,0.043572582506347,0.077279644153108,0.046072808147021,0.075628293001352,0.044085419872243,0.076040833151475,0.044785528963895,0.072603806649467,0.050576838825877,0.068296795952782,0.050666871071593,0.485396318557476,0.485020892844496,0.487807696752571,0.489891530117701,0.489827929298841,0.488086911922413,0.490337285710822,0.490069610086161,0.489038785834739,0.305943262789891,0.297160270050175,0.293114702733753,0.267991757310170,0.256955249070436,0.264485736718137,0.266435797453167,0.279811516042926,0.287564766839378,0.118613824192337,0.106376448924668,0.120073962787473,0.122086314331872,0.123352452300129,0.119713712873595,0.120826362115370,0.123180645475344,0.118963667024375,0.366007445374566,15.000000000000000,5.490111680618486,0.321408676801620,0.000000000000000,0.000000000000000,0.371238600917329,40.000000000000000,14.849544036693167,0.363001597678765,0.000000000000000,0.000000000000000,0.354406033889846,15.000000000000000,5.316090508347690,0.341826347050294,50.000000000100002,17.091317352548902,0.360696463730615,0.000000000000000,0.000000000000000,0.379498590817246,12.500000000000000,4.743732385215572,0.369950990082984,0.000000000000000,0.000000000000000,39138.000000000000000,48.90,"235",0.006
12.000000000000000,TANAH ABANG,KEBON MELATI,JAKARTA PUSAT,"11",12.000000000000000,TANAH ABANG,KEBON MELATI,JAKARTA PUSAT,12.000000000000000,125.311719718000006,195.764697162999994,191.322041946000013,151.959682415999993,125.311719718000006,198.492158114000006,194.262311688000011,172.255519840000005,116.364777700000005,164.041261843999990,0.738548273432000,0.656800563777000,0.625088090204000,0.711768851304000,0.738548273432000,0.646229739253000,0.785059901339000,0.835799859056000,0.887949260042000,0.853417899930000,74.683645290000001,418280.003642999974545,30376.020884699999442,32674.609971199999563,32586.020164699999441,32463.418200399999478,32545.680163499997434,32888.965663700000732,32443.643690000000788,31678.765628500001185,31352.881697400000121,29660.974589299999934,0.096899840942000,0.118761887627000,0.109869474520000,0.102715290281000,0.095134812012700,0.110323791154000,0.110750127558000,0.112844594556000,0.106287028530000,0.114652958255000,432.634400642999992,-0.015397758424400,-0.062939041560500,17.171581704499999,1022313.248050000052899,44.450047679400001,38.358880866100002,54.582287052399998,54.668688323799998,44.497828501299999,36.443227660500000,38.034893396400001,44.739551955000003,39.160290050100002,-0.104354400507000,-0.122297684784000,-0.111618342051000,-0.106837737891000,-0.102340562655000,-0.116096924291000,-0.116010080964000,-0.115206005035000,-0.110864337663000,-0.119269435536000,1.000000000000000,40.564680347100001,40.957405550200001,41.142494925400001,41.579192298999999,40.612065972300002,40.891466505300002,40.163153527299997,40.765245456700001,39.321758428099997,0.008935116355060,-0.009666842799790,0.004195701602170,0.009980093697870,-0.000741797680119,0.002357096160740,0.000615931297295,0.005079020644550,-0.003011955394520,72530.385618400003295,8238.967251120000583,-0.004794970427890,2964.985348870000053,0.989299436332000,143.665218543999998,2.032160637460000,0.279545696125000,0.002439387712830,1.000000000000000,0.000000000000000,0.000000000000000,0.000000000000000,0.000000000000000,0.000000000000000,0.000000000000000,0.000000000000000,0.000000000000000,20.000000000000000,0.000000000000000,0.000000000000000,0.000000000000000,0.000000000000000,0.000000000000000,0.000000000000000,0.000000000000000,0.000000000000000,0.081652908567140,0.037183180420732,0.063184212442654,0.043134208801612,0.078115101603236,0.043053457433848,0.079035629222768,0.044572984008166,0.077272727272727,0.050120250120250,0.076748665187605,0.046858619596752,0.079475655430712,0.047665418227216,0.076239971744286,0.053408345527020,0.072321928584762,0.054401450705352,0.485995787842843,0.483506080539845,0.489498562448224,0.489792446410344,0.489706589706590,0.489114269693054,0.491610486891386,0.493566779353146,0.493479826128697,0.296018876725108,0.281324131981885,0.271272346638019,0.256943490563446,0.255915839575953,0.263403007971947,0.273652458276951,0.282098625156232,0.288593815419583,0.118836088987872,0.106318421244266,0.121168559037084,0.123608613230934,0.127392977392977,0.123607284784357,0.127141073657928,0.129648317271306,0.126723379290114,0.359834127990634,20.000000000000000,7.196682559812682,0.295275473614693,0.000000000000000,0.000000000000000,0.361566816773302,0.000000000000000,0.000000000000000,0.354867569440550,0.000000000000000,0.000000000000000,0.363476982540665,0.000000000000000,0.000000000000000,0.357505058252922,0.000000000000000,0.000000000000000,0.393162988510286,0.000000000000000,0.000000000000000,0.420835878953814,0.000000000000000,0.000000000000000,0.419245134026615,0.000000000000000,0.000000000000000,37499.000000000000000,49.35,"10",0.000
13.000000000000000,TANAH ABANG,KEBON KACANG,JAKARTA PUSAT,"12",13.000000000000000,TANAH ABANG,KEBON KACANG,JAKARTA PUSAT,13.000000000000000,124.199740457999994,193.781164149999995,189.517531719000004,150.784115867999986,124.199740457999994,196.925367813000008,193.028581199999991,170.457665195000004,115.793881016000000,162.763723392000003,0.906519065191000,0.857318573186000,0.857318573186000,0.888068880689000,0.904059040590000,0.854858548585000,0.927429274293000,0.942189421894000,0.955719557196000,0.958179581796000,52.578408562100002,301234.991532000014558,35831.765406600003189,37212.193245199996454,37125.226291300001321,37520.028653199995460,37674.636571100003493,37463.431111799996870,37399.931431199998769,36261.078464400001394,36002.938458600001468,34786.781532799999695,0.085537339021100,0.101267087215000,0.091079811754600,0.087238822476000,0.078417052399200,0.091050348962900,0.091226955819600,0.090438420922100,0.085188235446100,0.090270925340700,1001.172065439999983,-0.016118182005500,-0.069758346349200,20.064192451899999,483031.882056000002194,46.258983745599998,35.739847977200000,49.217334365799999,55.126158208800000,44.628205909700000,40.646559135899999,41.463246865300000,48.315044212300002,33.655633337499999,-0.098738611943900,-0.108934146218000,-0.098041295611200,-0.095349452495800,-0.093228621323600,-0.102933866922000,-0.105250196557000,-0.101296773022000,-0.097126246245500,-0.102026474299000,0.000000000000000,40.588503532399997,41.040957779899998,40.976877031299999,41.579496579199997,40.673222680099997,40.894894151700001,40.331514811500000,40.736731100100002,39.403060903499998,0.029184318835400,0.015480174404500,0.024648235881000,0.032839595992900,0.024256456272400,0.032370632077900,0.030039009281500,0.032686857424000,0.026604677666600,0.000000000000000,7502.911610090000067,0.017763976350200,2930.868043810000017,0.968776677879000,135.012326515000012,1.904997933320000,0.398542948352000,0.002831257601200,0.000000000000000,0.000000000000000,0.000000000000000,0.000000000000000,0.000000000000000,0.000000000000000,0.000000000000000,0.000000000000000,0.000000000000000,0.000000000000000,0.000000000000000,0.000000000000000,0.000000000000000,0.000000000000000,0.000000000000000,0.000000000000000,0.000000000000000,0.000000000000000,0.072782579663909,0.058871536150165,0.056220718375846,0.067115341711906,0.072222222222222,0.065710080941869,0.071705994430602,0.066503004543456,0.071446995099303,0.073215667489591,0.069427527405603,0.069870446240726,0.070504035328156,0.069666514390132,0.067367048809478,0.073693493347648,0.065079365079365,0.076071428571428,0.490225173424342,0.489402840782331,0.492236938925681,0.493917631540378,0.496112605475515,0.497397851843650,0.500685244403837,0.500019171044055,0.499682539682540,0.252839260548786,0.241522660580372,0.232029902242668,0.224289511347373,0.213154539097528,0.227552780744270,0.235371438263229,0.244826705271225,0.254153846153846,0.131654115814074,0.123336060087752,0.137932303164091,0.138208998974058,0.144662662588894,0.139297973646329,0.140170549718288,0.141060542157126,0.141150793650793,0.374925579975743,0.000000000000000,0.000000000000000,0.335498536228463,0.000000000000000,0.000000000000000,0.382308321979587,0.000000000000000,0.000000000000000,0.385218326774558,0.000000000000000,0.000000000000000,0.404388807172700,0.000000000000000,0.000000000000000,0.412955897021300,0.000000000000000,0.000000000000000,0.443723564963109,0.000000000000000,0.000000000000000,0.451997372694300,0.000000000000000,0.000000000000000,0.459998702562414,0.000000000000000,0.000000000000000,25200.000000000000000,49.97,"153",0.006
14.000000000000000,TANAH ABANG,KAMPUNG BALI,JAKARTA PUSAT,"13",14.000000000000000,TANAH ABANG,KAMPUNG BALI,JAKARTA PUSAT,14.000000000000000,123.380749077999994,192.568896673000012,188.382511486999988,150.087573657000007,123.380749077999994,195.814817489999996,192.276988182999986,169.391751626000001,115.437047332000006,161.927005476000005,0.790697674419000,0.752753977968000,0.730722154223000,0.761321909425000,0.809057527540000,0.718482252142000,0.829865361077000,0.895960832313000,0.927784577723000,0.902080783354000,108.256784968999995,272548.004806999990251,19878.355424400000629,20649.474781400000211,20608.164815799998905,20407.122983500001283,20283.193086800001765,20448.432948999998189,19222.903970899998967,18797.411325699998997,18293.429746000001614,17151.897697899999912,0.092270376970100,0.100563163690000,0.104004832958000,0.099341516356800,0.088908043134900,0.102672623372000,0.106345825422000,0.106260675096000,0.100763576769000,0.107221956430000,931.332766369999945,-0.016390039353800,-0.074111312676100,19.836345256400001,856926.516145000001416,43.008545486999999,33.335425781900000,45.029210870100002,52.088888879499997,44.347365781999997,40.531579208399997,41.218297313199997,48.530345394000001,36.082640770300003,-0.101526412718000,-0.105607887493000,-0.110329943886000,-0.107665902380000,-0.099991169481100,-0.111202318960000,-0.117697241256000,-0.110709400284000,-0.107380182504000,-0.113454309503000,0.000000000000000,40.620194635300003,41.045474450400000,40.923083882299998,41.504868420299999,40.733440724099999,40.869219881200003,40.495327090000004,40.701028249300002,39.341300794799999,0.015773908567200,0.000913410414622,0.012055588014100,0.020121565617600,0.009569568455720,0.012526478258900,0.012465149905700,0.013376251828100,0.006375763188470,0.000000000000000,6930.342137169999660,0.009642938700990,3234.033023649999905,0.988255251091000,126.049290322999994,1.743820436700000,0.359258499186000,0.001923667638580,0.000000000000000,0.000000000000000,1.000000000000000,0.000000000000000,1.000000000000000,0.000000000000000,2.000000000000000,0.000000000000000,0.000000000000000,0.000000000000000,0.000000000000000,10.000000000000000,0.000000000000000,15.000000000000000,0.000000000000000,20.000000000000000,0.000000000000000,0.000000000000000,0.070285409442518,0.058949053080821,0.055258586128558,0.066550848590138,0.069095816464238,0.064507422402159,0.067752885268160,0.066055668703327,0.065387205387205,0.076767676767677,0.065687679083095,0.070702005730659,0.065343198300491,0.072155886015677,0.059616108392924,0.078434324426044,0.059890815671162,0.080603725112396,0.495398773006135,0.495055459040492,0.500337381916329,0.499864222674813,0.497037037037037,0.497707736389685,0.500183136766537,0.502295822356041,0.501685934489403,0.279988123515439,0.272242512783053,0.266151421925415,0.246569144925351,0.239967239967240,0.243892766497462,0.245017015070491,0.249565433325056,0.255731922398589,0.129234462523339,0.121809434718696,0.133603238866397,0.133808553971487,0.142154882154882,0.136389684813754,0.137499084316168,0.138050432818968,0.140494540783558,0.428739471925578,0.000000000000000,0.000000000000000,0.398424942799803,0.000000000000000,0.000000000000000,0.456273888391542,10.000000000000000,4.562738883915424,0.433299398513515,0.000000000000000,0.000000000000000,0.431531152767895,15.000000000000000,6.472967291518432,0.424214662541247,0.000000000000000,0.000000000000000,0.443587339303210,40.000000000000000,17.743493572128404,0.462833430024344,0.000000000000000,0.000000000000000,0.472184704843714,0.000000000000000,0.000000000000000,12456.000000000000000,50.17,"10",0.001
15.000000000000000,JOHAR BARU,JOHAR BARU,JAKARTA PUSAT,"14",15.000000000000000,JOHAR BARU,JOHAR BARU,JAKARTA PUSAT,15.000000000000000,124.117252022000002,190.560335557000002,186.544525369000013,148.409584373000001,124.117252022000002,196.038071018000011,191.996490034000004,167.016694226999988,115.479992304999996,161.743394009000014,0.969719909160000,0.909916729750000,0.912944738834000,0.955336866011000,0.971990915973000,0.900832702498000,0.931112793338000,0.963663890992000,0.981074943225000,0.965934897805000,50.211993952599997,566791.470332000055350,37873.294290799989540,39098.433249299996532,38888.116303100003279,39677.232324499993410,39940.555980600001931,40223.543416200001957,39658.423491900000954,38479.451668000001519,38538.443006599998625,36285.657831800002896,0.090931307910800,0.106704957998000,0.093437044165700,0.094302505426800,0.086568817843200,0.099022257616200,0.101953412339000,0.097345270591500,0.095119665191400,0.097946114776100,1689.730338229999916,-0.018054150922000,-0.067266178192000,16.044547973800000,16286.033953300000576,30.368643691900001,25.173472606299999,31.812347107899999,37.122751850299998,31.193102255900001,30.253952065899998,23.811221176899998,37.813647861100002,27.045238620700001,-0.112604047387000,-0.130446336611000,-0.110394556197000,-0.112499805081000,-0.102529475822000,-0.118374124530000,-0.125314261606000,-0.115911691377000,-0.116144599228000,-0.118157624885000,0.000000000000000,41.614318651700003,42.104092296600001,42.351311487700002,42.848537172999997,42.498450618600003,42.379177154899999,41.550128354599998,42.011482314799999,40.179992213600002,0.046835806683200,0.033464547046800,0.049874036680100,0.049398862558900,0.044021500658200,0.049888535169200,0.042762739487500,0.045679786261400,0.042677283734600,0.000000000000000,7037.221968869999728,0.041275912250200,2604.042304250000598,0.981519636069000,198.214578028999995,2.318383863420000,0.489860309000000,0.005151750963970,1.000000000000000,0.000000000000000,0.000000000000000,1.000000000000000,5.000000000000000,0.000000000000000,0.000000000000000,0.000000000000000,0.000000000000000,20.000000000000000,0.000000000000000,0.000000000000000,40.000000000000000,22.000000000000000,0.000000000000000,0.000000000000000,0.000000000000000,0.000000000000000,0.072815533980583,0.049790081343479,0.055731433847777,0.057248384118190,0.069383093796462,0.057941347583443,0.070145771346619,0.060855791253719,0.067611800714164,0.064997449413365,0.066979972837217,0.061288723133637,0.068032349804479,0.060878066121578,0.063269516604920,0.065199547441045,0.058526930870364,0.069412374534659,0.500043733053442,0.500549619663193,0.500829580469305,0.500610056296423,0.499426118007142,0.501606053420139,0.503754888019908,0.502606650841893,0.502120540973564,0.272947628724628,0.260119234389708,0.254240541253809,0.236995734743965,0.228036678217005,0.234081681394793,0.239812646370023,0.252114022402510,0.261494698732868,0.122605615324062,0.112979817965967,0.127324441379905,0.131001562600338,0.132609250127529,0.128268695970854,0.128910415926057,0.128469064045965,0.127939305405023,0.431933314329237,20.000000000000000,8.638666286584748,0.395534783380367,0.000000000000000,0.000000000000000,0.429795443554242,0.000000000000000,0.000000000000000,0.420214315531330,40.000000000000000,16.808572621253205,0.407852939352556,110.000000000000000,44.863823328781173,0.415878686112703,0.000000000000000,0.000000000000000,0.436836175205098,0.000000000000000,0.000000000000000,0.441553349514555,0.000000000000000,0.000000000000000,0.447019449801620,0.000000000000000,0.000000000000000,42442.000000000000000,50.21,"419",0.010
16.000000000000000,JOHAR BARU,KAMPUNG RAWA,JAKARTA PUSAT,"15",16.000000000000000,JOHAR BARU,KAMPUNG RAWA,JAKARTA PUSAT,16.000000000000000,123.081936640999999,189.003297392999997,185.144308526000003,147.547063764999990,123.081936640999999,194.661695033000001,190.972948929000012,165.641100150999989,115.007716895000002,160.651485318999988,1.000000000000000,1.000000000000000,0.997032640950000,1.000000000000000,1.000000000000000,1.000000000000000,1.000000000000000,1.000000000000000,1.000000000000000,1.000000000000000,46.640241854199999,171790.335699999995995,86165.525417900003958,90336.473631000000751,89634.171678900005645,90132.047710700004245,90775.000202099996386,90415.606245400005719,89597.902564000003622,87161.277481399985845,87138.197135599999456,83468.422146500000963,0.069283188107900,0.076974283030500,0.070476065823700,0.067552277768600,0.063187065846600,0.069836997744900,0.068259316112400,0.068912836836300,0.065415253835100,0.067278903077200,1929.594458690000238,-0.019161964200600,-0.069516448557000,24.405825703200001,4229.325884529999712,30.338788590000000,25.586844441400000,32.063050538900001,37.612036481499999,32.911745711000002,31.635070738500001,23.895064679400001,38.592209779199997,27.283423234200001,-0.092308335625300,-0.104101766133000,-0.091226128800500,-0.087874385188300,-0.082985724281000,-0.090726572920700,-0.094215770393000,-0.087081579607600,-0.085895841991000,-0.089207424563900,0.000000000000000,41.736666399199997,42.254536739099997,42.397103420000001,43.002371915399998,42.625986308700000,42.427289538300002,41.535786920200003,42.053868619200003,40.236760555499998,0.057890145548200,0.043137956777500,0.063667731510200,0.058477214045600,0.064036504230800,0.070011715871700,0.062088880531100,0.067217199680400,0.064188283519900,0.000000000000000,6331.953731139999945,0.061050947714800,3045.199606419999782,0.976091269886000,127.076422796000003,2.002895230980000,0.535254606597000,0.009317869485770,0.000000000000000,1.000000000000000,0.000000000000000,0.000000000000000,0.000000000000000,0.000000000000000,0.000000000000000,0.000000000000000,0.000000000000000,0.000000000000000,15.000000000000000,0.000000000000000,0.000000000000000,0.000000000000000,0.000000000000000,0.000000000000000,0.000000000000000,0.000000000000000,0.077304912767355,0.039345937659683,0.061467721169763,0.044951259885967,0.076053555750658,0.043276265730173,0.075587519523446,0.043369292797210,0.075778571949529,0.050470425206039,0.073930963420917,0.045411054684625,0.073009268015888,0.046377908076414,0.069623126986529,0.049909187225670,0.064349200079005,0.052933043650010,0.487298342944741,0.486702225491999,0.491147205150717,0.492644655116051,0.492888921304062,0.493192021785530,0.493701532059769,0.493529589828969,0.491526762788860,0.326935776787188,0.308621390809272,0.306794360639566,0.279910075618230,0.277632225315212,0.288832152857849,0.294649297746849,0.306827309236948,0.316308636562911,0.116650850427038,0.106418981055730,0.119329821480831,0.118956812320656,0.126248997155568,0.119342018105542,0.119387176092302,0.119532314212199,0.117282243729015,0.394490882004359,0.000000000000000,0.000000000000000,0.343914120857246,15.000000000000000,5.158711812858698,0.404133636093549,0.000000000000000,0.000000000000000,0.384001486442639,0.000000000000000,0.000000000000000,0.402792278806736,0.000000000000000,0.000000000000000,0.397798227527047,0.000000000000000,0.000000000000000,0.407174168067760,0.000000000000000,0.000000000000000,0.419337147486713,0.000000000000000,0.000000000000000,0.410955044412688,0.000000000000000,0.000000000000000,25315.000000000000000,49.15,"20",0.001
17.000000000000000,JOHAR BARU,GALUR,JAKARTA PUSAT,"16",17.000000000000000,JOHAR BARU,GALUR,JAKARTA PUSAT,17.000000000000000,122.583468775000000,188.223506127999997,184.434978053000009,147.106192781999994,122.583468775000000,193.985211716000009,190.491685533000009,164.942902083000007,114.793410154000000,160.127112791999991,0.986710963455000,0.986710963455000,0.986710963455000,0.986710963455000,0.990033222591000,0.976744186047000,0.993355481728000,0.993355481728000,0.996677740864000,0.993355481728000,45.135475466800003,152736.120851000014227,82491.428879300001427,87059.297135999993770,86332.335329800000181,87122.999974699996528,87527.700361700000940,87033.066555400000652,85841.448749300005147,82480.187201799999457,82648.812363100005314,79677.262299399997573,0.071722660288000,0.081333766038500,0.073575974030600,0.067787276067300,0.062676512583600,0.071223158178900,0.069121590787600,0.069123471421900,0.064905564885500,0.068581592502000,2144.941918170000008,-0.020612442489500,-0.073685683510700,23.497440694900000,1573.780765519999932,31.014672597200001,26.533828158599999,33.177498158699997,38.388238546399997,34.224180699999998,32.540908289100003,24.625218080100002,38.616914899900003,27.410231580400001,-0.087435771027400,-0.102009582881000,-0.093667199457700,-0.084853031137300,-0.082865686784000,-0.089633595879100,-0.092504161215100,-0.085064549432200,-0.081602111830100,-0.086776655971800,0.000000000000000,41.635746657600002,42.279439749200002,42.327487211499999,42.995037275500003,42.608183844400003,42.327272080900002,41.487517209400004,42.030546273600002,40.208293954100000,0.053949943792000,0.030311642311700,0.058373246910100,0.058716768749300,0.062584592857100,0.067083287679400,0.059374668817600,0.063243810446400,0.061676525206900,0.000000000000000,5970.581815759999699,0.055191167587700,3028.930810180000208,0.989690867441000,124.731791560999994,2.416901848000000,0.540562720649000,0.008090261226970,0.000000000000000,0.000000000000000,0.000000000000000,0.000000000000000,0.000000000000000,0.000000000000000,0.000000000000000,0.000000000000000,0.000000000000000,0.000000000000000,0.000000000000000,0.000000000000000,0.000000000000000,0.000000000000000,0.000000000000000,0.000000000000000,0.000000000000000,0.000000000000000,0.078035552877373,0.040287522059140,0.061113763618212,0.045922132036981,0.075483870967742,0.041935483870968,0.074278619744841,0.043796557924480,0.071342461035047,0.048523206751055,0.070804958966300,0.045660904487515,0.073054381899959,0.047067375403207,0.070230322814654,0.051595937613348,0.064337111414194,0.053943469877252,0.480222097878018,0.479925343981944,0.482924731182796,0.484844592858978,0.486351502626367,0.484983411908504,0.488483031211667,0.486896989481320,0.485020928373231,0.323409619860357,0.311104709779634,0.303781532949208,0.286394002018551,0.308403563688900,0.320440374123149,0.324642984194745,0.337259858442872,0.346638218151540,0.118323074936513,0.107035895655193,0.117419354838710,0.118075177669321,0.119865667786102,0.116465863453815,0.120121757303166,0.121826260428002,0.118280581291446,0.351861538744893,0.000000000000000,0.000000000000000,0.306601963087603,0.000000000000000,0.000000000000000,0.345335743938761,0.000000000000000,0.000000000000000,0.340576641206830,0.000000000000000,0.000000000000000,0.377841523227110,0.000000000000000,0.000000000000000,0.372942122361201,0.000000000000000,0.000000000000000,0.408719429083273,0.000000000000000,0.000000000000000,0.416876191347050,0.000000000000000,0.000000000000000,0.405665205423960,0.000000000000000,0.000000000000000,21263.000000000000000,48.50,"50",0.002
18.000000000000000,JOHAR BARU,TANAH TINGGI,JAKARTA PUSAT,"17",18.000000000000000,JOHAR BARU,TANAH TINGGI,JAKARTA PUSAT,18.000000000000000,122.907736878999998,189.094977916999994,185.263759601999993,147.683754316999995,122.907736878999998,194.525917141000008,190.843411704999994,165.803062723000011,114.927336061999995,160.551534264999987,0.974504249292000,0.980169971671000,0.956090651558000,0.977337110482000,0.983002832861000,0.968838526912000,0.994334277620000,0.998583569405000,0.998583569405000,0.997167138810000,42.893815635899998,318298.996066999970935,72732.672279799997341,75853.310510600000271,75445.924795700004324,76410.283167899993714,76682.404094699988491,77123.208169100005762,76754.014864900003886,74728.225743100003456,74647.066870199996629,71976.780816400001640,0.079539328892700,0.092008664760800,0.086378911895300,0.082437545762900,0.076342585884400,0.083924326897900,0.085602819676900,0.081165030334800,0.079373228688200,0.083279461560300,1400.517736490000061,-0.021574503396900,-0.069102314706000,19.095921750100000,47656.052731199997652,35.787331643999998,29.709781067400002,36.091367426399998,42.772302704099999,39.007195524600000,37.230462295599999,26.516935293900001,43.786824398500002,30.988762284400000,-0.095526005175700,-0.112595197410000,-0.098897925654600,-0.094951583146400,-0.092316274998200,-0.099822747191300,-0.105366180210000,-0.096014685121500,-0.094527939978300,-0.100094645741000,0.000000000000000,41.586029484500003,41.991228054499999,42.181390811500002,42.891301682500000,42.475361657299999,42.006117643099998,41.355875605500003,41.961051536500001,39.957847409400003,0.046589889574400,0.034271890402800,0.045191937961500,0.046767594544100,0.048244760372800,0.051386892834100,0.052758531278700,0.051251073052200,0.048570244701300,0.000000000000000,6184.681670869999834,0.044476386891000,2774.576498620000166,0.988175172240000,122.132328251000004,1.894324443570000,0.481002873583000,0.006554771450380,0.000000000000000,0.000000000000000,0.000000000000000,0.000000000000000,1.000000000000000,0.000000000000000,1.000000000000000,0.000000000000000,0.000000000000000,0.000000000000000,0.000000000000000,0.000000000000000,0.000000000000000,30.000000000000000,0.000000000000000,15.000000000000000,0.000000000000000,0.000000000000000,0.076469600973440,0.040993580329795,0.059565492512128,0.047268508753428,0.074850049983339,0.046817727424192,0.073650569655716,0.048125012970303,0.070712281280951,0.057093925387917,0.071114612705258,0.050879084425278,0.072914670244256,0.051640793032220,0.069860151786476,0.055129189050908,0.066858279902719,0.058257793499889,0.487559266563169,0.487386627293820,0.490024158613795,0.490692510428124,0.490240178276659,0.490753027035993,0.492557337251645,0.492602541144368,0.491974353305328,0.353560634680771,0.337461588602291,0.328464253161007,0.302933792077366,0.295296147211041,0.299914448888992,0.298755780140154,0.311645708037179,0.322441369836130,0.117463181303235,0.106834001265556,0.121667777407531,0.121775582626019,0.127806206668868,0.121993697130536,0.124555463276476,0.124989340837384,0.125116073402608,0.426328193200959,0.000000000000000,0.000000000000000,0.379611002560784,0.000000000000000,0.000000000000000,0.426377545783731,0.000000000000000,0.000000000000000,0.403880978011231,0.000000000000000,0.000000000000000,0.409344674556022,30.000000000000000,12.280340236680654,0.401661271087271,0.000000000000000,0.000000000000000,0.418432383193598,15.000000000000000,6.276485747903968,0.433457597650097,0.000000000000000,0.000000000000000,0.441314696117424,0.000000000000000,0.000000000000000,45230.000000000000000,49.20,"10",0.000
19.000000000000000,PENJARINGAN,PENJARINGAN,JAKARTA UTARA,"18",19.000000000000000,PENJARINGAN,PENJARINGAN,JAKARTA UTARA,19.000000000000000,114.360187171999996,177.928646207000014,174.594854520000013,141.644984475000001,114.360187171999996,182.512239900999987,182.309294045999991,155.842629477000003,110.745904414999998,151.745700147999997,0.859433040078000,0.805865102639000,0.791593352884000,0.844965786901000,0.874486803519000,0.815444770283000,0.880547409580000,0.918279569892000,0.939784946237000,0.935679374389000,91.632899246099996,1656992.551449999911711,25925.189668899998651,23243.675094199999876,23108.313873300001433,23642.067778199998429,24052.326543399998627,24635.522452699999121,25072.370029099998646,25151.916720599998371,25271.017015500001435,24741.218470899999375,0.069635093324700,0.077731962755000,0.073951310745800,0.071894490722800,0.064417722776400,0.079400264103800,0.083543723709100,0.084879247447400,0.078491057109900,0.081589171602900,1035.928995100000066,-0.017810608787200,-0.106511892753000,23.574524044699999,853331.809104999992996,26.463257296700000,20.691067426499998,25.931425274900000,32.768379709400001,26.283922620100000,26.831405710100000,23.109947893299999,29.489194088300000,23.380403992900000,-0.075073472995900,-0.084327133273400,-0.080635728706200,-0.076686953755000,-0.074247308325600,-0.083452432725100,-0.091625278929400,-0.088704348542800,-0.083492823383600,-0.088736122207600,2.000000000000000,36.751895846700002,36.780602305499997,36.851049892299997,37.199453203799997,36.905263472500003,37.174417857100003,36.719931861399999,37.198950908900002,35.872849593700003,0.032283488283000,0.022333944206400,0.029419254124900,0.033092796094300,0.028302377368000,0.027156786518600,0.023198776850800,0.026770100799900,0.025143111197900,17206.174968300001638,1019.627100810000002,0.025853160009200,3040.842643420000059,0.988006408416000,534.062844535999943,3.885242284210000,0.358246504861000,0.001577528396280,0.000000000000000,2.000000000000000,4.000000000000000,1.000000000000000,2.000000000000000,3.000000000000000,0.000000000000000,6.000000000000000,2.000000000000000,0.000000000000000,15.000000000000000,10.000000000000000,15.000000000000000,15.000000000000000,25.000000000000000,0.000000000000000,34.583333333299997,35.000000000000000,0.084640328237708,0.027567429592444,0.064700792118751,0.028879527581518,0.082563435263500,0.031053071846826,0.075783184264140,0.034351389129978,0.077860334846714,0.034225009142725,0.077388934171202,0.035670777132140,0.076052105083828,0.038344938450651,0.072806796344443,0.042190203733816,0.069676353559756,0.045376225664346,0.478988816094236,0.479626477496410,0.481513151779905,0.481970088710635,0.483538635816289,0.484044557796300,0.485615187705856,0.486213403128614,0.486171308796362,0.319981474700041,0.312397411866866,0.302803324800101,0.281885131243314,0.285505625900295,0.300110632581295,0.314706634409237,0.327396833433952,0.338935712941596,0.112207757830152,0.093580319700269,0.113616507110326,0.110134573394118,0.112085343989439,0.113059711303342,0.114397043534479,0.114997000078259,0.115052579224102,0.324168654821427,0.000000000000000,0.000000000000000,0.269795766244953,30.000000000000000,8.093872987348599,0.325373165156163,40.000000000000000,13.014926606246505,0.296743662527755,15.000000000000000,4.451154937916329,0.315451532951601,30.000000000000000,9.463545988548042,0.336570279848589,75.000000000000000,25.242770988644171,0.365194346566094,0.000000000000000,0.000000000000000,0.383851794324777,207.499999999799968,79.649247322314437,0.395896731627147,70.000000000000000,27.712771213900311,112592.000000000000000,48.62,"232",0.002
20.000000000000000,PENJARINGAN,KAMAL MUARA,JAKARTA UTARA,"19",20.000000000000000,PENJARINGAN,KAMAL MUARA,JAKARTA UTARA,20.000000000000000,112.719465092999997,178.695003114000002,174.368478259999989,142.326458136000014,112.719465092999997,179.661298186000010,179.778196452000003,157.842645137999995,109.858279847000006,151.535773909999989,0.458181611288000,0.401797906236000,0.416875284479000,0.421995903505000,0.464667728721000,0.365327719618000,0.424271734183000,0.486117432863000,0.598031406463000,0.552059626764000,214.076291480999998,2083121.222079999977723,826.742384063000031,875.679085070000042,872.992364230000021,943.294892866000055,984.619218159999946,1034.003705970000055,1078.910325719999946,1133.540316119999943,1175.888154120000081,1218.108053030000065,0.107011652230000,0.124512057656000,0.129723302481000,0.126799713424000,0.116652524749000,0.139768851006000,0.157179991655000,0.153531133700000,0.146694957840000,0.157054048219000,3452.562357429999793,-0.041001202802400,-0.103537738771000,39.640136205600001,3541606.077779999934137,15.628512919400000,12.287499554500000,17.308047457099999,22.208356566599999,21.671633523200001,23.854728228300001,23.067746094600000,34.752710327999999,31.148635945999999,-0.101846730880000,-0.117210280049000,-0.123304376827000,-0.119356463613000,-0.117606019281000,-0.132923145166000,-0.148859758909000,-0.141007317387000,-0.136400302088000,-0.147391352371000,4.000000000000000,34.716711591399999,35.641646839000003,35.713637159500003,36.220364158199999,35.586648837500000,35.866692886700001,35.593984038300000,36.125403969600001,34.657732880499999,-0.027864509520800,-0.044861071722300,-0.038101771153700,-0.032681556834600,-0.050571896789900,-0.061636692093100,-0.057499090790700,-0.050325784745300,-0.058577365793800,36380.317586199998914,377.944377745999986,-0.045302529949200,2208.832658010000159,0.982468020172000,878.918231829999968,3.358700480020000,0.130648748874000,0.000371534154884,0.000000000000000,0.000000000000000,1.000000000000000,1.000000000000000,0.000000000000000,1.000000000000000,3.000000000000000,1.000000000000000,3.000000000000000,0.000000000000000,0.000000000000000,20.000000000000000,7.500000000000000,0.000000000000000,10.000000000000000,10.000000000000000,35.000000000000000,48.333333333299997,0.092117758784425,0.040397399371758,0.067194255147651,0.042060526122957,0.083887155838872,0.044283195442832,0.079521829521829,0.047102390852391,0.081724820588963,0.048502845830240,0.080398434720740,0.048974267757619,0.077370203160271,0.051128668171557,0.076215863344576,0.051844195408552,0.072944018485453,0.056874277911984,0.491489517130543,0.491902982340441,0.491116234911162,0.491619022869023,0.492514229151200,0.493478003083126,0.496839729119639,0.498367968664998,0.497689318348913,0.377128953771290,0.363868102952060,0.348867764123966,0.330338733431517,0.318711398090960,0.320847014675333,0.321296884933249,0.319268292682927,0.322859156584048,0.132515158156183,0.109254781270608,0.128170351281704,0.126624220374220,0.130227666419203,0.129372702478359,0.128498871331828,0.128060058753128,0.129818296397437,0.515917543122527,0.000000000000000,0.000000000000000,0.441679522993879,0.000000000000000,0.000000000000000,0.472128606748043,20.000000000000000,9.442572134960866,0.451524031396656,7.500000000000000,3.386430235474920,0.454502235127076,0.000000000000000,0.000000000000000,0.460358157075024,10.000000000000000,4.603581570750238,0.479105210112907,30.000000000000000,14.373156303387198,0.485163372102466,35.000000000000000,16.980718023586295,0.489527839339876,144.999999999900012,70.981536704233093,19042.000000000000000,49.77,"26",0.001
21.000000000000000,PENJARINGAN,KAPUK MUARA,JAKARTA UTARA,"20",21.000000000000000,PENJARINGAN,KAPUK MUARA,JAKARTA UTARA,21.000000000000000,114.500656132000003,181.022295390000011,176.833667706000000,143.736426604999991,114.500656132000003,182.827255137999998,182.880147090000008,159.551534882999988,111.118895378999994,153.302485523000001,0.339736127280000,0.249029879705000,0.262320527745000,0.309759410167000,0.413853317811000,0.261738455568000,0.361854870004000,0.450523864959000,0.587407838572000,0.580616996508000,76.340552486199996,2175941.727680000010878,3990.079923260000214,4215.086892780000198,4243.581225160000031,4592.063635010000326,4742.504976100000022,4854.408005579999553,4970.022940429999835,5116.861549840000407,5189.898746640000354,5189.134530829999676,0.167201532869000,0.191400604350000,0.178103212402000,0.167384919520000,0.149279108766000,0.174859057770000,0.183658999963000,0.173988818803000,0.160580306293000,0.160577159937000,908.337107575999994,-0.037105453197900,-0.106385150955000,35.733283211400000,5581148.793300000019372,24.464007399500002,17.560525849600001,25.382996719699999,30.237982899599999,25.153745793700001,25.359393103599999,23.637882448300001,32.158296520800000,28.084454925599999,-0.160035242753000,-0.179753317509000,-0.168812266570000,-0.158804077560000,-0.152274946810000,-0.163662669995000,-0.176175367094000,-0.163404905901000,-0.152096941670000,-0.155981021547000,3.000000000000000,36.061446703100003,36.704303150000001,36.458240785000001,36.987776176899999,36.532989491800002,36.880696429399997,36.476029129399997,36.994251865899997,35.513683402900000,-0.047026489026900,-0.062395498493600,-0.049041751720500,-0.038332264482400,-0.060541781556700,-0.064233449427700,-0.058150905647900,-0.051092142361100,-0.052284584710200,0.000000000000000,1813.911338529999966,-0.070104275300900,1834.478294949999963,0.990852186996000,658.509455358999958,3.789146383460000,0.233990038635000,0.000978522660582,0.000000000000000,1.000000000000000,0.000000000000000,2.000000000000000,1.000000000000000,1.000000000000000,0.000000000000000,0.000000000000000,0.000000000000000,0.000000000000000,30.000000000000000,0.000000000000000,12.500000000000000,20.000000000000000,30.000000000000000,0.000000000000000,0.000000000000000,0.000000000000000,0.085213292237561,0.041130306405242,0.064291227167481,0.045510676614355,0.077575959298179,0.046811849175027,0.072490791896869,0.050851749539595,0.073023726526481,0.052625660631958,0.071478780423513,0.055531148405237,0.070814397576223,0.059676971985747,0.065547561950440,0.063633303883209,0.062969430476952,0.067892533294061,0.491569323214794,0.491047080010291,0.493866197517950,0.494475138121547,0.494523782750478,0.496507336789386,0.497279651795430,0.497833312297530,0.497001956617786,0.298016563024962,0.305175081666571,0.312541882220495,0.286893066192208,0.280431821621349,0.289580879466038,0.294123238516195,0.295903625687389,0.298588995560101,0.126343598642803,0.109801903781836,0.124387808473206,0.123342541436464,0.125649387158439,0.127009928828750,0.130491369561970,0.129180865833649,0.130861963771013,0.416418226433912,0.000000000000000,0.000000000000000,0.376085866704009,30.000000000000000,11.282576001120264,0.440532963373427,0.000000000000000,0.000000000000000,0.414433516743024,25.000000000000000,10.360837918575601,0.414155890050262,20.000000000000000,8.283117801005240,0.439640031983326,30.000000000000000,13.189200959499772,0.458565116801790,0.000000000000000,0.000000000000000,0.460299730054952,0.000000000000000,0.000000000000000,0.462564959521935,0.000000000000000,0.000000000000000,47531.000000000000000,49.70,"60",0.001
22.000000000000000,PENJARINGAN,PEJAGALAN,JAKARTA UTARA,"21",22.000000000000000,PENJARINGAN,PEJAGALAN,JAKARTA UTARA,22.000000000000000,116.319713747999998,183.374388124000006,179.330892468999991,145.010490924000010,116.319713747999998,185.806403359000001,185.605774192000013,161.379968101000003,112.346125197999996,155.144081833999991,0.774837623286000,0.742121722396000,0.738032234785000,0.759682463315000,0.784941063267000,0.729372143373000,0.816935289873000,0.848688958383000,0.867693047871000,0.864084676449000,49.322233104799999,1349893.895669999998063,23828.682076199998846,23892.694109799998841,23818.958729300000414,24188.986096499997075,24438.281906699998217,24658.677769199999602,24708.915061399999104,24637.610517699999036,24523.361191899999540,23628.003000400000019,0.080526462926800,0.088889122654100,0.085664941599600,0.084484493295400,0.074725093566100,0.089954210132000,0.089659236148500,0.090337128789100,0.085084208329100,0.091385477588600,427.237922737000019,-0.021501677336900,-0.097993856060700,16.420851107200001,3997466.142409999854863,29.724661768800001,21.905077706299998,29.200798509199998,35.523996569099999,27.031876897000000,26.100473827999998,24.446592418300000,31.062007293099999,25.656249493099999,-0.083086389309300,-0.094376528079600,-0.088862997174600,-0.088720691320700,-0.083304148784700,-0.092766893132400,-0.095891868623800,-0.091482948406500,-0.087583238290400,-0.096441624836800,2.000000000000000,39.780456311700000,39.635383830700000,39.778457139300002,40.079649596899998,40.054308102299998,40.070001322800003,39.170761941800002,40.022995469599998,37.979054047699996,0.019079775461400,0.010197169916400,0.015645436493600,0.022063674211800,0.013393906514000,0.018118064396200,0.012988667441000,0.016614307393800,0.015201474971500,0.000000000000000,2964.157836110000062,0.011810982468900,2666.823765789999925,0.989810993056000,288.336315883999987,2.114152146630000,0.360834330838000,0.001913878043080,1.000000000000000,1.000000000000000,1.000000000000000,1.000000000000000,4.000000000000000,1.000000000000000,0.000000000000000,3.000000000000000,0.000000000000000,40.000000000000000,20.000000000000000,10.000000000000000,15.000000000000000,32.500000000000000,30.000000000000000,0.000000000000000,37.500000000000000,0.000000000000000,0.075377850126044,0.054611636766485,0.057082596271601,0.057638227423232,0.069753679179973,0.060150963621340,0.065339684574662,0.065129695737227,0.064985705992530,0.066157705072456,0.063071827552660,0.068274980050938,0.061599008978393,0.072309496924983,0.057711793471078,0.077877880082823,0.054937643602611,0.081469119008699,0.494590836639875,0.495509593141924,0.496840036624310,0.496910953680883,0.497946263294522,0.498518850496814,0.499073657900218,0.499801753381206,0.499777094454796,0.254396857577293,0.257835895388301,0.262112866929418,0.241746134730502,0.241110936003588,0.252787655958049,0.257974299009089,0.269564903064114,0.278882475409223,0.129989486892529,0.114720823694833,0.129904642801313,0.130469380311889,0.131143411064986,0.131346807603598,0.133908505903376,0.135589673553901,0.136406762611310,0.398865708668120,40.000000000000000,15.954628346724807,0.366897565315458,20.000000000000000,7.337951306309162,0.420568021375153,10.000000000000000,4.205680213751531,0.401077142264279,15.000000000000000,6.016157133964188,0.408582450738852,130.000000000000000,53.115718596050819,0.424944355522673,30.000000000000000,12.748330665680184,0.440729526497792,0.000000000000000,0.000000000000000,0.461945522546601,112.500000000000000,51.968871286492629,0.473814166594637,0.000000000000000,0.000000000000000,87481.000000000000000,49.98,"50",0.001
23.000000000000000,PENJARINGAN,PLUIT,JAKARTA UTARA,"22",23.000000000000000,PENJARINGAN,PLUIT,JAKARTA UTARA,23.000000000000000,113.253656012999997,176.635224942000008,173.247481902999994,141.028330895000011,113.253656012999997,180.836348133999991,180.865403783999994,154.778372633999993,110.040589706999995,150.642658756000003,0.630176106616000,0.538672060923000,0.537244169443000,0.605188005712000,0.621608757734000,0.557234650167000,0.717396477868000,0.787125178486000,0.832103760114000,0.849833412661000,86.944020812800005,2141593.333490000106394,6581.665094169999975,6940.774315179999576,6989.002897319999647,7346.375354990000233,7546.103139740000188,7682.238666600000215,7807.686419030000252,7873.950620529999469,7961.189579349999804,7940.882807930000126,0.088745391471800,0.098240062168200,0.089453471247000,0.089912104310000,0.083598533357500,0.099774674891700,0.099216699739700,0.097263352466100,0.090305040419600,0.090978627276200,1308.235988639999960,-0.027088009328400,-0.112215572783000,33.317948184599999,2048095.540830000070855,28.261350793599998,20.187548718900000,28.850202353200000,34.631645462000002,29.693555174600000,30.223186031499999,26.563393687000001,34.219238777299999,27.535287694600001,-0.089491847229600,-0.099884146686100,-0.092571004243800,-0.089837178358200,-0.088366996534500,-0.097608892501400,-0.102905972636000,-0.095274122184600,-0.090225812782500,-0.093933547176600,7.000000000000000,35.771222178499997,35.524784058800002,35.802405999800001,36.048257357300002,35.695593018200000,36.099721588900003,35.418433382499998,35.863096400800003,35.011500693499997,-0.009694087135740,-0.017029255139500,-0.010937496773200,-0.010126992153600,-0.016749285139800,-0.016646213495700,-0.015696338357300,-0.012077343277600,-0.015602330998100,26451.846163700000034,516.991743060999966,-0.017814947387600,2407.169978809999975,0.970376614840000,336.892285264999998,4.240670663520001,0.314964266894000,0.001643552324100,1.000000000000000,1.000000000000000,0.000000000000000,1.000000000000000,2.000000000000000,0.000000000000000,4.000000000000000,0.000000000000000,18.000000000000000,7.500000000000000,15.000000000000000,0.000000000000000,7.500000000000000,32.500000000000000,0.000000000000000,7.500000000000000,0.000000000000000,37.777777777799997,0.070563778800069,0.087117202086501,0.053905264365179,0.092996138700921,0.068195457273273,0.095328156540399,0.065930174916791,0.100205367891792,0.066709562979323,0.104811922856199,0.063498853564218,0.108295403990281,0.063252909837456,0.111863313990974,0.059203571009045,0.117719118658858,0.055805111122327,0.122714042968421,0.507054453063346,0.507569675421493,0.507246903926240,0.508073082642872,0.509173434429508,0.509941480442148,0.510689198819098,0.511335604369787,0.512525446255825,0.196472851646003,0.200204716843183,0.205918519563771,0.195129102245851,0.189992887761183,0.202483159424118,0.210336381144706,0.221280429506509,0.229816404168122,0.157680980886570,0.146901403066100,0.163523613813672,0.166135542808583,0.171521485835522,0.171794257554499,0.175116223828430,0.176922689667903,0.178519154090748,0.489127924973243,7.500000000000000,3.668459437299319,0.467113135060495,15.000000000000000,7.006697025907420,0.516034231071546,0.000000000000000,0.000000000000000,0.516793959857103,7.500000000000000,3.875954698928275,0.532681154850179,65.000000000000000,34.624275065261642,0.551286895685025,0.000000000000000,0.000000000000000,0.573117531337222,30.000000000000000,17.193525940116668,0.593489508254650,0.000000000000000,0.000000000000000,0.614093520834942,680.000000000399950,417.583594168005902,59439.000000000000000,51.25,"0",0.000
24.000000000000000,TANJUNG PRIOK,TANJUNG PRIOK,JAKARTA UTARA,"23",24.000000000000000,TANJUNG PRIOK,TANJUNG PRIOK,JAKARTA UTARA,24.000000000000000,113.904298717000003,171.243688455000012,169.470224846999997,136.822150149000009,113.904298717000003,181.195673797000012,179.683743619000012,148.898699305000008,110.282810432999995,149.021348197999998,0.906014177910000,0.834438600503000,0.864852504002000,0.900297278756000,0.917447976218000,0.853418705694000,0.923164875372000,0.950834667276000,0.973930939858000,0.966841984907000,136.802380023000012,757045.128219999955036,10732.471017699999720,10816.051231900000857,10819.651610400000209,11062.934326299997338,11275.870995200000834,11280.757223099999464,11331.162521500000366,11215.178901100000076,11117.711512800000492,10691.581005199999709,0.062461825128400,0.070576053883500,0.063127369063100,0.066746058762100,0.061253655934600,0.070015389820000,0.072963910312700,0.071404300561600,0.068814447985700,0.069485901325700,1785.565113019999899,-0.030683899043300,-0.098584526059000,22.579622739300000,133430.125870999996550,48.754176250299999,36.148860868400000,52.886659852900003,64.870152192500001,51.434112885700003,45.021169193100000,33.703659849700003,49.841883958799997,44.766058341700003,-0.071460553933600,-0.081401079975800,-0.074388248478500,-0.075621576191600,-0.071024320402000,-0.081180176205900,-0.085289302886200,-0.080813268737000,-0.078128289123600,-0.081651945954200,1.000000000000000,35.264972352999997,35.793684454000001,35.833958605500001,35.903945873500000,35.436868761400000,35.905315611399999,35.890467940500002,35.800085667399998,35.137864402600002,0.018954768057300,0.009727478903830,0.016984920082900,0.018609395561700,0.011475787691900,0.014030309373100,0.010230181224300,0.014889423740400,0.011529092055200,0.000000000000000,55.149163542099998,0.009320631676750,2726.684989620000124,0.959194526078000,927.416779502000054,12.839483237200000,0.187716146841000,0.001289198753830,0.000000000000000,0.000000000000000,2.000000000000000,1.000000000000000,2.000000000000000,2.000000000000000,1.000000000000000,3.000000000000000,4.000000000000000,0.000000000000000,0.000000000000000,30.000000000000000,1.250000000000000,22.500000000000000,25.000000000000000,10.000000000000000,12.500000000000000,27.500000000000000,0.084335917066908,0.032383850872605,0.065364137668758,0.033561513595741,0.080198986470780,0.035822213956948,0.074419559366875,0.038179081330110,0.075458794027129,0.036977088795167,0.074283379859740,0.036789904904564,0.074317817014446,0.038683788121990,0.069811015243691,0.042307603340196,0.065329292346178,0.044883821619281,0.493152313471872,0.495983076630538,0.494816123483193,0.495735072754641,0.495041604924199,0.495109053357845,0.495322173813346,0.494483125534917,0.492904218983018,0.288439134086537,0.298025705578375,0.281927457876227,0.259662423481802,0.254678767369123,0.265649243291365,0.270496016448214,0.274903175832688,0.285908763313136,0.116719767939513,0.098925651264499,0.116021200427728,0.112598640696985,0.112435882822296,0.111073284764304,0.113001605136436,0.112118618583887,0.110213113965459,0.390059842356163,0.000000000000000,0.000000000000000,0.369482231079661,0.000000000000000,0.000000000000000,0.391526907041140,60.000000000000000,23.491614422468416,0.364474809782229,1.250000000000000,0.455593512227787,0.354530133964025,45.000000000000000,15.953856028381113,0.362819298491299,50.000000000000000,18.140964924564926,0.374439102294084,10.000000000000000,3.744391022940845,0.371546908698140,37.500000000000000,13.933009076180264,0.368302469303811,110.000000000000000,40.513271623419215,41574.000000000000000,49.29,"10",0.000
25.000000000000000,GAMBIR,CIDENG,JAKARTA PUSAT,"24",25.000000000000000,GAMBIR,CIDENG,JAKARTA PUSAT,25.000000000000000,121.616877625000001,190.581127670000001,186.404252318000005,149.012332968000010,121.616877625000001,193.488419853000011,191.024596688999992,167.740189926999989,114.831228660999997,160.401580886999994,0.880985915493000,0.828169014085000,0.835915492958000,0.869014084507000,0.873239436620000,0.812676056338000,0.908450704225000,0.952112676056000,0.970422535211000,0.962676056338000,64.129333333299996,465502.303068000008352,15080.254881400000158,15182.970648700000311,15584.352262399999745,15215.365621499997360,15113.439975400002368,15298.328356599999097,14727.070666199999323,14220.602921300000162,14284.602745500000310,13493.691337300000669,0.082345107730300,0.084547647341600,0.082198545467900,0.081757063181200,0.074536471256400,0.087024982246000,0.088496102611100,0.088550117318100,0.086008955925200,0.089499538446900,501.955470354999989,-0.015169463279000,-0.082019648957200,17.545165247000000,1033817.908850000007078,33.526174492199999,28.120716354999999,36.053615744299996,41.350136919599997,36.397027959799999,33.014401938900001,29.677216940299999,40.258403279800000,29.313249830299998,-0.090373769716000,-0.094699035972300,-0.090985058856700,-0.088250234118400,-0.086383428508500,-0.096013393270800,-0.100367087846000,-0.097088270096600,-0.094754127279200,-0.099587108133200,1.000000000000000,41.271821606800003,41.163304279199998,41.085096997800001,41.688593666400003,41.261921457200003,41.359884998600002,40.761679963200002,41.004935036500001,39.346931435700000,0.021710555492800,0.014488880597600,0.019715525888800,0.022408507595900,0.013375375649600,0.020623252742600,0.018572599513200,0.020226816010000,0.016318720677400,9866.236129490000167,5582.254029099999570,0.015513953962100,2479.377142519999779,0.992373797302000,226.280948408999990,2.770811795010000,0.357195276137000,0.002905276618980,1.000000000000000,0.000000000000000,1.000000000000000,0.000000000000000,1.000000000000000,0.000000000000000,0.000000000000000,0.000000000000000,0.000000000000000,30.000000000000000,0.000000000000000,15.000000000000000,0.000000000000000,15.000000000000000,0.000000000000000,0.000000000000000,0.000000000000000,0.000000000000000,0.064789758534555,0.078840549542048,0.048975866964105,0.089636990468465,0.059614685568884,0.089993249208080,0.059389376829778,0.092220828105395,0.054849705608925,0.102830286127466,0.053489994098396,0.098503138580396,0.056228469829981,0.102955883987110,0.052934343713701,0.107417445655180,0.050181520084319,0.111254245227778,0.505464196502914,0.503041979314541,0.508490419068391,0.508992053534086,0.508780084701994,0.510274156338859,0.513279253250361,0.515293987499309,0.515634149197798,0.204622354762861,0.189761354888376,0.186551842135280,0.168099003093847,0.169293111211166,0.175437572928821,0.182235372260129,0.194505954874618,0.200633312222926,0.143630308076603,0.138612857432570,0.149607934776964,0.151610204935173,0.157679991736391,0.151993132678792,0.159184353817091,0.160351789368881,0.161435765312097,0.450010695862130,30.000000000000000,13.500320875863897,0.405943616938033,0.000000000000000,0.000000000000000,0.465692803130066,15.000000000000000,6.985392046950984,0.454742964511967,0.000000000000000,0.000000000000000,0.471089615132359,15.000000000000000,7.066344226985378,0.471375226791669,0.000000000000000,0.000000000000000,0.516396997332214,0.000000000000000,0.000000000000000,0.544838791534942,0.000000000000000,0.000000000000000,0.556307141142048,0.000000000000000,0.000000000000000,17078.000000000000000,51.56,"375",0.022
26.000000000000000,GAMBIR,GAMBIR,JAKARTA PUSAT,"25",26.000000000000000,GAMBIR,GAMBIR,JAKARTA PUSAT,26.000000000000000,122.136024453000005,189.547126273000003,185.668876205999993,148.235918123999994,122.136024453000005,193.855648056999996,190.600691062999999,166.524936626999988,114.726755436999994,160.241870323000001,0.480959097320000,0.352256699577000,0.350846262341000,0.404090267983000,0.430183356841000,0.324753173484000,0.492242595205000,0.566290550071000,0.659026798307000,0.605077574048000,305.613899613999990,493861.330412000010256,1301.246262679999973,1258.797070580000081,1270.698713219999945,1224.282306900000094,1242.134770870000239,1225.075749739999992,1146.921629700000040,1491.672545019999916,1161.600322300000016,1107.646208970000089,0.144176602488000,0.163158101900000,0.156357206349000,0.156554932492000,0.145295874687000,0.163727983016000,0.166961967729000,0.161018064878000,0.153677646489000,0.159971958091000,500.194625588000008,-0.015834611364200,-0.073995179097700,20.570594608600000,793198.814532999997027,53.091319995500001,46.017448219300000,70.403107695000003,76.193427632999999,67.179582643600000,60.011264118900002,65.695043237799993,75.378523890699995,57.964417820500003,-0.136647781749000,-0.153602191434000,-0.148432087488000,-0.149176888299000,-0.139313358194000,-0.157353936036000,-0.162972685501000,-0.155228478230000,-0.147761549245000,-0.155263554782000,2.000000000000000,40.093847378500001,40.803114911500003,40.382835358199998,41.003697756900003,40.524438339600003,40.231541514900002,40.585037528900003,40.600898360700000,38.656242337899997,-0.022984040632200,-0.040153213068700,-0.037020662812400,-0.029541948833500,-0.046824052104600,-0.042457029890700,-0.040708670942700,-0.034684654576500,-0.045110945951500,0.000000000000000,6006.399545379999836,-0.041259638228600,2812.740145759999905,0.927430948114000,684.079100921999952,2.024995992920000,0.194604747484000,0.000306665010075,4.000000000000000,5.000000000000000,3.000000000000000,0.000000000000000,2.000000000000000,2.000000000000000,2.000000000000000,0.000000000000000,0.000000000000000,19.375000000000000,26.666666666699999,20.000000000000000,0.000000000000000,22.500000000000000,17.500000000000000,20.000000000000000,0.000000000000000,0.000000000000000,0.050110305704381,0.063346990230066,0.032781767093350,0.068997814548860,0.045042125729099,0.060596241088788,0.051421271159374,0.065154902587033,0.050518134715026,0.084844559585492,0.059494984434452,0.068488412314078,0.046010638297872,0.094414893617021,0.059084699453552,0.079918032786885,0.055157593123209,0.082378223495702,0.488496690828869,0.486418982204184,0.489630589760207,0.490578090067071,0.494818652849741,0.504323763403667,0.489893617021277,0.499316939890710,0.493553008595988,0.209969272789348,0.203783604381016,0.214584787159805,0.211809131479574,0.200626959247649,0.205871283402333,0.317627022424070,0.208333333333333,0.204305283757339,0.113457295934447,0.101779581642210,0.105638366817887,0.116576173746407,0.135362694300518,0.127983396748530,0.140425531914893,0.139002732240437,0.137535816618911,0.270028550331447,77.500000000000000,20.927212650687139,0.219228750787365,133.333333333500008,29.230500105018574,0.260736110062692,60.000000000000000,15.644166603761542,0.293162824094466,0.000000000000000,0.000000000000000,0.358140305648394,45.000000000000000,16.116313754177725,0.402076077633116,35.000000000000000,14.072662717159067,0.464812745068010,40.000000000000000,18.592509802720414,0.403694486574370,0.000000000000000,0.000000000000000,0.360114471870327,0.000000000000000,0.000000000000000,2792.000000000000000,49.36,"15",0.005
27.000000000000000,GAMBIR,PETOJO UTARA,JAKARTA PUSAT,"26",27.000000000000000,GAMBIR,PETOJO UTARA,JAKARTA PUSAT,27.000000000000000,120.626621087999993,188.346012085000012,184.376597951000008,147.679653344000002,120.626621087999993,191.950575127000008,189.860363694000000,165.633181971999988,114.326780365000005,159.140910585000000,0.887666928515000,0.892380204242000,0.860172820110000,0.880597014925000,0.909662215240000,0.847604084839000,0.937156323645000,0.959937156324000,0.974862529458000,0.962293794187000,51.410652379500000,491271.273364999971818,19105.150093200001720,19319.416768600000069,19601.859204399999726,19447.799694000001182,19403.529719699999987,19809.928083399998286,19047.599126599998272,18427.819486899999902,18648.283958799998800,17729.239293099999486,0.085177540526000,0.085347741008200,0.082418852711800,0.083342461066200,0.074708901448200,0.087281933949800,0.088233772393100,0.089086772328200,0.082309968071600,0.088806328273700,373.411891950999973,-0.012642908192700,-0.078105434903200,15.239064209900000,124875.841455000001588,35.752630528799997,32.502992004900001,42.027926419200000,47.122558091800002,39.794333645000002,34.587584944200003,32.022015086400003,47.222116004900002,36.515969755500002,-0.094952029550600,-0.093808029280100,-0.092381628726200,-0.092313896801000,-0.085769729492700,-0.096133114190600,-0.098317465193300,-0.096639396194100,-0.092199378385700,-0.098754904410700,0.000000000000000,41.256505108299997,41.184655279300003,41.009621055899999,41.601400512300003,41.254784117100002,41.305160504200003,40.839297916699998,41.061357711100001,38.865081835799998,0.024794889873500,0.015179772461600,0.020944215117500,0.030000217153400,0.020028002501400,0.029067504038600,0.025379873568900,0.026577275035400,0.018892290314000,12095.284603499998411,4735.977167340000051,0.027248523667700,2540.755324960000053,0.983790690544000,171.894847429999999,1.658553763400000,0.428175909022000,0.002781925670940,0.000000000000000,0.000000000000000,0.000000000000000,0.000000000000000,0.000000000000000,0.000000000000000,0.000000000000000,0.000000000000000,0.000000000000000,0.000000000000000,0.000000000000000,0.000000000000000,0.000000000000000,0.000000000000000,0.000000000000000,0.000000000000000,0.000000000000000,0.000000000000000,0.064298808432631,0.067690192483960,0.048737522019965,0.077645783459054,0.064329615297064,0.074755292510813,0.065069587040840,0.075747205110655,0.063689997318316,0.087333512112273,0.064333193882768,0.080602426439827,0.064526978330851,0.083313313794263,0.061675054600703,0.087076251068275,0.057880543347982,0.091440271673991,0.494317140238313,0.493021365011970,0.496926929205554,0.498425735797399,0.497720568517029,0.501045879235811,0.501753711622544,0.500902098566138,0.501897722732721,0.250732989586493,0.231744943435036,0.226354407478139,0.208702659145850,0.203794730633110,0.211213517665130,0.208311219615752,0.220156657963446,0.227404609404938,0.131989000916591,0.126383305479019,0.139084907807877,0.140816792151495,0.151023509430589,0.144935620322595,0.147840292125114,0.148751305668978,0.149320815021973,0.398726133006188,0.000000000000000,0.000000000000000,0.355637478288215,0.000000000000000,0.000000000000000,0.408228075028485,0.000000000000000,0.000000000000000,0.403512071743994,0.000000000000000,0.000000000000000,0.421575519387970,0.000000000000000,0.000000000000000,0.433359759801873,0.000000000000000,0.000000000000000,0.442490643685429,0.000000000000000,0.000000000000000,0.452199878180414,0.000000000000000,0.000000000000000,0.467482234703577,0.000000000000000,0.000000000000000,20024.000000000000000,50.19,"4",0.000
28.000000000000000,GAMBIR,PETOJO SELATAN,JAKARTA PUSAT,"27",28.000000000000000,GAMBIR,PETOJO SELATAN,JAKARTA PUSAT,28.000000000000000,121.876082104000005,190.179876549999989,186.135804510000014,148.711521510000011,121.876082104000005,193.704976705000007,190.898513998999988,167.256721026999998,114.802600975000004,160.366085774999988,0.791114575214000,0.748246297740000,0.724084177708000,0.779423226812000,0.812159002338000,0.730319563523000,0.844115354638000,0.903351519875000,0.932190179267000,0.915042868277000,85.373726346400005,430399.221281000005547,15345.499850899997909,15707.252207600000474,15953.103323799999998,16143.637938899999426,16173.491288699997313,16540.511883600000147,16063.736326099999133,15582.570570100000623,15830.177765700000236,15033.795757100000628,0.108451929710000,0.124535183183000,0.109233856593000,0.108345487748000,0.094968945567700,0.112250929481000,0.113947672184000,0.111035429126000,0.105754115797000,0.108185591061000,790.064139328000010,-0.014446843543100,-0.077820673705600,17.878826173099998,270457.694680000015069,38.909011103799997,33.292477085800002,46.210543722799997,51.398430081199997,45.174355552000002,40.612886353599997,38.132227724700002,49.161448349300002,36.287413099200002,-0.109929537398000,-0.129632150752000,-0.113275974456000,-0.112740402988000,-0.103667337625000,-0.117101108699000,-0.122763902546000,-0.116313231476000,-0.112026007927000,-0.113685084137000,0.000000000000000,40.733221833300000,41.004021078999997,40.738371331600000,41.373317835800002,40.847910375600001,40.824867362900001,40.662130581500001,40.728104473999998,39.022340410500000,0.012496907362700,-0.001142028630210,0.007879102367580,0.016293149701800,0.003804016876030,0.010800775650400,0.010126407292000,0.013258030557200,0.007417326009710,0.000000000000000,5784.123056000000361,0.004914233476120,2632.954399889999877,0.975590778132000,198.545250127000003,1.707029497330000,0.377277241944000,0.002400562265160,0.000000000000000,3.000000000000000,1.000000000000000,0.000000000000000,0.000000000000000,0.000000000000000,0.000000000000000,0.000000000000000,0.000000000000000,0.000000000000000,28.333333333300001,20.000000000000000,0.000000000000000,0.000000000000000,0.000000000000000,0.000000000000000,0.000000000000000,0.000000000000000,0.072283094812164,0.065015652951699,0.056414772414552,0.073917111563652,0.073207875557489,0.071576199282062,0.073289902280130,0.074212812160695,0.069858796050536,0.081324981420533,0.071330964744466,0.077234216999180,0.073308164760241,0.080971431791289,0.070497531754396,0.085029674413445,0.068157925475996,0.087139352879336,0.487729889876460,0.486322857614618,0.486293919286414,0.486264929424538,0.485189510563754,0.488548783820716,0.487800755057193,0.487436907205059,0.486566989837636,0.216680141799863,0.205038572806172,0.194227154205324,0.179932055326377,0.178121860410141,0.190948354522781,0.196658501350418,0.207037037037037,0.212393964903192,0.137298747763863,0.130331883978204,0.144784074839551,0.147502714440825,0.151183777471069,0.148565181743646,0.154279596551530,0.155527206167841,0.155297278355332,0.336768291973351,0.000000000000000,0.000000000000000,0.297058904326788,84.999999999899998,25.250006867747302,0.324518789976088,20.000000000000000,6.490375799521762,0.316625689897128,0.000000000000000,0.000000000000000,0.318058460531701,0.000000000000000,0.000000000000000,0.345114722349884,0.000000000000000,0.000000000000000,0.361968155456635,0.000000000000000,0.000000000000000,0.374034969871173,0.000000000000000,0.000000000000000,0.373717071656381,0.000000000000000,0.000000000000000,17122.000000000000000,48.66,"58",0.003
29.000000000000000,GAMBIR,KEBON KELAPA,JAKARTA PUSAT,"28",29.000000000000000,GAMBIR,KEBON KELAPA,JAKARTA PUSAT,29.000000000000000,120.554488055999997,187.397981861000005,183.580934237000008,147.052081643999998,120.554488055999997,191.690975363000007,189.470506206000010,164.661833550000011,114.190440060000000,158.772906909000000,0.878959276018000,0.847285067873000,0.824660633484000,0.839366515837000,0.881221719457000,0.809954751131000,0.911764705882000,0.945701357466000,0.970588235294000,0.952488687783000,73.464884695999999,329355.535887999983970,16313.372035500000493,16244.673440000000483,16688.669918200001121,16454.585815099999309,16321.005212699999902,16440.591656699998566,15827.393082200000208,15153.129089500000191,15183.661798600000111,14190.076556500000152,0.081546622756200,0.086960450111100,0.084807377948100,0.085132924825100,0.076750065720500,0.091431191380700,0.092701190560000,0.093768394661700,0.086704184950200,0.089112769148600,401.497934177999980,-0.011967725462200,-0.073249380138700,10.653058114000000,80411.959247799997684,45.518577680200003,44.302356554500001,54.604623385200000,61.285295895799997,52.274238190200002,45.616261582400000,47.517452483900001,62.493676594900002,49.088777450700000,-0.089936196749300,-0.101510543604000,-0.093333750515500,-0.093662768391700,-0.089106677397200,-0.100252056952000,-0.104197878500000,-0.101116083763000,-0.095950209931800,-0.099690725860400,2.000000000000000,40.823901145999997,41.074656900199997,40.930307941300001,41.465393035900000,41.160703489200003,40.862788975500003,40.707148443100003,40.970805359800003,38.596352977800002,0.024365399020400,0.011127182015700,0.018004186613600,0.026351190795000,0.017577657265400,0.023457632732200,0.020096573181900,0.023806890284200,0.019360733985500,0.000000000000000,4789.308019189999868,0.018010964374000,2888.893929679999928,0.986892251056000,198.309943295000011,1.684574322420000,0.409768421269000,0.002414628264920,1.000000000000000,5.000000000000000,1.000000000000000,0.000000000000000,3.000000000000000,1.000000000000000,1.000000000000000,0.000000000000000,1.000000000000000,25.000000000000000,31.000000000000000,20.000000000000000,0.000000000000000,21.666666666699999,20.000000000000000,10.000000000000000,0.000000000000000,10.000000000000000,0.061790273318192,0.072049494870389,0.048178075926208,0.083701783808507,0.060306169785063,0.081413329209835,0.059630524592720,0.083872476420610,0.055095566045036,0.096107714926875,0.055783297162607,0.089060364922434,0.058013600873142,0.090336663588280,0.054964390448261,0.095266024298282,0.051551013089475,0.100771023847947,0.496280053253974,0.493672815978045,0.497371269522190,0.495362070309455,0.493925559080709,0.495458564424082,0.496935605742591,0.496355257645580,0.492648377263762,0.242061784700112,0.224282888229476,0.219423240033927,0.211448099102947,0.207137446342900,0.210337275514674,0.214075977243531,0.230594023323615,0.238035019455253,0.133839768188581,0.131879859734715,0.141719498994898,0.143503001013330,0.151203280971911,0.144843662085041,0.148350264461422,0.150230414746543,0.152322036937422,0.406638296914926,25.000000000000000,10.165957422873150,0.366618525861910,155.000000000000000,56.825871508596002,0.410769106847147,20.000000000000000,8.215382136942939,0.394853685485699,0.000000000000000,0.000000000000000,0.402289535067091,65.000000000100002,26.148819779401158,0.397896078763409,20.000000000000000,7.957921575268180,0.420367961456966,10.000000000000000,4.203679614569665,0.439280391888458,0.000000000000000,0.000000000000000,0.430014253923990,10.000000000000000,4.300142539239898,11154.000000000000000,49.26,"57",0.005
30.000000000000000,GAMBIR,DURI PULO,JAKARTA PUSAT,"29",30.000000000000000,GAMBIR,DURI PULO,JAKARTA PUSAT,30.000000000000000,120.273624450000000,188.799485056000009,184.664903278999986,148.018712394999994,120.273624450000000,191.617453726000008,189.889614666999989,166.192231690000000,114.311989784000005,159.144026023000009,0.785340314136000,0.663612565445000,0.683246073298000,0.687172774869000,0.738219895288000,0.655759162304000,0.710732984293000,0.735602094241000,0.784031413613000,0.750000000000000,58.011003667899999,229934.688374999997905,36595.344692600003327,36971.767396000002918,37349.660500500001945,37183.505166600007215,37386.420530199997302,37649.622342299997399,36061.589062500002910,35174.937147899996489,34957.317772499998682,33036.973824900000182,0.106618502048000,0.123673750441000,0.124159129059000,0.122501037559000,0.113378882740000,0.137750127065000,0.144755501388000,0.142589874888000,0.128492288087000,0.139444214502000,625.230000245000042,-0.015242444166500,-0.085091146219100,25.131628198100000,554749.683485000045039,31.297890768599999,26.486953288599999,36.059835438999997,39.312644165400002,32.937782126999998,29.486791480200001,27.546664988400000,37.253172538199998,29.017485751599999,-0.114912511039000,-0.124911008686000,-0.129376550999000,-0.126487962279000,-0.120476286134000,-0.138828998822000,-0.145343417738000,-0.141549208093000,-0.130311146327000,-0.139780056565000,0.000000000000000,41.627969209800000,41.302107083199999,41.256909149599998,41.841000386300003,41.596829479599997,41.698316137399999,40.943858066399997,41.298811074299998,39.226530240700001,0.019035573475900,0.000052891644001,0.003268936224940,0.011002533962600,-0.010254978425100,-0.006868411142230,-0.006214619599340,0.002445349096080,-0.004271967920900,0.000000000000000,4573.083721340000011,-0.004085470124050,3809.002967370000079,0.994941484227000,153.100136319000001,1.826817091150000,0.333196236464000,0.004295050389230,0.000000000000000,0.000000000000000,0.000000000000000,0.000000000000000,0.000000000000000,0.000000000000000,0.000000000000000,0.000000000000000,0.000000000000000,0.000000000000000,0.000000000000000,0.000000000000000,0.000000000000000,0.000000000000000,0.000000000000000,0.000000000000000,0.000000000000000,0.000000000000000,0.072741011772192,0.052457842825326,0.055234045903705,0.060470060233849,0.070389117367921,0.056429927238216,0.069967749547707,0.058286793046488,0.067838312829525,0.066471392306190,0.068093781855250,0.059653414882773,0.067845497868071,0.061825934286431,0.063430638512661,0.065996466728359,0.060486024568275,0.069476588926473,0.491011772192173,0.489744498248100,0.491656121480544,0.492488004404940,0.491115016598321,0.493292558613660,0.494314856617340,0.494531841507529,0.493857931280043,0.271366382373845,0.253798998445864,0.243084660519698,0.231001443759023,0.232001385341357,0.240217145442208,0.245658835546476,0.259247211895911,0.269837382445141,0.125198854597518,0.115704106137554,0.126819044606137,0.128254542594195,0.134309705135715,0.127747196738023,0.129671432154502,0.129427105241020,0.129962613494748,0.381836077445890,0.000000000000000,0.000000000000000,0.329917236657262,0.000000000000000,0.000000000000000,0.360378269518122,0.000000000000000,0.000000000000000,0.356633668891605,0.000000000000000,0.000000000000000,0.365610503259509,0.000000000000000,0.000000000000000,0.369908058852691,0.000000000000000,0.000000000000000,0.387109798271596,0.000000000000000,0.000000000000000,0.402093641780445,0.000000000000000,0.000000000000000,0.410557480994890,0.000000000000000,0.000000000000000,22468.000000000000000,49.39,"11",0.000
31.000000000000000,SAWAH BESAR,PASAR BARU,JAKARTA PUSAT,"30",31.000000000000000,SAWAH BESAR,PASAR BARU,JAKARTA PUSAT,31.000000000000000,120.896913154999993,187.059008170999988,183.349425883000009,146.738819202000002,120.896913154999993,191.999302900999993,189.412767535000000,164.208689792000001,114.216349750000006,158.819623428999989,0.670664667666000,0.636681659170000,0.617691154423000,0.644177911044000,0.677161419290000,0.594202898551000,0.693653173413000,0.764117941029000,0.822088955522000,0.783108445777000,59.338997098999997,625460.826074999989942,8793.258932490000007,8850.598940879999645,9016.997396569999182,8912.998361759999170,8891.636397860000216,8970.900527089999741,8619.552436509999097,8232.788458409999294,8149.027073610000116,7759.452310779999607,0.110761205160000,0.119285177624000,0.112966405192000,0.111685947554000,0.100273157595000,0.118795875175000,0.124521770653000,0.120340283357000,0.116588490242000,0.121973678880000,303.879465551999999,-0.019747584112200,-0.076445013810700,15.340653220800000,1305703.441020000027493,45.330630218899998,41.379658961200001,51.047860779600001,59.908171241900000,52.625452954300002,49.844461440099998,47.651097153300000,63.129706503999998,48.497852809299999,-0.114243964390000,-0.122595241164000,-0.117135035286000,-0.111888633721000,-0.108187892447000,-0.123447597777000,-0.132842293300000,-0.125272759322000,-0.119860500608000,-0.128203431277000,2.000000000000000,40.587684980900001,41.072859446899997,40.817997245299999,41.463486693199997,41.109062575300001,40.667133831599998,40.613584266399997,41.032872795400003,38.627163064699999,0.003216630904660,-0.006556387715370,-0.000579601340783,0.006555853661990,-0.008840509706410,-0.005719819707170,-0.004676720046650,-0.000584958719867,-0.009699494580460,5306.628696560000208,4710.684788540000227,-0.002547660303810,2306.010010309999416,0.934804692148000,359.530494040999997,1.671800511750000,0.341817229990000,0.001342994532300,2.000000000000000,3.000000000000000,0.000000000000000,0.000000000000000,4.000000000000000,5.000000000000000,0.000000000000000,0.000000000000000,1.000000000000000,20.000000000000000,45.000000000000000,0.000000000000000,0.000000000000000,20.000000000000000,13.500000000000000,0.000000000000000,0.000000000000000,20.000000000000000,0.056465955284553,0.095274390243902,0.043453865336658,0.108790523690773,0.052034058656575,0.112141280353201,0.052159069355756,0.115192514383259,0.048752976563479,0.127960897355558,0.048327137546468,0.124241831344160,0.049300102424035,0.133560942301127,0.045943708609272,0.136520419426049,0.042164746794175,0.143664420778092,0.503239329268293,0.502680798004988,0.504698833175654,0.503888221533793,0.505326482015290,0.510663275288593,0.510276544895869,0.510554635761589,0.511338114902557,0.222874507908005,0.213258411933909,0.220853858784893,0.195150352763888,0.189097795211687,0.199985941234360,0.198868645312959,0.205534181710565,0.211264332197087,0.151740345528455,0.152244389027431,0.164175339009776,0.167351583739015,0.176713873919037,0.172568968890628,0.182861044725162,0.182464128035321,0.185829167572267,0.477478473929313,40.000000000000000,19.099138957172539,0.465283435726289,135.000000000000000,62.813263823049077,0.517885621315589,0.000000000000000,0.000000000000000,0.494415121662933,0.000000000000000,0.000000000000000,0.522148251096073,80.000000000000000,41.771860087685873,0.555178696849378,67.500000000000000,37.474562037332994,0.579419507323084,0.000000000000000,0.000000000000000,0.587074945919121,0.000000000000000,0.000000000000000,0.607005269155252,20.000000000000000,12.140105383105048,13803.000000000000000,51.13,"51",0.004
32.000000000000000,SAWAH BESAR,GUNUNG SAHARI UTARA,JAKARTA PUSAT,"31",32.000000000000000,SAWAH BESAR,GUNUNG SAHARI UTARA,JAKARTA PUSAT,32.000000000000000,118.756100544000006,183.101914445999995,179.691230770999994,144.383826464000009,118.756100544000006,188.841138427999994,187.265107559000000,160.530219557999999,113.282679611999995,156.367881858000004,0.695596408722000,0.610517315092000,0.619923044036000,0.681060282172000,0.716545532279000,0.622915775973000,0.723813595554000,0.774262505344000,0.830269345874000,0.784950833690000,152.406199020999992,590084.099720999947749,9687.240619820000575,9895.133712110000488,9966.356345579999470,9974.056089739999152,9934.113666909999665,9975.981025779999982,9716.114660420000291,9534.689438670000527,9522.658588430000236,9213.706354050000300,0.109501309317000,0.121189490730000,0.111712526901000,0.111662663687000,0.104526010637000,0.122089114696000,0.129505033294000,0.126866542528000,0.120308451983000,0.126727867691000,1034.995658219999996,-0.019086087833800,-0.083107464463100,6.310258932680000,1114011.962899999925867,37.951771391999998,28.686202705600000,40.265054708599997,46.445277150700001,33.920949095300003,31.313087064200001,25.370128425400001,39.866690804199997,33.033891388000001,-0.114817334582000,-0.125423878417000,-0.115643762999000,-0.116331262665000,-0.109180733216000,-0.125227060226000,-0.136337954319000,-0.125962404352000,-0.122803761073000,-0.130941080303000,3.000000000000000,39.497919593600002,40.293085339299999,40.113676277400003,40.803119844900003,40.387237528999997,40.089550901199999,39.836634617300000,40.317748437100001,38.046765617699997,0.000652216184191,-0.010201799006700,-0.000514225697348,0.004365800720630,-0.007358912388370,-0.007483408207010,-0.009466446014160,-0.006210907280440,-0.013388717417600,9075.872489740000674,2762.772144089999983,-0.010343480482600,2439.891964960000223,0.986986583270000,321.377314219000027,2.164003438550000,0.281336547400000,0.001452367970850,5.000000000000000,8.000000000000000,1.000000000000000,0.000000000000000,3.000000000000000,1.000000000000000,1.000000000000000,0.000000000000000,1.000000000000000,25.000000000000000,18.888888888899999,15.000000000000000,0.000000000000000,26.666666666699999,15.000000000000000,20.000000000000000,0.000000000000000,6.000000000000000,0.058700515514055,0.083600817041144,0.044326412361178,0.092998551424433,0.053748914407025,0.092010035703947,0.052802402751538,0.094414571525457,0.049734684032803,0.101157742402315,0.049479940564636,0.096087171867261,0.051784182102660,0.098773532529148,0.051445320396200,0.103193854861532,0.050663323931892,0.107333124412410,0.505738741367571,0.504394012554322,0.508009263726720,0.507290606985419,0.507042932947419,0.508618127786033,0.510371977994246,0.511319991914291,0.511960722866395,0.232132403810335,0.224594763092269,0.215256282461571,0.193478832500657,0.188806086820574,0.196371226718047,0.201626992793186,0.206663394950652,0.211334984241333,0.142301332555199,0.137324963785611,0.145758950110972,0.147216974276995,0.150892426435118,0.145567112431897,0.150557714631808,0.154639175257732,0.157996448344302,0.477081865977073,125.000000000000000,59.635233247134082,0.447452126454802,151.111111111199989,67.614987997654325,0.482579146195407,15.000000000000000,7.238687192931106,0.459168482574152,0.000000000000000,0.000000000000000,0.462651480905243,80.000000000100002,37.012118472465730,0.465907568813623,15.000000000000000,6.988613532204348,0.495683386064926,20.000000000000000,9.913667721298518,0.517827383090624,0.000000000000000,0.000000000000000,0.535745689857649,6.000000000000000,3.214474139145891,19146.000000000000000,51.20,"71",0.004
33.000000000000000,SAWAH BESAR,MANGGA DUA SELATAN,JAKARTA PUSAT,"32",33.000000000000000,SAWAH BESAR,MANGGA DUA SELATAN,JAKARTA PUSAT,33.000000000000000,117.779899065999999,182.475543474000006,178.989414575000012,144.193900447000004,117.779899065999999,187.556008883999993,186.698920114999993,160.132617680000010,112.926759915999995,155.623458188999990,0.867626886145000,0.853223593964000,0.842249657064000,0.865569272977000,0.871056241427000,0.806584362140000,0.899176954733000,0.936899862826000,0.958847736626000,0.951303155007000,78.429862933799996,536948.080695000011474,26817.357088299999305,26807.366097300000547,28050.091677899999922,27576.672409099999641,27357.639143500000500,27455.243440800000826,27366.093058999998902,26032.680021000000124,26123.367478299998766,24869.882368800001132,0.076056443225100,0.080799755223900,0.077768739024200,0.081148647225400,0.073354096128300,0.086941361161600,0.089345440110700,0.092099488567200,0.084230280693300,0.089380143798000,291.314721228999986,-0.012216152188400,-0.084007098138500,19.581929489099998,1035300.024089999962598,36.471183038100001,28.170210205400000,35.469496902499998,45.098755495399999,33.163563261000000,29.165036118000000,26.153297513700000,36.530891337000000,31.160328420100001,-0.083424584397800,-0.088209056425800,-0.084850350536700,-0.087480354954500,-0.083110249906000,-0.093047656107400,-0.097154555016400,-0.094066079619100,-0.090175662816400,-0.097097978591200,4.000000000000000,39.945640177500003,40.074436143100002,40.144013912900000,40.836154017600002,40.697240239300001,39.978172281200003,39.554464136500002,40.429249062200000,37.952499423799999,0.028010599895000,0.022120348783900,0.026293912643800,0.029075085930000,0.024023708011800,0.026331886291700,0.019076944406300,0.026071930586900,0.019710587677000,23400.145332600000984,2334.184950649999791,0.026476346218900,2499.806243500000164,0.982432566596000,209.623971000000012,2.265926770460000,0.397534191266000,0.002536175156650,3.000000000000000,3.000000000000000,0.000000000000000,1.000000000000000,3.000000000000000,2.000000000000000,1.000000000000000,2.000000000000000,5.000000000000000,22.500000000000000,15.000000000000000,0.000000000000000,10.000000000000000,20.000000000000000,10.000000000000000,5.000000000000000,22.500000000000000,21.000000000000000,0.071958946131132,0.052664774519079,0.054030357827826,0.060359471751877,0.067777715846385,0.058162867175743,0.066494367502879,0.060285979155547,0.065474191020042,0.064690404210055,0.064676477196136,0.065125814423725,0.064505653470316,0.067634989519676,0.060427760289488,0.074372628048601,0.057787391841780,0.078028430160692,0.488661448926350,0.485971834073100,0.489103171506605,0.490687417479001,0.490986451685142,0.491237924062009,0.492191420895699,0.492395045747404,0.491779975278121,0.280780444045750,0.269418859320152,0.273456369604261,0.257750608196619,0.252617557772133,0.260967901846573,0.262972505789113,0.281096298213823,0.290598869291445,0.124623720650211,0.114389829579703,0.125940583022128,0.126780346658426,0.130164595230097,0.129802291619861,0.132140642989992,0.134800388338089,0.135815822002472,0.375773095248238,67.500000000000000,25.364683929256056,0.319664882629505,45.000000000000000,14.384919718327739,0.374326038377607,0.000000000000000,0.000000000000000,0.369775068284006,10.000000000000000,3.697750682840065,0.375342387009563,60.000000000000000,22.520543220573760,0.384702424821917,20.000000000000000,7.694048496438346,0.398980030723991,5.000000000000000,1.994900153619957,0.426500480171513,45.000000000000000,19.192521607718071,0.435475866350574,105.000000000000000,45.724965966810274,32360.000000000000000,49.18,"73",0.002
34.000000000000000,KEMAYORAN,KEMAYORAN,JAKARTA PUSAT,"33",34.000000000000000,KEMAYORAN,KEMAYORAN,JAKARTA PUSAT,34.000000000000000,120.843785319999995,186.177167673000014,182.565387719999990,146.087236926999992,120.843785319999995,191.756028670000006,189.075630526999987,163.255153100999991,114.124305562000004,158.509907206999998,0.986466165414000,0.980451127820000,0.968421052632000,0.981954887218000,0.986466165414000,0.966917293233000,0.989473684211000,0.996992481203000,0.996992481203000,0.995488721805000,46.329768270899997,269123.566095000016503,42819.909674499998800,43215.310758300001908,44156.500517499996931,44274.782892999995966,44136.223538899997948,44597.524803300002532,44247.746921500001918,42782.735213599997223,42321.433949199999915,40873.319723599997815,0.078083451725300,0.085364487649600,0.077381708282500,0.077511362143300,0.073546411130700,0.083340120192300,0.081981016942000,0.079805941112300,0.077801673993800,0.080872286217600,1120.772335310000017,-0.028334219112700,-0.074060400581100,7.877373500340000,7485.045899540000391,36.156963453499998,29.831349970200002,37.765458613800000,42.826304448899997,39.037171280599999,37.453128323999998,28.154372073600001,43.662060806299998,31.126141567099999,-0.094155842586800,-0.093271205893600,-0.089338004017700,-0.087448548906500,-0.087090753679900,-0.097293179902400,-0.101322318838000,-0.094735697897800,-0.093751160856500,-0.096843344858300,0.000000000000000,40.714881049900001,41.426334544699998,41.239753898399997,42.040514988300004,41.234306166000003,40.958812532499998,40.664534628699997,41.230103158299997,38.992506456599997,0.045074336067800,0.036841195928800,0.042447911265500,0.046646434809500,0.045844989925000,0.052276248933600,0.050215756318200,0.051168010486900,0.043126896529600,0.000000000000000,4546.916978690000178,0.039917439011900,2133.948669949999839,0.990759033219000,142.745116865999989,1.823243819360000,0.446330430141000,0.004653564919510,0.000000000000000,0.000000000000000,0.000000000000000,0.000000000000000,1.000000000000000,0.000000000000000,0.000000000000000,0.000000000000000,0.000000000000000,0.000000000000000,0.000000000000000,0.000000000000000,0.000000000000000,20.000000000000000,0.000000000000000,0.000000000000000,0.000000000000000,0.000000000000000,0.072531769305963,0.056422287390029,0.055181386805449,0.065245675799786,0.069651171666285,0.061522021219754,0.068950995405819,0.063284839203675,0.066457015117645,0.069071344674724,0.066715038570228,0.066562285190560,0.066748291796674,0.068723093329120,0.063563043999042,0.070989379541643,0.060854107238827,0.075447517466617,0.493763440860215,0.492040410225011,0.495572857033814,0.497588055130168,0.497139393020877,0.497517757580386,0.498044946482878,0.498642497804041,0.496630699904915,0.270053242559134,0.254925798608200,0.241452627997959,0.223087065628854,0.217084836787782,0.223630831643002,0.230210475648711,0.238818490882600,0.248111748111748,0.128954056695992,0.120427062605235,0.131173192886039,0.132235834609494,0.135528359792369,0.133277323760788,0.135471385125794,0.134552423540685,0.136301624705444,0.407481538058105,0.000000000000000,0.000000000000000,0.357948485530398,0.000000000000000,0.000000000000000,0.394455830838939,0.000000000000000,0.000000000000000,0.390350271166600,0.000000000000000,0.000000000000000,0.390165429254601,20.000000000000000,7.803308585092026,0.393303812773019,0.000000000000000,0.000000000000000,0.409393927245834,0.000000000000000,0.000000000000000,0.419646319469526,0.000000000000000,0.000000000000000,0.421810105443144,0.000000000000000,0.000000000000000,24189.000000000000000,49.66,"101",0.004
35.000000000000000,SAWAH BESAR,KARANG ANYAR,JAKARTA PUSAT,"34",35.000000000000000,SAWAH BESAR,KARANG ANYAR,JAKARTA PUSAT,35.000000000000000,119.347017743999999,185.127432284000008,181.466311109000003,145.729911831999999,119.347017743999999,189.890383872000001,188.346723556999990,162.581447795000003,113.694636856000002,157.418149064000005,0.975088967972000,0.976868327402000,0.973309608541000,0.978647686833000,0.982206405694000,0.960854092527000,0.982206405694000,0.985765124555000,0.991103202847000,0.987544483986000,40.878983634800001,246073.464857999992091,66318.095026399998460,67370.858872500000871,67525.558903299999656,67358.804324600001564,66856.531497300005867,66535.076887799994438,65146.794793200002459,63159.803488300000026,63123.639844800003630,60212.466537699998298,0.063504793750800,0.067142264804800,0.063046065440900,0.064264372349100,0.059790080018800,0.070532566320900,0.067265139609300,0.069507495957500,0.065240240493400,0.068451634936300,412.325675889000024,-0.015806172490500,-0.082231365199000,16.892752724200001,873.903747343999953,33.948653663400002,29.520587361400001,35.938366641199998,44.543066128400000,35.859035194800001,32.873717857400003,29.053072929399999,40.495760537599999,30.540020244699999,-0.074629349687100,-0.081736775983500,-0.074877805132900,-0.077979423682400,-0.075671970890700,-0.082661949475900,-0.085965294235100,-0.080354432472700,-0.079939046563100,-0.082310459447300,0.000000000000000,40.417487621299998,40.862899579900002,40.581951707999998,41.225275578700000,41.144022209100001,40.674423051900000,40.433102006500000,40.652392974800001,38.093020453000001,0.045420156391400,0.040001057431600,0.047867773785700,0.054602392468000,0.044360562255100,0.055492675850000,0.049471322044400,0.050833406878700,0.046673944033600,0.000000000000000,3559.205304409999826,0.047565650497600,2512.510457360000146,0.992557061794000,101.641163320000004,1.959972074010000,0.458171143777000,0.004399908739330,0.000000000000000,1.000000000000000,0.000000000000000,0.000000000000000,0.000000000000000,0.000000000000000,0.000000000000000,0.000000000000000,0.000000000000000,0.000000000000000,30.000000000000000,0.000000000000000,0.000000000000000,0.000000000000000,0.000000000000000,0.000000000000000,0.000000000000000,0.000000000000000,0.071511645244983,0.056958816688039,0.054924129723297,0.063998809878012,0.066185462463089,0.064843260655591,0.066201881179193,0.068215283829672,0.063018993266298,0.074282090769091,0.062172330845618,0.071485844692531,0.064605401278748,0.073321245665935,0.060472962220313,0.076291416022152,0.057390724057391,0.079879879879880,0.493126174216444,0.492085688783100,0.493989918573090,0.494185172942272,0.493311592233596,0.495096527477950,0.497534752043770,0.496196568955091,0.495161828495162,0.322994581297164,0.310177337332116,0.301059602649007,0.287530790227015,0.277286037534939,0.275384981473298,0.280259922725676,0.289355899013917,0.296351860660836,0.128470461933022,0.118922939601309,0.131028723118680,0.134417165008865,0.137301084035389,0.133658175538149,0.137926646944683,0.136764378242465,0.137270603937271,0.458024416215283,0.000000000000000,0.000000000000000,0.412358040978526,30.000000000000000,12.370741229355785,0.447130832333619,0.000000000000000,0.000000000000000,0.443229761859205,0.000000000000000,0.000000000000000,0.434865219887585,0.000000000000000,0.000000000000000,0.433981334873310,0.000000000000000,0.000000000000000,0.465606506982555,0.000000000000000,0.000000000000000,0.463835164569300,0.000000000000000,0.000000000000000,0.466219749861354,0.000000000000000,0.000000000000000,29970.000000000000000,49.52,"208",0.007
36.000000000000000,SAWAH BESAR,KARTINI,JAKARTA PUSAT,"35",36.000000000000000,SAWAH BESAR,KARTINI,JAKARTA PUSAT,36.000000000000000,119.306521489999994,184.735759768000008,181.133739741999989,145.460527310999993,119.306521489999994,189.774699669000000,188.195520727999991,162.175593437000003,113.648838644999998,157.265827728000005,0.979452054795000,0.979452054795000,0.965753424658000,0.967465753425000,0.972602739726000,0.964041095890000,0.982876712329000,0.994863013699000,0.991438356164000,0.982876712329000,43.300721732200003,252981.758999000012409,54091.496544800000265,54214.663577100000111,55409.768688099997235,54649.597160199991777,54053.006847199998447,53925.990845000000263,52804.016159500002686,50819.872247400002379,50662.064487199997529,48724.108212200000708,0.067183698715700,0.071310500502700,0.066870257271200,0.069391321512100,0.064283827342100,0.074398143631600,0.072824996867400,0.073416019394400,0.070316283775400,0.071470774085000,125.327262106999996,-0.018185482757900,-0.082582334320700,16.444848450599999,862490.776866000029258,34.267435625899999,27.468282425200002,35.530609957300001,43.231707243999999,35.565956552099998,33.066476015299997,27.871317564300000,38.310709035999999,29.721632192200001,-0.081353210250900,-0.089077687401300,-0.080017105248800,-0.084951099486700,-0.080465115648200,-0.089238130653400,-0.095520656409200,-0.086164923493200,-0.085813449501100,-0.088695614128200,1.000000000000000,40.207376166099998,40.721867533199998,40.510537430200003,41.157763429900001,40.954339409200003,40.557177221300002,40.274122658000003,40.571858146600000,38.114293374500001,0.040725092727100,0.034886103494600,0.040099250479500,0.047750616884100,0.042450348856100,0.047406422011100,0.042762354905800,0.044432770304100,0.039488364077600,0.000000000000000,3351.066424120000192,0.042613519651000,2451.156462569999803,0.993194901009000,137.655055158000010,1.949075903770000,0.452941992454000,0.004495597742710,1.000000000000000,3.000000000000000,0.000000000000000,0.000000000000000,1.000000000000000,1.000000000000000,0.000000000000000,0.000000000000000,0.000000000000000,7.500000000000000,46.666666666700003,0.000000000000000,0.000000000000000,30.000000000000000,15.000000000000000,0.000000000000000,0.000000000000000,0.000000000000000,0.065386390259487,0.068332682545880,0.049145595998888,0.078181439288691,0.061203648272705,0.077578617459591,0.060098978174956,0.080464271727133,0.055993718996467,0.088397987223868,0.054450032801224,0.084481376193600,0.056424432915515,0.088347786571742,0.053827160493827,0.093257359924027,0.052650288332412,0.098546488664191,0.504454935927017,0.503889969435954,0.506814100080994,0.507174137501335,0.507547910495700,0.509111451271959,0.511682508425796,0.512250712250712,0.510624851884035,0.298193361288553,0.284136735386123,0.280688854489164,0.251543089303852,0.243630697312037,0.249384969446869,0.255187236504919,0.264345956672730,0.271755463014640,0.133719072805367,0.127327035287579,0.138782265732296,0.140563249902089,0.144391706220335,0.138931408994824,0.144772219487257,0.147084520417854,0.151196776996603,0.515606272608483,7.500000000000000,3.867047044563624,0.480073652118654,140.000000000100016,67.210311296659626,0.525321210157151,0.000000000000000,0.000000000000000,0.501642560075082,0.000000000000000,0.000000000000000,0.505940748967543,30.000000000000000,15.178222469026299,0.506853541572965,15.000000000000000,7.602803123594480,0.544516386606533,0.000000000000000,0.000000000000000,0.563893896621513,0.000000000000000,0.000000000000000,0.572823193484882,0.000000000000000,0.000000000000000,25318.000000000000000,51.06,"88",0.003
37.000000000000000,KEMAYORAN,KEBON KOSONG,JAKARTA PUSAT,"36",37.000000000000000,KEMAYORAN,KEBON KOSONG,JAKARTA PUSAT,37.000000000000000,120.043675785999994,184.333429520000010,180.890422053999998,144.908252312999991,120.043675785999994,190.519673074999986,188.085167622999990,161.451511465000010,113.734223503999999,157.472226277999994,0.719184430028000,0.671918443003000,0.651529193698000,0.713623725672000,0.737720111214000,0.656163113994000,0.763670064875000,0.828544949027000,0.886932344764000,0.844300278035000,70.432926829300001,315652.846025999984704,35804.911984300000768,36813.281203099999402,37301.336067600001115,38697.859794800002419,39281.652500499993039,39811.332513200002722,39788.438681699997687,39355.537138799998502,39398.202915800000483,38534.481087499996647,0.107625630594000,0.119342433649000,0.103399854188000,0.107258477318000,0.099041205127400,0.117541080921000,0.123670712234000,0.118273247724000,0.113591459916000,0.121029001924000,2057.436348790000011,-0.025293730883500,-0.079389322779800,8.284627599540000,208072.721042999997735,36.666073066700001,28.884087336899999,36.654668674200003,41.101894767600001,35.819894114400000,33.673967714699998,23.498424724500001,40.644246325300003,29.994975474499999,-0.113001160103000,-0.125243577978000,-0.109261140037000,-0.112573288581000,-0.103990432602000,-0.123344897516000,-0.133165365990000,-0.119196231402000,-0.117307997815000,-0.126967758860000,0.000000000000000,40.188239965599998,41.158845218099998,40.784801700800003,41.499660970100003,40.880229946400000,40.531983421000000,40.422889680899999,40.840574187800001,38.718478878200003,0.009557998151360,0.001975082043970,0.010175028822200,0.012598201278200,0.005887730341730,0.008161242172340,0.005567774491400,0.009633645949400,0.003262466157380,0.000000000000000,3991.940514760000042,0.002884915801800,2235.189551139999821,0.956574578542000,138.754108193999997,2.196170013840000,0.317091560563000,0.003625550880180,0.000000000000000,0.000000000000000,0.000000000000000,0.000000000000000,1.000000000000000,0.000000000000000,0.000000000000000,0.000000000000000,0.000000000000000,0.000000000000000,0.000000000000000,0.000000000000000,0.000000000000000,30.000000000000000,0.000000000000000,0.000000000000000,0.000000000000000,0.000000000000000,0.079375848032564,0.041949344188150,0.060622123029711,0.049128190821593,0.074219485304004,0.046602307257913,0.072825050333792,0.046995867330719,0.069921844368351,0.048906082546985,0.067634366418203,0.048463449718844,0.068986488273090,0.049049419603903,0.065134706814580,0.051928156365557,0.062867944909533,0.053929246556846,0.499151967435550,0.498925931092203,0.500363030091161,0.500238423227721,0.499986930496380,0.502393095331503,0.503609296914249,0.503090332805071,0.502106400216041,0.275987608980296,0.264288359461795,0.256726152731226,0.238336894586894,0.228250101975409,0.240944607430215,0.248756658132486,0.257579304693901,0.266839532665713,0.121325192220714,0.109750313851304,0.120821792561917,0.119820917664511,0.118827926915336,0.116097816137047,0.118035907876993,0.117062863180137,0.116797191466379,0.426204418530300,0.000000000000000,0.000000000000000,0.381239923025042,0.000000000000000,0.000000000000000,0.411991135488895,0.000000000000000,0.000000000000000,0.389155428488523,0.000000000000000,0.000000000000000,0.374306734752312,30.000000000000000,11.229202042569366,0.395073102656996,0.000000000000000,0.000000000000000,0.415998912343031,0.000000000000000,0.000000000000000,0.419478645218671,0.000000000000000,0.000000000000000,0.422475568435677,0.000000000000000,0.000000000000000,37030.000000000000000,50.21,"10",0.000
38.000000000000000,KEMAYORAN,HARAPAN MULIA,JAKARTA PUSAT,"37",38.000000000000000,KEMAYORAN,HARAPAN MULIA,JAKARTA PUSAT,38.000000000000000,121.823403944000006,187.011137585999990,183.328864360000011,146.414432309999995,121.823403944000006,192.939081931999993,189.767849731000013,163.846396395999989,114.488128009999997,159.330283113999997,0.978040540541000,0.974662162162000,0.978040540541000,0.976351351351000,0.984797297297000,0.971283783784000,0.983108108108000,0.994932432432000,0.998310810811000,0.988175675676000,43.970288624799998,252669.278244999994058,53091.809670900001947,54101.022617800001171,54235.710811800003285,55165.249052400002256,55565.519600899999205,55776.088467599998694,54814.300941199995577,53537.608623000000080,53321.348705800002790,51291.540711099994951,0.075299619885800,0.082328490925500,0.073042251786400,0.072109609194200,0.067873656913300,0.077659056056300,0.075767123914400,0.074282283284300,0.068946111997600,0.074646363846600,2344.401715739999872,-0.022948206563400,-0.078860142155700,17.940392465900000,3945.789367930000026,30.452562133299999,26.229250228100000,32.917142610500001,38.025523852500001,34.553690729400003,33.226696444799998,25.025327545600000,37.973377573400001,26.872405487500000,-0.096306930925400,-0.104668906632000,-0.094362666534700,-0.091695758765800,-0.085915982905700,-0.098265705542100,-0.103111708423000,-0.093479804568800,-0.088066093994900,-0.096596796241800,0.000000000000000,41.410850355400001,42.165119855800000,42.189350565100000,42.875579612300001,42.418837118600003,42.007954550199997,41.247096767599999,41.877540797000002,40.018084521200002,0.054562892366800,0.039923834252800,0.053737539037500,0.053667470454700,0.055788118147400,0.062540391985700,0.055631504502700,0.057710074389900,0.057148730216200,0.000000000000000,5375.229702609999549,0.054075584614300,2951.994143530000201,0.990989416260000,127.167681817000002,1.450237667560000,0.472271203356000,0.006611101657160,0.000000000000000,0.000000000000000,0.000000000000000,0.000000000000000,0.000000000000000,0.000000000000000,0.000000000000000,0.000000000000000,0.000000000000000,0.000000000000000,0.000000000000000,0.000000000000000,0.000000000000000,0.000000000000000,0.000000000000000,0.000000000000000,0.000000000000000,0.000000000000000,0.078544128475753,0.044707037413654,0.061140258831759,0.052570828961175,0.076203576341128,0.050240715268226,0.074732853094807,0.050971288108975,0.074280661179512,0.056458744303109,0.075134106246755,0.050320124589029,0.076571469066685,0.052370491106229,0.070478155685214,0.058915611213889,0.065463421850729,0.061801908425179,0.492022861951681,0.492759706190976,0.494222833562586,0.495203304769383,0.495544520780899,0.496971794428102,0.498299199206293,0.498470186423794,0.497004216288187,0.267865612648221,0.252725585710972,0.239050601105570,0.228389619350634,0.221777879341865,0.229155376635442,0.232815788428702,0.247925352392297,0.257315221406000,0.123251165889407,0.113711087792934,0.126444291609354,0.125704141203782,0.130739405482621,0.125454230835784,0.128941960172914,0.129393766899103,0.127265330275908,0.379095302770885,0.000000000000000,0.000000000000000,0.341911046131455,0.000000000000000,0.000000000000000,0.370870855926702,0.000000000000000,0.000000000000000,0.363661386855725,0.000000000000000,0.000000000000000,0.372388337383498,0.000000000000000,0.000000000000000,0.374647303650663,0.000000000000000,0.000000000000000,0.396067363123337,0.000000000000000,0.000000000000000,0.414250804229006,0.000000000000000,0.000000000000000,0.409395806508894,0.000000000000000,0.000000000000000,27038.000000000000000,49.70,"233",0.009
39.000000000000000,KEMAYORAN,SERDANG,JAKARTA PUSAT,"38",39.000000000000000,KEMAYORAN,SERDANG,JAKARTA PUSAT,39.000000000000000,120.248958920999996,184.182456540000004,180.763161674999992,144.718406533999996,120.248958920999996,190.705249900000013,188.112517467999993,161.205856559000011,113.799258675999994,157.564955249000008,0.986913849509000,0.990185387132000,0.985823336968000,0.993456924755000,0.994547437296000,0.986913849509000,0.998909487459000,0.998909487459000,0.997818974918000,0.996728462377000,43.187600644100002,471406.975078999996185,44548.443193599996448,45561.270532199996524,45715.956889300003240,46376.443081000004895,46691.954142900001898,46633.026006799998868,45893.968967000000703,45402.901166500007093,45167.188622200003010,43762.734712799996487,0.079498691275100,0.082357550009400,0.073819405432800,0.073891556497800,0.068614920920200,0.075696882555200,0.076121974935500,0.074063814989600,0.071136227537700,0.073368518496500,2313.925060489999851,-0.022351727448600,-0.082983743232800,10.671228777400000,637610.391067999997176,30.981944572100002,24.429930015699998,31.950285611200002,37.720424812300003,33.357915248099999,31.528241327200000,21.339707969999999,38.402980753900003,27.991818475500001,-0.102023227670000,-0.108051213027000,-0.094195130720900,-0.094938258377400,-0.090102454393500,-0.098219825964400,-0.102825632780000,-0.093905188025400,-0.091755382737000,-0.096594230006800,2.000000000000000,40.796696484800002,41.414125040000002,41.444148654800003,41.841591724399997,41.586733983499997,40.968248318800001,40.651799491799999,41.170383095100000,39.187926858300003,0.054217051775700,0.043621571055800,0.060753902905700,0.056169690513200,0.063340894277500,0.068126217227800,0.060400373684300,0.065276478635500,0.063437146772000,0.000000000000000,4383.012524879999546,0.054187249549700,2052.982755070000167,0.994367131039000,190.167930629000011,1.765707751420000,0.559448967843000,0.005917368357130,0.000000000000000,1.000000000000000,0.000000000000000,0.000000000000000,0.000000000000000,0.000000000000000,0.000000000000000,0.000000000000000,3.000000000000000,0.000000000000000,6.666666666670000,0.000000000000000,0.000000000000000,0.000000000000000,0.000000000000000,0.000000000000000,0.000000000000000,10.000000000000000,0.075851476611339,0.050846087518862,0.058300660615500,0.057333906224824,0.069859169843287,0.052996611605252,0.068387978860463,0.052717377014698,0.067368698170330,0.055206002369356,0.067437070326084,0.051146242944654,0.067490468593678,0.050861206500284,0.064200483813976,0.053817509717050,0.062810334670519,0.055909333183718,0.496281526190989,0.496079273860035,0.497220457433291,0.498724791628323,0.499749901276820,0.500548377604794,0.502122596868832,0.502160854556821,0.502370465957865,0.253448955459204,0.229265981701359,0.215605142603813,0.206249267892702,0.197341124908692,0.203694917264694,0.202114278869190,0.207692538297809,0.215878900216250,0.126697564130201,0.115634566840324,0.122855781448539,0.121105355875161,0.122574700539686,0.118583313270738,0.118351675093962,0.118017993531026,0.118719667854237,0.399355034579331,0.000000000000000,0.000000000000000,0.342770356468377,6.666666666670000,2.285135709790323,0.354885369540473,0.000000000000000,0.000000000000000,0.349537737410823,0.000000000000000,0.000000000000000,0.350414588334145,0.000000000000000,0.000000000000000,0.351229614784852,0.000000000000000,0.000000000000000,0.358601205789828,0.000000000000000,0.000000000000000,0.363810240377988,0.000000000000000,0.000000000000000,0.375613647186876,30.000000000000000,11.268409415606275,35647.000000000000000,50.24,"251",0.007
40.000000000000000,KEMAYORAN,GUNUNG SAHARI SELATAN,JAKARTA PUSAT,"39",40.000000000000000,KEMAYORAN,GUNUNG SAHARI SELATAN,JAKARTA PUSAT,40.000000000000000,120.123034133999994,185.137798510000010,181.596587757999998,145.514271635999989,120.123034133999994,190.766317627000006,188.467894370000010,162.337903567000012,113.842949962999995,157.784901501999997,0.707158351410000,0.605748373102000,0.597071583514000,0.642624728850000,0.708242950108000,0.584598698482000,0.706073752711000,0.752711496746000,0.826464208243000,0.784164859002000,76.656855955699996,491994.956820000021253,14534.306446000000506,14784.414128500000515,14883.847182800000155,14770.993716299999505,14799.664597000000867,15099.793815999999424,14674.000737000000299,14140.844360200000665,14088.382748699999865,13313.048933000000034,0.111731714154000,0.131269410030000,0.120567957827000,0.117519063199000,0.110014163020000,0.129327089110000,0.136084347073000,0.133637768841000,0.124998220665000,0.130411839408000,1029.921200570000110,-0.024213396823100,-0.077683323915600,3.352507918050000,427912.662590999971144,38.606751573700002,30.929336504999998,41.318473155000000,45.687904322400001,39.523896238299997,37.100295491399997,28.259905094600001,44.575670830000000,33.734446507800001,-0.115897679329000,-0.131798660672000,-0.122574670085000,-0.118312197085000,-0.113226198846000,-0.132484411403000,-0.142074027319000,-0.134426412160000,-0.126725852045000,-0.134246447489000,0.000000000000000,40.155898926600003,40.978343532799997,40.750823754999999,41.422108070900002,40.741072246900004,40.571351427800003,40.340772124799997,40.853066961000003,38.545250189900003,0.005111323225860,-0.011165928004100,-0.001032431072480,0.006221669312850,-0.008511567504890,-0.007428981180010,-0.006282287815930,-0.001478948294330,-0.009777451371280,19707.131422700000257,3937.072163339999861,-0.010530810659000,2421.567207520000011,0.977356588137000,240.435532628000004,1.897928619960000,0.291604601983000,0.001684872765040,0.000000000000000,0.000000000000000,0.000000000000000,0.000000000000000,4.000000000000000,3.000000000000000,3.000000000000000,1.000000000000000,1.000000000000000,0.000000000000000,0.000000000000000,0.000000000000000,0.000000000000000,85.000000000000000,16.666666666699999,25.000000000000000,25.000000000000000,3.000000000000000,0.069029542828850,0.061891401221324,0.052174269437272,0.071519324562482,0.064549434211613,0.069009663830842,0.062281027162936,0.071678826099501,0.061608693895689,0.079141922191250,0.061941384327583,0.073082519226772,0.062464949743324,0.075363444199991,0.056722234249838,0.080277116258930,0.053473240469208,0.084219208211144,0.493522033338835,0.492315258822083,0.496489634095978,0.496888009562673,0.491819173433523,0.493327790480150,0.496958716189983,0.492400952587140,0.497525659824047,0.244772560528247,0.235357334766255,0.219881170018282,0.204145642983772,0.201430221195700,0.209786379404784,0.213069663773889,0.225658485837235,0.236991626794258,0.130920944050174,0.123693593999754,0.133559098042455,0.133959853262437,0.140750616086939,0.135023903554355,0.137828393943315,0.136999350508768,0.137692448680352,0.384684331291648,0.000000000000000,0.000000000000000,0.347845534610940,0.000000000000000,0.000000000000000,0.383805208781526,0.000000000000000,0.000000000000000,0.370759105284319,0.000000000000000,0.000000000000000,0.355125583507375,340.000000000000000,120.742698392507577,0.357722302666138,50.000000000100002,17.886115133342685,0.391038237357156,75.000000000000000,29.327867801786709,0.374085126292668,25.000000000000000,9.352128157316695,0.419346383851070,3.000000000000000,1.258039151553211,21824.000000000000000,49.75,"105",0.005
41.000000000000000,KEMAYORAN,CEMPAKA BARU,JAKARTA PUSAT,"40",41.000000000000000,KEMAYORAN,CEMPAKA BARU,JAKARTA PUSAT,41.000000000000000,121.586386114999996,186.215667056999990,182.594391833999993,145.872206648000002,121.586386114999996,192.509296831999990,189.427642055999996,163.040525938999991,114.375910488000002,158.977143995000006,0.950184501845000,0.936346863469000,0.940036900369000,0.955719557196000,0.969557195572000,0.947416974170000,0.970479704797000,0.981549815498000,0.996309963100000,0.987084870849000,49.768589174799999,446995.110114999988582,41191.498477900000580,42334.469040199997835,42523.064364199999545,43297.134182900001178,43736.499113400001079,43838.050441699997464,42968.646722999998019,42046.394864000001689,41746.922069400003238,40395.667660300001444,0.086175978042800,0.089806072352100,0.081090215559200,0.082078793227000,0.073844677414700,0.085446068212900,0.086403769296600,0.085018874864300,0.078409212163700,0.085167570390200,2118.540684090000013,-0.019952986295300,-0.081203526077600,17.298942131699999,108467.982233999995515,28.964163869800000,24.233877669900000,31.928239020400000,37.294778424599997,33.759803800400000,32.733917222099997,25.216905764200000,38.414583800599999,27.818371821600000,-0.102159431764000,-0.110072930258000,-0.097869627868500,-0.098765394701900,-0.091242805291700,-0.104219866851000,-0.109671718472000,-0.101158959774000,-0.096904501322400,-0.104412126815000,0.000000000000000,41.360413573499997,42.052314811499997,42.199145859100000,42.684288454300003,42.372011761300001,41.888627429300001,41.206974203400001,41.831491369200002,39.903908687900000,0.044649752787300,0.033368124113100,0.049239754050300,0.049090212776200,0.049565724587700,0.056553814844200,0.048612467177900,0.054843730799400,0.052079683960300,0.000000000000000,5379.222258439999678,0.047180203323700,2155.988174879999860,0.992030044039000,170.111454342999991,1.600387982620000,0.453706980432000,0.005729361983980,1.000000000000000,2.000000000000000,0.000000000000000,0.000000000000000,2.000000000000000,1.000000000000000,1.000000000000000,1.000000000000000,3.000000000000000,20.000000000000000,25.000000000000000,0.000000000000000,0.000000000000000,20.000000000000000,20.000000000000000,20.000000000000000,25.000000000000000,31.666666666699999,0.078303226122289,0.050961962108973,0.059849887903304,0.058460863631933,0.073474858195917,0.054519780772084,0.073802923685645,0.055038263795105,0.071386360950242,0.057841862663988,0.071432016591907,0.053899580379106,0.069992113564669,0.054958596214511,0.065703576836200,0.058604512621937,0.061077905753790,0.061513993279122,0.496499730748519,0.495053124086168,0.495919393054592,0.497761034899424,0.496678879565063,0.498384218395794,0.501799093059937,0.502395313624742,0.501808480619757,0.255984555984556,0.240837414563263,0.230339192603344,0.220964527700279,0.212814765985498,0.220450634545063,0.223249814758912,0.227405247813411,0.236645540968764,0.129265188231262,0.118310751535237,0.127994638968001,0.128841187480750,0.129228223614230,0.125331596971013,0.124950709779180,0.124308089458137,0.122591899032912,0.410298101122507,20.000000000000000,8.205962022450143,0.355886170304845,50.000000000000000,17.794308515242271,0.376294706435938,0.000000000000000,0.000000000000000,0.380010007471648,0.000000000000000,0.000000000000000,0.365829649054301,40.000000000000000,14.633185962172035,0.373816810090859,20.000000000000000,7.476336201817172,0.396695526256113,20.000000000000000,7.933910525122260,0.402996300982924,25.000000000000000,10.074907524573103,0.404492687930946,95.000000000100002,38.426805353480283,38983.000000000000000,50.18,"150",0.004
42.000000000000000,KEMAYORAN,SUMUR BATU,JAKARTA PUSAT,"41",42.000000000000000,KEMAYORAN,SUMUR BATU,JAKARTA PUSAT,42.000000000000000,121.085363393999998,184.922627508999994,181.433025710000010,145.037849052000013,121.085363393999998,191.701664260999991,188.775413778999990,161.778152502000012,114.154774086000003,158.338664260000002,0.883045525903000,0.835949764521000,0.849293563579000,0.852433281005000,0.895604395604000,0.825745682889000,0.905808477237000,0.934850863422000,0.956043956044000,0.939560439560000,47.827047413800003,509323.810189999989234,24241.959936600000219,24714.080077800001163,24943.093579199998203,25299.826148500000272,25557.906748099998367,25780.754501300001721,25325.369962100001430,24706.152687400001014,24648.899312099998497,23832.378097699998762,0.093412051948100,0.099656760496700,0.084441049550800,0.093460589015700,0.081065287331100,0.095243882019400,0.096250155908500,0.095232535232600,0.091204588267900,0.096940945500600,1209.478204159999905,-0.019202237031400,-0.083866375733600,39.086127785400002,687681.959615999949165,30.250678309900000,24.172490798999998,32.638986928599998,38.941373882400001,33.211711815599998,30.214433206799999,26.280186122000000,39.100984325900001,28.546827627100001,-0.105555120148000,-0.115387423913000,-0.095509967070800,-0.103417363720000,-0.096007423700500,-0.109549399822000,-0.113036135878000,-0.106043344627000,-0.103295194830000,-0.111349398019000,1.000000000000000,41.144681341999998,41.660200493200001,41.964299229100000,42.338622844699998,42.161945415399998,41.573321085899998,41.007024258000001,41.626792225700001,39.691844882799998,0.027381051658000,0.019401943509100,0.028114705375200,0.030115434215600,0.026251852585800,0.031489156432900,0.025270749133000,0.027175778853000,0.025469106889300,28070.322009700001217,5323.687170700000024,0.022814266640400,1688.135314319999907,0.987429061469000,213.342844383999989,2.102824306610000,0.438033898245000,0.003224693395050,0.000000000000000,3.000000000000000,1.000000000000000,0.000000000000000,3.000000000000000,0.000000000000000,1.000000000000000,0.000000000000000,0.000000000000000,0.000000000000000,23.333333333300001,30.000000000000000,0.000000000000000,25.000000000000000,0.000000000000000,20.000000000000000,0.000000000000000,0.000000000000000,0.073847031149761,0.055278351985174,0.056289285966523,0.062327848011865,0.072381018695819,0.059951954879365,0.072167080231596,0.061827956989247,0.069698315624039,0.068092521097407,0.069769059543684,0.063369504730106,0.068879460943349,0.064601233555563,0.065465980560320,0.066716695254431,0.059282255978120,0.068669845141738,0.498752583933281,0.497174941733173,0.500783344358180,0.501585332230494,0.500222077966449,0.501773789649416,0.500944775214803,0.502572898799314,0.503381749639650,0.255334452169743,0.235474480884921,0.226466469581453,0.220145379023884,0.208548828719197,0.217008117510630,0.222072625034649,0.233262108262108,0.244580028472646,0.129125383134935,0.118617133978388,0.132332973575184,0.133995037220843,0.137790836721446,0.133138564273790,0.133480694498912,0.132182675814751,0.127952101119858,0.423062897205903,0.000000000000000,0.000000000000000,0.364087801976984,69.999999999899998,25.486146138352485,0.413783173739606,30.000000000000000,12.413495212188188,0.416535779433651,0.000000000000000,0.000000000000000,0.406204373573881,75.000000000000000,30.465328018041060,0.412075466249320,0.000000000000000,0.000000000000000,0.413245322678560,20.000000000000000,8.264906453571196,0.431518271596523,0.000000000000000,0.000000000000000,0.436979527434060,0.000000000000000,0.000000000000000,27057.000000000000000,50.34,"120",0.004
43.000000000000000,KEMAYORAN,UTAN PANJANG,JAKARTA PUSAT,"42",43.000000000000000,KEMAYORAN,UTAN PANJANG,JAKARTA PUSAT,43.000000000000000,121.056468530000004,185.900533873999990,182.318943394000001,145.800075313999997,121.056468530000004,191.912822352999996,189.062486960999991,162.866171795000014,114.169381603999994,158.548791789999996,0.968698517298000,0.973640856672000,0.996705107084000,0.991762767710000,0.991762767710000,0.990115321252000,1.000000000000000,1.000000000000000,1.000000000000000,0.998352553542000,39.980870878399998,296289.662261000019498,66074.621002600004431,67276.885752200003481,68051.884106199999223,69276.344512800002121,69502.000358100005542,70184.516808300002594,69346.630759699997725,68192.456600000004983,67439.653902899997775,64792.821815600000264,0.079136295241000,0.082295830967600,0.069476818825400,0.066404960874600,0.063617659441200,0.073743028913000,0.073252726533400,0.072813549074400,0.068943225866100,0.073263064082100,2111.232862750000095,-0.024887266469200,-0.080064980043300,8.675956639590000,258354.932480999967083,31.089003703300001,26.698913676299998,33.340149975099997,38.225608493999999,34.677893590799997,33.401426232399999,24.284729086799999,38.370745987399999,26.343775213400001,-0.098719558124700,-0.103486712672000,-0.088716301806200,-0.082566334657300,-0.081550809283200,-0.092119752925000,-0.096876934545100,-0.087755274365100,-0.086396694950500,-0.092798631484900,0.000000000000000,41.061897768999998,41.819120643100000,41.822122982099998,42.513331544000003,41.844917928900003,41.397901573299997,40.925026545999998,41.496529403700002,39.512335072399999,0.052566197313700,0.049778582342400,0.059314456794200,0.059292661159200,0.061603051651200,0.068128784408900,0.058631629936700,0.065325209533800,0.061132514714700,0.000000000000000,4780.021460150001076,0.055329723071300,2402.821818750000148,0.989556313462000,134.075123907999995,2.259069054270000,0.519014563641000,0.006987932090290,0.000000000000000,0.000000000000000,0.000000000000000,0.000000000000000,0.000000000000000,0.000000000000000,0.000000000000000,0.000000000000000,0.000000000000000,0.000000000000000,0.000000000000000,0.000000000000000,0.000000000000000,0.000000000000000,0.000000000000000,0.000000000000000,0.000000000000000,0.000000000000000,0.082506254639430,0.038105187914112,0.064497716894977,0.044466188301805,0.078736583542479,0.040930207721472,0.079545454545455,0.042340855865446,0.077085254974305,0.047226248517591,0.075269390803371,0.045449695935133,0.074617554518824,0.046083324292069,0.070020021392721,0.048846712926140,0.064972880388239,0.050927776191835,0.488329255216782,0.487225483800826,0.488732845623965,0.488929103683202,0.489682435103439,0.491011415768697,0.492595204513399,0.492498834370972,0.491607193833857,0.300525383156651,0.286378176112016,0.273980037994150,0.252299921832722,0.246169833729216,0.247698719678570,0.250068524440384,0.258931307065384,0.269878983716657,0.120611442553542,0.108963905196782,0.119666791263951,0.121886310410901,0.124311503491896,0.120719086738504,0.120700878810893,0.118866734318861,0.115900656580074,0.383696255880510,0.000000000000000,0.000000000000000,0.330570123535956,0.000000000000000,0.000000000000000,0.355663886954035,0.000000000000000,0.000000000000000,0.340027309704394,0.000000000000000,0.000000000000000,0.344743094945684,0.000000000000000,0.000000000000000,0.344809656015132,0.000000000000000,0.000000000000000,0.356977062266028,0.000000000000000,0.000000000000000,0.360767579389042,0.000000000000000,0.000000000000000,0.358816469968431,0.000000000000000,0.000000000000000,35030.000000000000000,49.16,"80",0.002
44.000000000000000,SENEN,SENEN,JAKARTA PUSAT,"43",44.000000000000000,SENEN,SENEN,JAKARTA PUSAT,44.000000000000000,122.251865276000004,188.672226509000012,184.906551914000005,147.573989458000000,122.251865276000004,193.779808822999996,190.322932159999993,165.553146722999998,114.661128035000004,160.019507223000005,0.762962962963000,0.681481481481000,0.658201058201000,0.729100529101000,0.722751322751000,0.613756613757000,0.770370370370000,0.810582010582000,0.876190476190000,0.826455026455000,118.830443160000002,247082.138482000009390,10341.328871600000639,10488.158312999999907,10449.958783599999151,10299.548136199999135,10318.647901000000275,10280.448371500000576,10150.331224199999269,9763.560988209999778,9638.218782100000681,9221.605163700000048,0.105463541611000,0.116892948453000,0.108793960878000,0.111845839572000,0.111141716454000,0.121775458942000,0.124581340763000,0.124008189256000,0.119817928844000,0.126561968529000,682.430461913000045,-0.022547009685700,-0.078593214352900,19.991367306200001,691761.970066000008956,46.828813186100000,39.512854384599997,50.721087204800000,59.824632757300002,54.311369546599998,50.026484779299999,47.125821561199999,63.443976987200003,45.222400948000001,-0.108944208689000,-0.125040485010000,-0.111180864085000,-0.114043424249000,-0.114424828782000,-0.128292401653000,-0.133378855144000,-0.128950329752000,-0.123860990985000,-0.131880629477000,0.000000000000000,40.652863106100000,41.299826543099996,41.138917810300001,41.820111996900003,41.437146626299999,40.848064602900003,40.904858688499999,41.320092329300003,39.076255150900003,0.007614150696820,-0.006418340847410,0.004071720079840,0.003648642303910,-0.010117314490500,-0.006367321289590,-0.008516367710580,-0.002913756191070,-0.012760656075100,11688.788946099999521,5777.587533259999873,-0.000454889076054,2240.222880750000058,0.935807755876000,199.263453790999989,2.419026271720000,0.290792194284000,0.000613580102742,1.000000000000000,1.000000000000000,0.000000000000000,0.000000000000000,2.000000000000000,2.000000000000000,0.000000000000000,1.000000000000000,1.000000000000000,12.500000000000000,30.000000000000000,0.000000000000000,0.000000000000000,22.500000000000000,17.500000000000000,0.000000000000000,25.000000000000000,20.000000000000000,0.068062827225131,0.049738219895288,0.050605437514279,0.057802147589673,0.063861845155308,0.054821511358368,0.066288755205923,0.058884775566867,0.062122619600557,0.068973525313516,0.066682347406798,0.061272492061625,0.070791050250642,0.062721604108082,0.066881347535298,0.068119891008174,0.063300970873786,0.071715210355987,0.481789210106988,0.482293808544665,0.485975892443208,0.486811661267932,0.488039944263818,0.489356697636128,0.488812813302360,0.490091652216993,0.490355987055016,0.281313387423935,0.270118527760449,0.261932329859771,0.253423780878024,0.246232439335888,0.251853779107584,0.263657313270977,0.274072044925353,0.283188364465992,0.117801047120419,0.108407585103952,0.118683356513676,0.125173530772790,0.131096144914073,0.127954839468423,0.133512654358724,0.135001238543472,0.135016181229773,0.315732717425948,12.500000000000000,3.946658967824352,0.281674148649486,30.000000000000000,8.450224459484581,0.323398268422406,0.000000000000000,0.000000000000000,0.337091390023657,0.000000000000000,0.000000000000000,0.353048373109715,45.000000000000000,15.887176789937191,0.358568339987053,35.000000000000000,12.549891899546871,0.382669665672251,0.000000000000000,0.000000000000000,0.405507382365896,25.000000000000000,10.137684559147402,0.416771779872845,20.000000000000000,8.335435597456904,7725.000000000000000,49.04,"25",0.003
45.000000000000000,SENEN,KENARI,JAKARTA PUSAT,"44",45.000000000000000,SENEN,KENARI,JAKARTA PUSAT,45.000000000000000,125.144094664999997,192.812082078000003,188.671380139999997,149.839779878000002,125.144094664999997,197.611383762000003,193.077584777999988,169.158240406000004,115.948165118999995,162.986457433999988,0.866071428571000,0.787698412698000,0.831349206349000,0.797619047619000,0.828373015873000,0.718253968254000,0.878968253968000,0.909722222222000,0.946428571429000,0.923611111111000,81.234636871500001,307269.877642999927048,12135.806555399998615,12889.555657900002188,12841.610078899999280,12957.571479300000647,13016.667192900000373,13220.714657099999386,12980.986762000000454,12812.619728800000303,12773.594257500000822,12474.770648800000345,0.099547231841500,0.114570141271000,0.102310070738000,0.108304518759000,0.104214794002000,0.115007179658000,0.115679960243000,0.113602480374000,0.109220947453000,0.113763563401000,323.177105052000002,-0.019327501856700,-0.063945176479900,23.435840456000001,895183.713983000139706,42.241677150999998,36.684463006400001,42.589361250200000,46.986901790300003,38.634991604600003,38.217461882199999,28.451321834800002,45.960034440400001,33.336917819699998,-0.108742238074000,-0.126188792115000,-0.107846515663000,-0.114851841167000,-0.110271035472000,-0.124214262520000,-0.127624413453000,-0.122961674810000,-0.116218154588000,-0.123780564427000,0.000000000000000,40.665843679900000,41.249218048400003,41.478096069599999,42.021230661200001,41.516927797699999,41.157187648799997,40.952903893200002,41.385984200300001,39.403900491500004,0.018369826095600,0.011869073768100,0.013325227343700,0.018713089186200,0.005422475010450,0.012688114629400,0.009827705042660,0.011069748435900,0.006108681081510,0.000000000000000,7737.605298200000107,0.010816636200700,2002.216895999999906,0.930611121255000,183.359817859000003,1.824678933330000,0.335681322804000,0.001180800945230,1.000000000000000,1.000000000000000,0.000000000000000,0.000000000000000,1.000000000000000,0.000000000000000,0.000000000000000,0.000000000000000,0.000000000000000,10.000000000000000,30.000000000000000,0.000000000000000,0.000000000000000,20.000000000000000,0.000000000000000,0.000000000000000,0.000000000000000,0.000000000000000,0.062889273356401,0.060121107266436,0.049318398888599,0.067812798471824,0.062903364598572,0.065657000258153,0.063645708411855,0.068785334932328,0.063000759045290,0.078940710129038,0.063820649372960,0.073612781309053,0.065877643373075,0.075885475589592,0.062849162011173,0.076466480446927,0.058991776903826,0.080443332141580,0.491782006920415,0.491273769210732,0.491954220807159,0.494089429501456,0.495234882347980,0.496048788867892,0.493342615960317,0.492318435754190,0.490704326063640,0.221831320718836,0.211896260101485,0.204637955513488,0.190745452831967,0.180157626332870,0.183534743202417,0.192023775285208,0.201439539347409,0.212992857841698,0.123010380622837,0.117131197360423,0.128560364856725,0.132431043344183,0.141941469174328,0.137433430682013,0.141763118962667,0.139315642458100,0.139435109045406,0.328481675801329,10.000000000000000,3.284816758013287,0.299023065865747,30.000000000000000,8.970691975972416,0.326416240919204,0.000000000000000,0.000000000000000,0.335340861318016,0.000000000000000,0.000000000000000,0.356900140366234,20.000000000000000,7.138002807324680,0.353279627895319,0.000000000000000,0.000000000000000,0.357302562437924,0.000000000000000,0.000000000000000,0.354324863127265,0.000000000000000,0.000000000000000,0.356909182404720,0.000000000000000,0.000000000000000,11188.000000000000000,49.07,"69",0.006
46.000000000000000,SENEN,PASEBAN,JAKARTA PUSAT,"45",46.000000000000000,SENEN,PASEBAN,JAKARTA PUSAT,46.000000000000000,125.289616707999997,192.705137758000006,188.523977634000005,149.692630508999997,125.289616707999997,197.707609264000013,193.216574369999989,168.990490552000011,116.030602252999998,163.078283914999986,0.954594594595000,0.881081081081000,0.903783783784000,0.912432432432000,0.929729729730000,0.852972972973000,0.938378378378000,0.960000000000000,0.985945945946000,0.966486486486000,66.602516654300004,280587.134841000020970,34301.270141200002399,35923.108432200002426,35729.219493600001442,36054.806579099997180,36314.544591099998797,36477.947847499999625,36054.806579099997180,35323.150207200000295,35137.797259699997085,33762.283280499999819,0.092290016855700,0.108435519515000,0.096243021375400,0.097026487756000,0.093235772658800,0.102090696974000,0.103314191377000,0.101781628341000,0.094538261157400,0.099189011772700,837.516726933999962,-0.018575467540800,-0.064990566538500,17.211995192000000,70554.427141599997412,39.921585262500003,34.608211502700001,40.403483814399998,44.103955492099999,35.613317735899997,34.793879277300000,26.055583546899999,42.136334542400000,31.834714321900002,-0.108570050319000,-0.126539351215000,-0.103681476579000,-0.108787968219000,-0.104555778910000,-0.117710166126000,-0.122275056215000,-0.116020576837000,-0.109895628691000,-0.116093119113000,0.000000000000000,41.324377281099999,41.668973559599998,42.036664870899997,42.477960924599998,42.088046722900003,41.819641705899997,41.267671889799999,41.772691643199998,39.759495328200003,0.038027195450600,0.026690123219000,0.035803952856100,0.036497250376200,0.029465902078000,0.036676638375800,0.031630231960700,0.034617780813100,0.033980822440800,7551.776644200000192,7786.192615330000081,0.026798310983300,2235.041975409999850,0.971818415029000,179.801987456000006,1.906031786480000,0.331798502430000,0.003215630322320,0.000000000000000,0.000000000000000,0.000000000000000,0.000000000000000,1.000000000000000,0.000000000000000,0.000000000000000,0.000000000000000,0.000000000000000,0.000000000000000,0.000000000000000,0.000000000000000,0.000000000000000,30.000000000000000,0.000000000000000,0.000000000000000,0.000000000000000,0.000000000000000,0.073186462541159,0.048338368580060,0.057337883959044,0.055665529010239,0.072580917915243,0.053032096594176,0.072397582269980,0.056212222968435,0.070669251855318,0.062612823427158,0.071126593837724,0.058037677140055,0.071840370076294,0.059999309559154,0.069477702585459,0.064341488807913,0.065193050890309,0.067143424711959,0.494789368274551,0.493139931740614,0.497040619609700,0.497985224983210,0.497726816875042,0.498055264314946,0.499223254047709,0.501301405517959,0.500559829522881,0.238542890716804,0.227381665668065,0.219133000453926,0.204119216747472,0.198314124799523,0.202411000188359,0.204383498324410,0.217130935362980,0.232035808488530,0.121524831121219,0.113003412969283,0.125613014509419,0.128609805238415,0.133282075282476,0.129164270977779,0.131839679635448,0.133819191393372,0.132336475602268,0.360529484490844,0.000000000000000,0.000000000000000,0.315640559283127,0.000000000000000,0.000000000000000,0.364942504474871,0.000000000000000,0.000000000000000,0.363019032490537,0.000000000000000,0.000000000000000,0.367935173784126,30.000000000000000,11.038055213523778,0.363146935885014,0.000000000000000,0.000000000000000,0.379617328351135,0.000000000000000,0.000000000000000,0.411143400328867,0.000000000000000,0.000000000000000,0.418286648259413,0.000000000000000,0.000000000000000,27687.000000000000000,50.06,"559",0.020
47.000000000000000,SENEN,KRAMAT,JAKARTA PUSAT,"46",47.000000000000000,SENEN,KRAMAT,JAKARTA PUSAT,47.000000000000000,123.489082518000004,190.177553996999990,186.274368514999992,148.339147682000004,123.489082518000004,195.364218558999994,191.403377189999986,166.806683177999986,115.173984431999997,161.199860840000014,0.974106041924000,0.944512946979000,0.932182490752000,0.958076448829000,0.958076448829000,0.911220715166000,0.961775585697000,0.974106041924000,0.996300863132000,0.981504315660000,59.240029542099997,291120.750666000007186,47739.437916100003349,50970.467902800002776,50740.471771600001375,50439.814178499997070,50317.888518699997803,50529.872904600000766,50639.328894699996454,49183.148570499994094,48955.923477099997399,46855.476882000002661,0.076019362951900,0.092752810765100,0.086983167062200,0.084168031667000,0.078143640989800,0.089474255345400,0.091134665772800,0.088715678322100,0.084932173610300,0.088678549267800,864.715834188000031,-0.019481460818400,-0.066744165069800,18.444382888500002,66856.781521500000963,39.031952228500003,32.265048942599996,38.998996686900000,45.590920324300001,40.672810621300002,39.547053289399997,28.711815855499999,47.558942842500002,33.574429018499998,-0.091401357013100,-0.113759306261000,-0.097224421776200,-0.096250456221600,-0.094703032229800,-0.103970606073000,-0.110385525397000,-0.104076856084000,-0.100651441085000,-0.105219656347000,0.000000000000000,41.301327104599999,41.655259728399997,41.983626112899998,42.596457119000000,42.179531049700003,41.650584530800003,41.198347878500002,41.804660491900002,39.769870605500003,0.045011224919600,0.030627636288200,0.044931094142800,0.048228844144700,0.039478464234700,0.046656901986000,0.044189704144700,0.045546699932000,0.041696271759200,0.000000000000000,6624.500161840000146,0.040771284049500,2251.555706529999952,0.946706576765000,163.345017707000011,1.688086323540000,0.395072045237000,0.003693792079190,1.000000000000000,1.000000000000000,2.000000000000000,0.000000000000000,1.000000000000000,0.000000000000000,0.000000000000000,0.000000000000000,0.000000000000000,35.000000000000000,60.000000000000000,17.500000000000000,0.000000000000000,30.000000000000000,0.000000000000000,0.000000000000000,0.000000000000000,0.000000000000000,0.070267478525606,0.047433945851908,0.054639287859756,0.053328600294905,0.070457354758962,0.051531383051779,0.070435333314976,0.053225762039816,0.068960789690156,0.062188099808061,0.068620208487236,0.056280609592602,0.069975773283002,0.057411685165361,0.066932699383030,0.062772400520745,0.064521852268023,0.064492282216571,0.484505817114276,0.483534487466550,0.488449388820217,0.489632954263843,0.489333698930628,0.489096828914608,0.491746013859936,0.491481292805796,0.491069844461529,0.293387928419776,0.282007541748967,0.277583884398726,0.258522814446592,0.253674452643776,0.263434650455927,0.266631120032619,0.279908288576902,0.288264138607388,0.117701424377514,0.107967888154661,0.121988737810741,0.123661095354792,0.131148889498217,0.124900818079838,0.127387458448363,0.129705099903775,0.129014134484594,0.344854444916582,35.000000000000000,12.069905572080364,0.300623589928815,60.000000000000000,18.037415395728885,0.363989706268648,35.000000000000000,12.739639719402668,0.355693799743400,0.000000000000000,0.000000000000000,0.368969523336940,30.000000000000000,11.069085700108214,0.360924204226719,0.000000000000000,0.000000000000000,0.387264935346771,0.000000000000000,0.000000000000000,0.405882457093487,0.000000000000000,0.000000000000000,0.410292109750896,0.000000000000000,0.000000000000000,33818.000000000000000,49.11,"710",0.021
48.000000000000000,SENEN,KWITANG,JAKARTA PUSAT,"47",48.000000000000000,SENEN,KWITANG,JAKARTA PUSAT,48.000000000000000,123.263504229000006,190.158014995000002,186.300139610000002,148.409531872999992,123.263504229000006,195.149884958000001,191.166441082999995,166.860870422999994,115.050272315000001,161.022871753000004,0.967741935484000,0.929435483871000,0.925403225806000,0.939516129032000,0.951612903226000,0.895161290323000,0.959677419355000,0.965725806452000,0.981854838710000,0.969758064516000,52.754132231400000,154067.382478999963496,42037.399352599997655,43371.167700600002718,43233.502947200002382,43590.077226399997016,43858.636335399998643,44321.280178599998180,43438.871677600000112,42624.167153700007475,42296.931264699996973,40672.035815399998683,0.074505390201300,0.088741872407100,0.087812741662600,0.085604724932400,0.081464828810700,0.087547155217300,0.086971993828500,0.083981000615500,0.082961198798700,0.084714520106800,396.300021706999985,-0.020387210003300,-0.069689720869100,20.362731939800000,354347.981555000005756,45.247263659900000,38.266395638200002,45.586304150200000,54.270188711099998,48.344423613899998,45.832997293200002,41.627176885899999,58.809903208400002,38.619574637400000,-0.087754206454000,-0.109864886001000,-0.096208762129600,-0.098186832191700,-0.094100292937300,-0.104256705005000,-0.107370681783000,-0.100929153445000,-0.097311744872000,-0.101953995624000,0.000000000000000,40.452721913700003,41.152573995899999,41.242989657599999,41.813548309600002,41.384725589900000,40.838176850600000,40.899664483899997,41.247987319499998,39.240009824200001,0.039735361539400,0.023439051005600,0.037059529340700,0.038846658273200,0.029341427188000,0.035649860196600,0.037322302297000,0.039559850463700,0.032444065597200,0.000000000000000,6560.140113080000447,0.036466455556800,2237.974487599999975,0.966502071792000,112.271960780000001,1.943627905200000,0.332073023926000,0.003215939541240,0.000000000000000,1.000000000000000,0.000000000000000,0.000000000000000,0.000000000000000,0.000000000000000,0.000000000000000,0.000000000000000,0.000000000000000,0.000000000000000,30.000000000000000,0.000000000000000,0.000000000000000,0.000000000000000,0.000000000000000,0.000000000000000,0.000000000000000,0.000000000000000,0.077739619107087,0.057081902383182,0.061335282142298,0.063684292947747,0.073207351799120,0.062179653119337,0.071421220541319,0.064834825563445,0.070013748154183,0.075207495289984,0.069150041562760,0.066240648379052,0.068565680097422,0.069465770106422,0.063813893928076,0.073844840465265,0.059538342026412,0.077849295305737,0.500104069101884,0.500234901080545,0.500698938648719,0.499691262735412,0.498243291409950,0.498960931005819,0.499073436755440,0.499092946323765,0.498668294306958,0.282354317809501,0.267808732768068,0.254004178272980,0.238906474820144,0.236521344747435,0.241829310543943,0.249337962690520,0.261531202076206,0.272893772893773,0.134821521490269,0.125019575090045,0.135387004918457,0.136256046104764,0.145221243444167,0.135390689941812,0.138031450203844,0.137658734393341,0.137387637332149,0.475197131713992,0.000000000000000,0.000000000000000,0.434212419344950,30.000000000000000,13.026372580348490,0.450515607727390,0.000000000000000,0.000000000000000,0.430776050868060,0.000000000000000,0.000000000000000,0.443585194598219,0.000000000000000,0.000000000000000,0.427035368087552,0.000000000000000,0.000000000000000,0.442765007593166,0.000000000000000,0.000000000000000,0.454720737637568,0.000000000000000,0.000000000000000,0.463349901657568,0.000000000000000,0.000000000000000,18022.000000000000000,49.87,"158",0.009
49.000000000000000,SENEN,BUNGUR,JAKARTA PUSAT,"48",49.000000000000000,SENEN,BUNGUR,JAKARTA PUSAT,49.000000000000000,121.809002372999998,187.482677910000007,183.779207665999991,146.789533460000001,121.809002372999998,193.044248535000008,189.867579019000004,164.381710285999986,114.491001698999995,159.443911794999991,0.963483146067000,0.971910112360000,0.964887640449000,0.967696629213000,0.980337078652000,0.957865168539000,0.994382022472000,0.997191011236000,1.000000000000000,0.997191011236000,64.775000000000006,240274.367937000002712,35490.992065500002354,37000.741449000001012,36721.920996200002264,36454.189993200001481,36571.421320000001288,36219.727339800003392,36061.306627999998454,34876.319703699999081,34725.820027399997343,33185.970708699998795,0.082884345685000,0.092427588894600,0.082375100604500,0.081049555991100,0.075836395771600,0.085190076731500,0.084960169587900,0.081259117257700,0.078585037987800,0.082617036150700,1568.072620749999942,-0.028864709264000,-0.077023107803700,12.816875197400000,145939.481102999998257,35.822560257500001,30.375223558599998,37.792821577600002,43.744513651399998,40.991931909900003,38.712693069300002,29.037649016300001,44.724787455700003,31.933475526900001,-0.096818627072800,-0.106986562481000,-0.099172606441600,-0.090703147322200,-0.090473248544800,-0.101623008588000,-0.105082840962000,-0.096886262915000,-0.094005890656300,-0.099671809442300,0.000000000000000,41.229430295000000,41.894805680300003,41.733434815499997,42.651254727199998,42.066147588600003,41.611395883400000,41.102848682400001,41.727948228099997,39.630376628599997,0.041342017161800,0.034167630360800,0.041869479474800,0.045547511788800,0.043887855049500,0.047688749637700,0.046721344436000,0.047808075524600,0.044053264061400,0.000000000000000,5327.452151919999778,0.040927793418800,2960.050156759999936,0.953962904473000,146.496480639999987,1.725892898060000,0.373908712187000,0.003425057506090,1.000000000000000,1.000000000000000,0.000000000000000,0.000000000000000,0.000000000000000,0.000000000000000,0.000000000000000,0.000000000000000,0.000000000000000,20.000000000000000,30.000000000000000,0.000000000000000,0.000000000000000,0.000000000000000,0.000000000000000,0.000000000000000,0.000000000000000,0.000000000000000,0.069318376434321,0.059128275389622,0.054486626402071,0.067083692838654,0.072356698970058,0.063621746121420,0.071951483647390,0.065930257743123,0.070594410182391,0.069807111927568,0.071036330887844,0.068136888810789,0.070179423120599,0.069270951623893,0.065921532846715,0.073266423357664,0.062726751957227,0.074470116478900,0.492336016441171,0.491199309749784,0.491895180565816,0.493610569633961,0.493198617854175,0.492685498396521,0.494708153531683,0.492700729927007,0.491359556998281,0.243231649189704,0.231929841105191,0.221027652670831,0.200695047784535,0.191475888943010,0.202669013051767,0.211266181229773,0.222374082510757,0.231530204167544,0.128446651823943,0.121570319240725,0.135978445091478,0.137881741390513,0.140401522109959,0.139173219698633,0.139450374744492,0.139187956204379,0.137196868436127,0.369100925304244,20.000000000000000,7.382018506084882,0.331652983742068,30.000000000000000,9.949589512262053,0.363346839638797,0.000000000000000,0.000000000000000,0.357599392308420,0.000000000000000,0.000000000000000,0.352165058135403,0.000000000000000,0.000000000000000,0.357488086550467,0.000000000000000,0.000000000000000,0.379705526995938,0.000000000000000,0.000000000000000,0.378375542113592,0.000000000000000,0.000000000000000,0.374411178649626,0.000000000000000,0.000000000000000,20948.000000000000000,49.14,"165",0.008
50.000000000000000,CEMPAKA PUTIH,CEMPAKA PUTIH TIMUR,JAKARTA PUSAT,"49",50.000000000000000,CEMPAKA PUTIH,CEMPAKA PUTIH TIMUR,JAKARTA PUSAT,50.000000000000000,122.960593799999998,187.862603946000007,184.038553659999991,146.703404392000010,122.960593799999998,194.208299982999989,190.689433258000008,164.433235400999990,114.975165564999998,160.327144099999998,0.827150428047000,0.739094985732000,0.768854463922000,0.814920505503000,0.830411740726000,0.739094985732000,0.869139828781000,0.919282511211000,0.955972278842000,0.915205870363000,64.660514309400000,880765.230589000042528,13013.184687999999369,13584.385483800000657,13510.919143499999336,13595.405434800000876,13596.782928700000411,13722.594036399999823,13490.256735299999491,13067.366114000000380,13056.805327599999146,12537.490134699999544,0.114021884577000,0.128129337193000,0.104014715053000,0.111628530780000,0.103103761439000,0.114312379126000,0.116549625055000,0.113115355421000,0.108196384404000,0.113780120196000,1530.651957049999965,-0.018790542242100,-0.080112245430900,37.629532865599998,105835.608042000007117,30.463942139099998,23.908222209500000,33.635794647499999,38.132914827999997,32.143932436199997,30.117332414400000,26.245054078199999,37.261230076899999,27.327369472000001,-0.122746135605000,-0.141282720021000,-0.114703433792000,-0.119968997208000,-0.114504338261000,-0.127316329211000,-0.131596720397000,-0.124432485575000,-0.120078426856000,-0.126164988326000,1.000000000000000,40.669286122000003,41.941399476699999,41.690821155099997,42.122508634399999,41.902814326900000,41.740005247699997,41.305804501300003,41.642046105399999,39.849558304600002,0.015363710669500,0.006702430558910,0.015965810603700,0.015909177086200,0.009180502856090,0.014023599879300,0.011383136157300,0.011120837470300,0.007146944400350,0.000000000000000,6601.564908229999673,0.006911036174880,2631.463617089999843,0.984424822724000,286.699003652999977,1.912428890960000,0.401911528639000,0.002198021805990,3.000000000000000,3.000000000000000,2.000000000000000,2.000000000000000,6.000000000000000,1.000000000000000,2.000000000000000,0.000000000000000,0.000000000000000,13.333333333300001,26.000000000000000,25.000000000000000,10.000000000000000,21.666666666699999,50.000000000000000,21.250000000000000,0.000000000000000,0.000000000000000,0.065100557715058,0.069427074531012,0.049821580288870,0.076601529311810,0.062143267249823,0.075078523421932,0.061529109820343,0.074598135890855,0.060061567289032,0.080773606370876,0.059938733832539,0.076480599046971,0.060121578411047,0.076566288344636,0.056864537909692,0.079160219440146,0.054898370261857,0.080607947262406,0.500185905019435,0.499507221750212,0.502448579823702,0.503613399972984,0.503680653148631,0.502722940776038,0.506518148915984,0.507455338303559,0.507452847463834,0.205204905773258,0.197938220514336,0.193744181716626,0.192217725466899,0.181778201275379,0.193126815101646,0.198990599476036,0.211226451364860,0.220893141945774,0.134527632246070,0.126423109600680,0.137221790671755,0.136127245711198,0.140835173659908,0.136419332879510,0.136687866755683,0.136024757349838,0.135506317524263,0.393648938328668,39.999999999899998,15.745957533107358,0.359945678289187,78.000000000000000,28.075762906556555,0.402740239789209,50.000000000000000,20.137011989460465,0.405326122590648,20.000000000000000,8.106522451812966,0.407456142497118,130.000000000200004,52.969298524706879,0.401607074625114,50.000000000000000,20.080353731255705,0.431801474522955,42.500000000000000,18.351562667225569,0.448650265108286,0.000000000000000,0.000000000000000,0.457416411397193,0.000000000000000,0.000000000000000,27305.000000000000000,50.75,"11",0.000
51.000000000000000,TANJUNG PRIOK,SUNTER JAYA,JAKARTA UTARA,"50",51.000000000000000,TANJUNG PRIOK,SUNTER JAYA,JAKARTA UTARA,51.000000000000000,119.452112998999993,181.898350751999999,178.766134703999995,143.223835232999988,119.452112998999993,189.393203809999989,186.909110120000008,158.945739413000013,113.403831323000006,156.443167574000000,0.737286674711000,0.706257541803000,0.701947940010000,0.731080848130000,0.756421306671000,0.701603171867000,0.794518186520000,0.831235993794000,0.870367178073000,0.877952077228000,90.438355000399994,1924019.766899999929592,13710.073976199999379,13945.638256700000056,14134.244912999998633,14778.068869200000336,15129.862971900000048,15309.349759000000631,15499.508733399999983,15561.019340400000146,15606.230606799999805,15220.673584199999823,0.096169540121200,0.103921167487000,0.088919816196900,0.096324659988800,0.086364063804300,0.101696302738000,0.102405539211000,0.099070857623800,0.095604418664600,0.098995759627300,1150.339582770000106,-0.020988680385000,-0.084872068965500,24.029692875399999,733825.580910000135191,31.774397862400001,24.182886753199998,32.597156609300001,39.742782489500001,29.901629664500000,26.951231931500001,22.425204823300000,35.235860640699997,26.795926795200000,-0.102481252588000,-0.111388246900000,-0.093688234168200,-0.102858994640000,-0.094658762195900,-0.108694186156000,-0.111176451060000,-0.105087436510000,-0.102894546442000,-0.106687984892000,1.000000000000000,40.017205513199997,40.945607223000003,40.800009009599997,41.090196507599998,41.309283257499999,40.682686526900000,40.545174259299998,40.892074296499999,38.806172695699999,0.016995910774700,0.007454144578520,0.016980942862500,0.018114477897100,0.014502755440400,0.017924132694100,0.012004571211800,0.017282979408900,0.013187159045400,0.000000000000000,4021.020202700000482,0.012488075687400,2239.380238339999778,0.985127510259000,429.569456681000020,2.562403528140000,0.370163583540000,0.002253589985260,7.000000000000000,3.000000000000000,3.000000000000000,0.000000000000000,3.000000000000000,0.000000000000000,1.000000000000000,0.000000000000000,2.000000000000000,15.714285714300001,16.250000000000000,31.666666666699999,0.000000000000000,46.666666666700003,0.000000000000000,30.000000000000000,0.000000000000000,30.000000000000000,0.083080562126061,0.041143731737860,0.064797781499684,0.044658301529337,0.079398634453781,0.046966911764706,0.075705692996294,0.051415233478255,0.075806737813379,0.051598266115744,0.074713938756604,0.054157590325246,0.072610511877299,0.057784151131617,0.068346844382553,0.063099915452330,0.063780420953328,0.065539705001211,0.492319465701962,0.494041898904478,0.495365021008403,0.494055634642761,0.495614590990900,0.496857708004707,0.497961219527402,0.498060376983140,0.498234341734552,0.244757122102204,0.249778619194479,0.244707347447073,0.225163747583461,0.219578605234647,0.225135522287448,0.236487146224770,0.249657387283877,0.259734575744741,0.124224293863921,0.109456083029021,0.126365546218487,0.127120926474549,0.127405003929123,0.128871529081850,0.130394663008916,0.131446759834883,0.129320125954539,0.359204614150185,110.000000000100002,39.512507556556322,0.335187140943924,48.750000000000000,16.340373121016274,0.383626381952995,95.000000000100002,36.444506285572913,0.357045547833284,0.000000000000000,0.000000000000000,0.361498316573328,140.000000000100016,50.609764320302119,0.378940775589497,0.000000000000000,0.000000000000000,0.401782475885874,30.000000000000000,12.053474276576216,0.419103417008581,0.000000000000000,0.000000000000000,0.425042397813021,60.000000000000000,25.502543868781231,78441.000000000000000,49.82,"0",0.000
52.000000000000000,TANJUNG PRIOK,PAPANGGO,JAKARTA UTARA,"51",52.000000000000000,TANJUNG PRIOK,PAPANGGO,JAKARTA UTARA,52.000000000000000,116.190932543000002,176.266535803000011,173.780796791999990,139.903294318000007,116.190932543000002,184.721775323999992,182.967820340000003,153.681733565000002,111.641214652000002,152.364994483000004,0.652341434499000,0.571724955542000,0.606698280972000,0.660936573800000,0.721991701245000,0.640189685833000,0.732661529342000,0.824540604624000,0.850622406639000,0.877000592768000,47.079016681299997,976490.825195000041276,15287.949190900000758,15447.618808299999728,15503.619843200000105,16081.630524999998670,16373.635921299999609,16603.973511299998790,16737.642648199998803,16820.310842599999887,16781.643461299998307,16436.970424999999523,0.098541107430900,0.113101517530000,0.094736468094400,0.096758464989900,0.085496212774500,0.096586732100300,0.101301683583000,0.100869906288000,0.093290537895200,0.093509240594300,2545.141790700000456,-0.020779763714700,-0.092061178561800,24.325300842800001,113456.652342000015778,27.831860974100000,21.892090744499999,29.786918560000000,36.954866113400001,30.381382332499999,29.971827553099999,24.976958631100000,35.372135173799997,31.669055102600002,-0.101656530584000,-0.116614036387000,-0.098028327026700,-0.100031986137000,-0.094103697247300,-0.102579042308000,-0.105475818796000,-0.105331051754000,-0.098450986955300,-0.098276748040600,0.000000000000000,38.112281357500002,39.150785664200001,39.375265029300003,38.991679475700003,39.266562459900001,39.093151310000003,38.608467987899999,39.186116863800002,37.493349126200002,0.009438100097630,-0.001216419717510,0.008952401802640,0.012661985599500,0.010712326503800,0.009946202116680,0.004680376119310,0.010477079376300,0.009105385176250,3409.512235359999977,1515.756477489999952,-0.000932303241736,2769.044078809999974,0.987739310378000,218.785339214000004,2.134740988100000,0.322667338931000,0.002243702798680,0.000000000000000,1.000000000000000,0.000000000000000,0.000000000000000,0.000000000000000,1.000000000000000,3.000000000000000,0.000000000000000,5.000000000000000,0.000000000000000,15.000000000000000,0.000000000000000,0.000000000000000,0.000000000000000,25.000000000000000,16.666666666699999,0.000000000000000,23.000000000000000,0.090328427776099,0.032152259289629,0.070027950978284,0.033949688239088,0.084798109609485,0.035548461984910,0.080028501628664,0.037927524429967,0.078817931782136,0.038344943887896,0.078088903051063,0.039930693858042,0.077090764962346,0.042865636147444,0.072203241697124,0.045208962339107,0.067085783816670,0.048509430135875,0.491282206206033,0.492431735110729,0.493926705911616,0.494096091205212,0.495332356306840,0.495260097187923,0.495263575108997,0.495967741935484,0.495071993510444,0.282371294851794,0.287919349781733,0.279204229008354,0.260700029994693,0.258326323686544,0.267029115744069,0.275107028184088,0.284337081153289,0.295651584936332,0.122480687065728,0.103977639217372,0.120346571594395,0.117956026058631,0.117162875670032,0.118019596909105,0.119956401109790,0.117412204036231,0.115595213952545,0.387746972225312,0.000000000000000,0.000000000000000,0.350682865096671,15.000000000000000,5.260242976450068,0.394879419966311,0.000000000000000,0.000000000000000,0.369974589478151,0.000000000000000,0.000000000000000,0.372920452321053,0.000000000000000,0.000000000000000,0.383956452584555,25.000000000000000,9.598911314613879,0.397715638344858,50.000000000100002,19.885781917282657,0.404889003640758,0.000000000000000,0.000000000000000,0.406401862408513,115.000000000000000,46.736214176978976,49310.000000000000000,49.51,"229",0.005
53.000000000000000,TAMBORA,DURI SELATAN,JAKARTA BARAT,"52",53.000000000000000,TAMBORA,DURI SELATAN,JAKARTA BARAT,53.000000000000000,119.682057232999995,187.796453055000001,183.720208109999987,147.440430117000005,119.682057232999995,190.746423569000001,189.299322710000013,165.269513520000004,114.044156194999999,158.501142224000006,0.979357798165000,0.974770642202000,0.970183486239000,0.967889908257000,0.990825688073000,0.965596330275000,0.988532110092000,0.993119266055000,0.995412844037000,0.995412844037000,41.662992793599997,213209.439005000022007,44323.683347400001367,44104.310886799998116,44200.939232600001560,45329.140458499998203,45611.190764999999374,45621.637072599995008,44960.908113899997261,45091.486959499998193,44950.461806300001626,43644.673350400000345,0.068815790638000,0.079151011900900,0.069280903034500,0.071237857991800,0.062779145990300,0.076873905016900,0.073570939767800,0.073403632524600,0.069405685674500,0.076872628404300,870.465949155999965,-0.014719940316900,-0.083624607909500,23.042861966400000,71730.744468499993673,26.664804010899999,23.000241933300000,32.494213269900001,35.630851727699998,28.964299143800002,26.029919713900000,25.602768065199999,33.275564037000002,26.785235037800000,-0.080696398742600,-0.089539953071700,-0.079619855090200,-0.081752949360100,-0.075472951900900,-0.084960683137900,-0.084350264417600,-0.083744292215800,-0.079004456673600,-0.089450519224400,0.000000000000000,41.843754244499998,41.417981689500003,41.448218197899998,41.985297252300001,41.807655728500002,41.894666994100000,41.018538201900000,41.396393986400000,39.224952643999998,0.049642336684500,0.046242998347800,0.045280569100500,0.052484817488400,0.041949512675400,0.056856678576300,0.051595105312200,0.054324803747200,0.054021140131900,0.000000000000000,4091.201173399999789,0.054099506877200,3492.797786610000003,0.986585010544000,145.278794655000013,1.712789214350000,0.534583697751000,0.005915224676630,0.000000000000000,1.000000000000000,0.000000000000000,0.000000000000000,0.000000000000000,0.000000000000000,0.000000000000000,0.000000000000000,0.000000000000000,0.000000000000000,100.000000000000000,0.000000000000000,0.000000000000000,0.000000000000000,0.000000000000000,0.000000000000000,0.000000000000000,0.000000000000000,0.073957839886310,0.062825675035528,0.056543574593796,0.065347119645495,0.065910007489774,0.065794780203952,0.062124248496994,0.069453192098483,0.063483885740454,0.070410441353254,0.061454460966543,0.071735594795539,0.061334414456157,0.073381211629793,0.059144782709737,0.078956541947479,0.056007659167066,0.082276208712302,0.494078635717669,0.493412112259970,0.496802442818459,0.497165760091612,0.500200354914420,0.502671933085502,0.501621684234912,0.501626772019521,0.502213977979895,0.268700265251989,0.267099707697304,0.269620656678355,0.256390882760358,0.253230788627624,0.257790549169859,0.267146405145514,0.274370068719776,0.283523654159870,0.136783514921838,0.121890694239291,0.131704787693726,0.131577440595477,0.133894327093708,0.133190055762082,0.134715626085950,0.138101324657216,0.138283867879368,0.429132545334257,0.000000000000000,0.000000000000000,0.383141614108528,100.000000000000000,38.314161410852805,0.433105636381491,0.000000000000000,0.000000000000000,0.421057513992185,0.000000000000000,0.000000000000000,0.442610352476125,0.000000000000000,0.000000000000000,0.460680627089333,0.000000000000000,0.000000000000000,0.468208050025815,0.000000000000000,0.000000000000000,0.484989763150583,0.000000000000000,0.000000000000000,0.498727614600925,0.000000000000000,0.000000000000000,16712.000000000000000,50.22,"70",0.004
54.000000000000000,KEBON JERUK,KEBON JERUK,JAKARTA BARAT,"53",54.000000000000000,KEBON JERUK,KEBON JERUK,JAKARTA BARAT,54.000000000000000,124.757400821999994,198.773886124999990,193.790527649000012,153.913453972000013,124.757400821999994,198.281063124000013,194.433216632000011,175.850559742000002,116.572785398999997,164.883458030000014,0.802603036876000,0.732706676308000,0.763075439865000,0.761388286334000,0.776090624247000,0.721137623524000,0.837792239094000,0.870812243914000,0.933718968426000,0.914678235719000,80.049857819899998,1384012.443029999965802,15500.669859400000860,15883.904353399999309,15971.717632100000628,17439.879763600001752,17942.637887000000774,18268.414309700001468,18486.863391899998533,18733.228423699994892,18949.780305399999634,18782.284607199999300,0.115990969195000,0.132003285157000,0.124297777264000,0.125758448080000,0.117826060501000,0.127764541339000,0.130034005484000,0.130131052168000,0.118628826498000,0.123281345295000,1292.974287150000237,-0.010171830296300,-0.084554543546100,35.805763418300003,484831.071167999994941,27.389666906100000,27.946099944200000,33.869195420700002,38.330980518200001,31.463829757599999,25.857486445700001,31.110930789699999,36.071930249899999,32.332189068100000,-0.129495169617000,-0.147696640682000,-0.136459840266000,-0.137392592581000,-0.129395248449000,-0.139530708320000,-0.142264097982000,-0.140515026492000,-0.127889072224000,-0.135062775280000,0.000000000000000,39.842189542200003,41.081288888899998,41.140515787399998,41.659061867399998,40.953238208700000,40.908421069900001,40.416347928000000,41.413823497400003,39.322478619899996,0.016220116591000,0.009436315193550,0.009256762657050,0.014061171128800,0.008287807981830,0.011538036720600,0.009425314118110,0.018831705187900,0.012304089337600,0.000000000000000,9128.197381210000458,0.006968555719670,3019.617448550000063,0.968735832162000,297.173553315999982,1.767863945650000,0.373334751942000,0.002844714528820,4.000000000000000,2.000000000000000,3.000000000000000,1.000000000000000,2.000000000000000,2.000000000000000,3.000000000000000,3.000000000000000,0.000000000000000,13.750000000000000,8.750000000000000,25.000000000000000,5.000000000000000,15.000000000000000,25.000000000000000,21.666666666699999,23.333333333300001,0.000000000000000,0.086731733952155,0.040541924035082,0.067181401662990,0.043254708976752,0.080609818639564,0.042162027755762,0.076916105253618,0.044394429171324,0.077517654738591,0.045205032342294,0.076499047060548,0.046532766456531,0.076216380445319,0.048525007595596,0.073142824451500,0.051088417860923,0.069956709956710,0.053102453102453,0.496331433641607,0.496911590022060,0.497505711221968,0.498323313495061,0.498635095840009,0.499428236328984,0.500426800156252,0.500700820961698,0.499855699855700,0.244587319415934,0.243242731319254,0.250685220324689,0.238699795779442,0.237347324098982,0.246472031484134,0.254329901936869,0.264693168537167,0.276789162054318,0.127273657987237,0.110436110639742,0.122771846395326,0.121310534424942,0.122722687080885,0.123031813517079,0.124741388040915,0.124231242312423,0.123059163059163,0.391883506943265,55.000000000000000,21.553592881879556,0.348562497599221,17.500000000000000,6.099843707986372,0.393357247654519,75.000000000000000,29.501793574088911,0.381805887755118,5.000000000000000,1.909029438775590,0.386108156891150,30.000000000000000,11.583244706734501,0.401421334483783,50.000000000000000,20.071066724189158,0.420442585219013,65.000000000100002,27.328768039277858,0.431661896446493,69.999999999899998,30.216332751211379,0.436050000252564,0.000000000000000,0.000000000000000,69300.000000000000000,49.99,"24",0.000
55.000000000000000,TAMBORA,ROA MALAKA,JAKARTA BARAT,"54",55.000000000000000,TAMBORA,ROA MALAKA,JAKARTA BARAT,55.000000000000000,116.526947098999997,181.630787806000001,178.045339310000003,143.787327180999995,116.526947098999997,185.860412004000011,185.376324519999997,159.384638856000009,112.223328398000007,154.496078982000000,0.907407407407000,0.880471380471000,0.895622895623000,0.920875420875000,0.915824915825000,0.892255892256000,0.934343434343000,0.969696969697000,0.991582491582000,0.984848484848000,58.093931398400002,254324.836864000011701,7632.449915099999998,7451.039865120000286,7462.377993250000145,7623.001474990000133,7630.560227080000914,7532.296450009999717,7360.334840139999869,7265.850439109999570,7133.572277670000403,6869.015954790000251,0.068277978454300,0.072632570660100,0.067978852384600,0.068062799095300,0.061351964827200,0.075462128882400,0.078257907388900,0.073982348800400,0.067286643782900,0.074195282173200,568.738003535999951,-0.014409002976600,-0.092935489670200,19.587833635700001,385779.436908999981824,34.834878527800001,29.190481440900001,33.612492114399998,43.550803118300003,32.956080341499998,28.522346816100001,31.084354249000000,38.913814770599998,29.923173697900001,-0.075822431224100,-0.080079268927500,-0.076063676746700,-0.076189326461100,-0.070650676086600,-0.086355209802100,-0.090472121189900,-0.083513784360300,-0.077559492162000,-0.085713992500500,0.000000000000000,40.694986340200003,40.165108256300002,40.366186784200004,41.067229947100003,40.763104324200000,40.462383205700000,39.489264196100002,40.793909824799996,38.395821243800000,0.028666153457700,0.024677015835800,0.032909091573400,0.032495102042400,0.033331564469500,0.032647653723500,0.031991582456800,0.033575123386100,0.030574267268600,0.000000000000000,1537.628102039999931,0.026390100082400,2324.378171530000600,0.988232913950000,231.729085722000008,1.426350821870000,0.479196718971000,0.003567730409340,0.000000000000000,0.000000000000000,0.000000000000000,0.000000000000000,0.000000000000000,0.000000000000000,0.000000000000000,0.000000000000000,0.000000000000000,0.000000000000000,0.000000000000000,0.000000000000000,0.000000000000000,0.000000000000000,0.000000000000000,0.000000000000000,0.000000000000000,0.000000000000000,0.051483641897033,0.118691351762617,0.036464927829830,0.126361104076982,0.050818046603867,0.126425384234011,0.046062407132244,0.135463100544824,0.044405418966382,0.143251379829403,0.039281129653402,0.146084724005135,0.039531859557867,0.150845253576073,0.037350993377483,0.161854304635762,0.037414030261348,0.168363136176066,0.499365965001268,0.502152443656622,0.501735250371839,0.503714710252600,0.505017561465128,0.507573812580231,0.507412223667100,0.510198675496689,0.510041265474553,0.176390030128732,0.192349137931034,0.219492656875834,0.188674252447738,0.184677419354839,0.185002736726875,0.194137168141593,0.202927103855896,0.207883211678832,0.170174993659650,0.162826031906812,0.177243430837878,0.181525507677068,0.187656798795785,0.185365853658537,0.190377113133940,0.199205298013245,0.205777166437414,0.454524281198736,0.000000000000000,0.000000000000000,0.468591209431542,0.000000000000000,0.000000000000000,0.533549890941243,0.000000000000000,0.000000000000000,0.524802425259404,0.000000000000000,0.000000000000000,0.545145141066098,0.000000000000000,0.000000000000000,0.554990798348205,0.000000000000000,0.000000000000000,0.577151441590532,0.000000000000000,0.000000000000000,0.627349674355076,0.000000000000000,0.000000000000000,0.649349219344164,0.000000000000000,0.000000000000000,3635.000000000000000,51.00,"13",0.004
56.000000000000000,KEBON JERUK,SUKABUMI UTARA,JAKARTA BARAT,"55",56.000000000000000,KEBON JERUK,SUKABUMI UTARA,JAKARTA BARAT,56.000000000000000,127.246671883000005,202.799521556000002,197.482757413000002,156.347416202999995,127.246671883000005,201.808132040000004,197.352148306000004,179.356996559000009,117.975993752999997,167.664154711000009,0.937710437710000,0.924242424242000,0.928170594837000,0.956790123457000,0.961279461279000,0.937710437710000,0.958473625140000,0.970819304153000,0.986531986532000,0.976430976431000,70.273750686400007,714245.885364999994636,27634.188250399998651,27566.056933600000775,27605.800201800000650,29375.952746700000716,30146.215133500001684,30578.344318600000406,30908.276528499998676,31265.335095999998885,31387.088282400003663,30623.765196399999695,0.102785573457000,0.108147552195000,0.103582981545000,0.100159545238000,0.103177131560000,0.103709986910000,0.103027115901000,0.105160769132000,0.095503403298200,0.099250363919800,1483.820771460000060,-0.006309791722060,-0.082097540305700,23.337575249499999,27658.762338699998509,20.774539450900001,22.142670631900000,28.208747940599999,33.208295681499997,24.995001042599998,23.680428826800000,25.438540315299999,31.233094353300000,30.551188380799999,-0.126334967830000,-0.136546855631000,-0.124008653462000,-0.119617322178000,-0.118798683164000,-0.126004360924000,-0.127868134140000,-0.125854918539000,-0.115406772676000,-0.122208279435000,0.000000000000000,39.437937017599999,41.398076869400001,41.113113859899997,41.648290509699997,40.817863799700000,41.113845098200002,40.078302962199999,41.472995416200000,39.488570918199997,0.042002737405800,0.031012098373700,0.039523875709500,0.045344845613500,0.045426809795600,0.047569573645100,0.044905884973600,0.052454914291000,0.043366353622600,0.000000000000000,10259.778872999999294,0.041409317681600,3937.327109649999784,0.968667608070000,221.821812665000010,1.876538499560000,0.445118933210000,0.004552812705610,1.000000000000000,4.000000000000000,0.000000000000000,0.000000000000000,4.000000000000000,2.000000000000000,2.000000000000000,1.000000000000000,3.000000000000000,15.000000000000000,36.250000000000000,0.000000000000000,0.000000000000000,55.000000000000000,45.000000000000000,17.500000000000000,25.000000000000000,30.000000000000000,0.091562349818065,0.041787765750509,0.071983546617916,0.043738574040219,0.084976162865610,0.043100115964438,0.081319187226652,0.045263356142884,0.081676019145073,0.045180722891566,0.082416573119706,0.046106745586284,0.081818365246868,0.048485704485382,0.077682196406319,0.051975720545082,0.072635135135135,0.053415458141068,0.496441403299998,0.496480804387568,0.497358587810849,0.497980622344989,0.499649282059746,0.500418410041841,0.500796997639273,0.500984845439563,0.500411997363217,0.227241705165897,0.233675121424717,0.241237063073618,0.229140958709065,0.224514165300866,0.230447056645687,0.235721797978874,0.246506669086290,0.260063277984342,0.133350115568574,0.115722120658135,0.128076278830048,0.126582543369536,0.126856742036639,0.128523318705990,0.130304069732250,0.129657916951401,0.126050593276203,0.390697298929417,15.000000000000000,5.860459483941256,0.350115076026373,145.000000000000000,50.766686023824072,0.396826377345975,0.000000000000000,0.000000000000000,0.383870584823174,0.000000000000000,0.000000000000000,0.389979361310749,220.000000000000000,85.795459488364884,0.405448864838466,90.000000000000000,36.490397835461920,0.418136512468350,35.000000000000000,14.634777936392245,0.428903729752258,25.000000000000000,10.722593243806440,0.429925537330260,90.000000000000000,38.693298359723400,48544.000000000000000,50.04,"290",0.006
57.000000000000000,TANJUNG PRIOK,SUNGAI BAMBU,JAKARTA UTARA,"56",57.000000000000000,TANJUNG PRIOK,SUNGAI BAMBU,JAKARTA UTARA,57.000000000000000,116.828031813999999,176.599523226000002,174.171426426000011,140.021947635000004,116.828031813999999,185.523782181000001,183.572463446000000,153.952490176999987,112.030696813999995,153.013392911000011,0.861630516081000,0.816379955123000,0.820493642483000,0.840688107704000,0.865370231862000,0.827599102468000,0.883694839192000,0.906507105460000,0.936050860135000,0.919222139117000,50.637282919299999,969614.877309000003152,14947.136008999999831,15000.455661699999837,15057.973712099999830,15451.783429999999498,15874.142253300000448,15858.608181300000069,15885.897767200000089,15794.372694199997568,15681.435792199999923,15251.939692600000853,0.083657674435700,0.093534143255200,0.083301869660900,0.086337397430500,0.077345756463200,0.088936280801500,0.090240616283700,0.091092524568900,0.085456342467400,0.090789349699200,873.142608967999990,-0.023838549093700,-0.090231612429700,21.381112195699998,331761.264818000025116,28.045213062799998,24.004799832000000,33.104139044100002,39.756430472700004,29.910233668800000,27.748179069399999,22.121732118600001,32.823595572999999,28.535197232000002,-0.093615972793600,-0.103826244276000,-0.092709144551600,-0.093266828034400,-0.086667216014400,-0.099738707356400,-0.100330368905000,-0.099282818268200,-0.094571145383700,-0.100872946707000,2.000000000000000,39.215414177299998,40.482954059900003,40.531878891900000,40.679353985600002,40.748631757699997,40.497181781099997,39.916562431499997,40.479887053500001,38.592299491699997,0.038653374736500,0.023360032656200,0.036148932899700,0.038669490927500,0.037225872381900,0.039044816932800,0.031851322498500,0.035788888437900,0.032045906784900,0.000000000000000,2332.805091830000038,0.032403746707400,3233.656826960000217,0.993895839594000,262.865296886000010,2.591209055490000,0.308039059359000,0.001828823936000,2.000000000000000,4.000000000000000,4.000000000000000,0.000000000000000,2.000000000000000,0.000000000000000,1.000000000000000,1.000000000000000,5.000000000000000,27.500000000000000,25.000000000000000,40.000000000000000,0.000000000000000,25.000000000000000,0.000000000000000,27.500000000000000,30.000000000000000,21.000000000000000,0.084049371658877,0.038120294438691,0.064880388111303,0.039062064350638,0.081947614389740,0.040729268557765,0.077730759058450,0.041973023009786,0.076694993778625,0.041193445053345,0.075770389555473,0.041545536233416,0.075544922913344,0.043726741095162,0.070413108082782,0.048245026906910,0.067083241576745,0.050181678044484,0.486159702202693,0.489042547259243,0.489512009564178,0.491192806135943,0.490562041669976,0.491093609598816,0.491839447102605,0.492891756579476,0.491246421493063,0.253364298667006,0.255244538232373,0.240362742084230,0.225363031875242,0.225505396863260,0.237780086066182,0.251604046674028,0.264144176454766,0.275588865096360,0.122169666097568,0.103942452461941,0.122676882947505,0.119703782068236,0.117888438831970,0.117315925788889,0.119271664008506,0.118658134989692,0.117264919621229,0.324916119293499,55.000000000000000,17.870386561142450,0.295372072359170,100.000000000000000,29.537207235917016,0.333166950138975,160.000000000000000,53.306712022235963,0.319656521350379,0.000000000000000,0.000000000000000,0.311033231823421,50.000000000000000,15.551661591171030,0.325678034393691,0.000000000000000,0.000000000000000,0.350096593969756,27.500000000000000,9.627656334168284,0.368106298192461,30.000000000000000,11.043188945773837,0.366299937673292,105.000000000000000,38.461493455695667,36328.000000000000000,49.12,"285",0.008
58.000000000000000,TANJUNG PRIOK,KEBON BAWANG,JAKARTA UTARA,"57",58.000000000000000,TANJUNG PRIOK,KEBON BAWANG,JAKARTA UTARA,58.000000000000000,115.406729174000006,173.749523982999989,171.708810806999992,138.296926504999988,115.406729174000006,183.401242486000001,181.701063720000008,151.267704288999994,111.232338485000000,151.067291377999993,0.947179487179000,0.930769230769000,0.914871794872000,0.942051282051000,0.948717948718000,0.923589743590000,0.952820512821000,0.964615384615000,0.975897435897000,0.969230769231000,43.736572889999998,803613.794727999949828,34938.030858999998600,35223.862752799999726,35191.460756799999217,36647.814758300002723,37467.700980000001437,37360.658671600001981,37410.418879800003197,37139.630769900002633,36645.500330000002577,34631.947717600000033,0.085851115806000,0.091742330644400,0.085262265694400,0.082298696350600,0.078548532403400,0.087801074376100,0.089235724823000,0.088534915500700,0.082720858768000,0.087328044930700,784.580859915000019,-0.034183082221700,-0.099379414870200,23.078817693700000,317304.946254000009503,31.805390943199999,28.708159556900000,36.064121753099997,44.574499413700003,34.398123055200003,31.933255640599999,27.018971212499999,38.244247613299997,29.731050840999998,-0.100298239117000,-0.108529400714000,-0.102518078989000,-0.094297173404300,-0.088228765646800,-0.103722225477000,-0.104849551631000,-0.103335124317000,-0.095367847596000,-0.103148398645000,0.000000000000000,39.620274309199999,39.590412444099996,40.527996383300000,40.575843413999998,40.449240385700001,40.240580088100003,38.682965557700001,40.356023489199998,38.761701737000003,0.038287855551700,0.023589333649300,0.036360814479500,0.039551996641600,0.043892198800800,0.047853172128800,0.041194774963900,0.044271376750200,0.039637688933800,0.000000000000000,1404.680813780000108,0.037925258289700,3022.866570700000466,0.990862699250000,200.444351089999998,1.928000075470000,0.440777591036000,0.004072238016420,0.000000000000000,1.000000000000000,0.000000000000000,0.000000000000000,0.000000000000000,0.000000000000000,0.000000000000000,1.000000000000000,0.000000000000000,0.000000000000000,5.000000000000000,0.000000000000000,0.000000000000000,0.000000000000000,0.000000000000000,0.000000000000000,15.000000000000000,0.000000000000000,0.090132562379881,0.040820014126846,0.069581230167212,0.042814159583039,0.084672708326755,0.044002020903723,0.079206238900471,0.046251254729364,0.079030509524547,0.044215579990708,0.075878495421925,0.045007423904974,0.074359693400636,0.046706549510812,0.069741371143462,0.048394227429185,0.063955625355030,0.052227085909045,0.488033247367643,0.492954736028674,0.490400707316303,0.490201528839472,0.491869289143565,0.493194753773818,0.493970835670219,0.494584267534026,0.495037925619006,0.240105342362679,0.243136676861849,0.225305873488572,0.209558887705762,0.207540237928621,0.220631219987473,0.232905721136177,0.245644967910290,0.257100038853633,0.130952576506727,0.112395389750251,0.128674729230478,0.125457493629835,0.123246089515255,0.120885919326899,0.121066242911448,0.118135598572647,0.116182711264075,0.346166292786081,0.000000000000000,0.000000000000000,0.329455912403127,5.000000000000000,1.647279562015636,0.338958561822306,0.000000000000000,0.000000000000000,0.312463388706026,0.000000000000000,0.000000000000000,0.314601900051745,0.000000000000000,0.000000000000000,0.330151923301497,0.000000000000000,0.000000000000000,0.348330093559011,0.000000000000000,0.000000000000000,0.357599088924876,15.000000000000000,5.363986333873142,0.367175105050742,0.000000000000000,0.000000000000000,59854.000000000000000,49.50,"875",0.015
59.000000000000000,TANJUNG PRIOK,SUNTER AGUNG,JAKARTA UTARA,"58",59.000000000000000,TANJUNG PRIOK,SUNTER AGUNG,JAKARTA UTARA,59.000000000000000,117.287337825999998,178.944354468999990,176.075313238000007,141.595298831000008,117.287337825999998,186.436293049000000,184.634670932000006,156.287146527000004,112.285928872000000,153.994416344999991,0.739716790290000,0.687457855698000,0.692852326365000,0.762474713419000,0.797201618341000,0.686783546864000,0.812542144302000,0.844740391099000,0.902562373567000,0.892616318274000,57.320697344400003,1930239.299279999919236,15354.382556700000350,15623.438571700000466,15778.808946499999365,16332.836966099997881,16592.608653800001775,16653.998899499998515,16768.631919999999809,16779.811007899999822,16735.094656099998247,16347.047671099997388,0.101569793151000,0.110959600411000,0.095353252823800,0.102167190433000,0.092446228674900,0.110800107256000,0.114734147346000,0.109034426114000,0.104296177644000,0.106304164915000,2718.889109279999957,-0.019149608074400,-0.090068450370300,27.629237062200001,1595071.095860000001267,33.477636963000002,24.087693029499999,31.543734806900002,39.427491034399999,28.578280935900001,28.426139208399999,24.366716836599998,36.288551622299998,29.853624122700001,-0.107923179055000,-0.118549694240000,-0.101803129147000,-0.109771639035000,-0.102667788920000,-0.117200173753000,-0.124881706041000,-0.114297977830000,-0.111654256620000,-0.115789591887000,2.000000000000000,38.555953870899998,39.521321731000000,39.646547657299998,39.681950956599998,39.766233946699998,39.271584931500001,39.028385515499998,39.588801607900002,37.739674194000003,0.007090576596990,-0.000003186331789,0.008399410546210,0.013673374702300,0.002535297815510,0.006285313662580,-0.001695265897020,0.006974038408310,0.003931472790770,11274.185657300000457,2357.837680029999774,0.001011528387170,2435.748953469999833,0.986869634945000,300.422325525000019,1.808305966250000,0.364016295433000,0.002791179368470,1.000000000000000,1.000000000000000,2.000000000000000,0.000000000000000,2.000000000000000,0.000000000000000,1.000000000000000,0.000000000000000,5.000000000000000,20.000000000000000,10.000000000000000,27.500000000000000,0.000000000000000,17.500000000000000,0.000000000000000,10.000000000000000,0.000000000000000,27.500000000000000,0.076258853206559,0.052731153584942,0.058756424420001,0.056114606849512,0.070452436194895,0.058758700696056,0.065935069829053,0.062760502906213,0.065430343022925,0.064121963706695,0.063909604519774,0.066474576271186,0.062229699974029,0.071105138946917,0.059169185829286,0.076152304609218,0.056157635467980,0.080962039988409,0.500982342097604,0.501320908785244,0.502447795823666,0.503545694350870,0.504613459241140,0.504994350282486,0.505188631307942,0.505847853899890,0.506357577513764,0.209200408302144,0.207441244620986,0.203162781075035,0.191655157558633,0.188671397421193,0.203020552728724,0.214036134840402,0.224661344193496,0.234501961776990,0.128990006791501,0.114871031269513,0.129211136890951,0.128695572735266,0.129552306729620,0.130384180790960,0.133334838920946,0.135321490438504,0.137119675456389,0.387792373308618,20.000000000000000,7.755847466172368,0.349892767246872,10.000000000000000,3.498927672468717,0.391024715140309,55.000000000000000,21.506359332717011,0.384250684679746,0.000000000000000,0.000000000000000,0.389974933486885,35.000000000000000,13.649122672040981,0.409672055174370,0.000000000000000,0.000000000000000,0.430434037835018,10.000000000000000,4.304340378350178,0.451035412209485,0.000000000000000,0.000000000000000,0.469383957244725,137.500000000000000,64.540294121149643,86275.000000000000000,50.64,"285",0.003
60.000000000000000,TANJUNG PRIOK,WARAKAS,JAKARTA UTARA,"59",60.000000000000000,TANJUNG PRIOK,WARAKAS,JAKARTA UTARA,60.000000000000000,115.402335969999996,174.301339283999994,172.124204517999999,138.678555230000001,115.402335969999996,183.486785813000012,181.780577279999989,151.796078032999986,111.189265320999993,151.159183963999993,0.992622950820000,0.983606557377000,0.994262295082000,0.990163934426000,0.996721311475000,0.988524590164000,1.000000000000000,0.999180327869000,1.000000000000000,0.999180327869000,44.600795567600002,550567.296613999991678,47867.809773300010420,48929.656064299997524,49127.658625099997153,51118.735538499990071,52222.945168099999137,52257.020027400001709,52560.009992500003136,52597.768620399998326,52291.094886699997005,50337.776601099998516,0.079489006492900,0.088377226394500,0.074569910282200,0.075657706668000,0.069254618373200,0.077318929865600,0.077591945041600,0.077034478362800,0.070364517999500,0.072517457042600,2005.952465600000096,-0.030432370797100,-0.096780435099400,27.573369660499999,81345.425586800003657,25.884967879400001,22.861472674700000,31.289594983600001,38.688734946099999,29.389332712300000,28.389460580200002,22.003088121699999,34.078500227200003,29.258272078200001,-0.096330728195600,-0.108187854626000,-0.093013762072000,-0.089786008693500,-0.087133864227900,-0.094308962569100,-0.093302880951200,-0.095237962742800,-0.087568853853500,-0.089364855986900,0.000000000000000,38.771684950100003,38.982415783400000,39.822593758200000,39.521257310899998,39.637969237999997,39.655034463900002,38.205209699000001,39.621188891000003,38.142925573799999,0.050479993672000,0.042384567087700,0.050647180381400,0.054257547561400,0.059838451144600,0.066244851401500,0.059675606315600,0.063087444457200,0.058508349248500,0.000000000000000,976.311016739000024,0.051995095257100,2093.212451639999927,0.993388307061000,181.874065994000006,2.275141910150000,0.480300733341000,0.006186890173860,0.000000000000000,0.000000000000000,0.000000000000000,0.000000000000000,0.000000000000000,0.000000000000000,0.000000000000000,0.000000000000000,0.000000000000000,0.000000000000000,0.000000000000000,0.000000000000000,0.000000000000000,0.000000000000000,0.000000000000000,0.000000000000000,0.000000000000000,0.000000000000000,0.090814982119330,0.033069828722003,0.071796794451214,0.035017339956884,0.086943989046427,0.036103554506639,0.080591119105562,0.037967763552358,0.079904129143683,0.036462647375007,0.078252032520325,0.036567844126717,0.078090802444277,0.038747745697127,0.073300457907714,0.042074674181050,0.069046268684023,0.043378034724382,0.491906644080557,0.494423094947980,0.491919938025835,0.493157690544210,0.494404596161641,0.494147743201570,0.494738500866703,0.494734061289186,0.494648639748257,0.251346382610576,0.256705223015823,0.245747583971110,0.237223432534527,0.233115598969257,0.247174554163450,0.255572886844236,0.265807037636744,0.277394604742276,0.123884810841333,0.106814134408098,0.123047543553066,0.118558882657920,0.116366776518690,0.114819876647042,0.116838548141404,0.115375132088764,0.112424303408405,0.362694284622069,0.000000000000000,0.000000000000000,0.337688214148320,0.000000000000000,0.000000000000000,0.354618164463770,0.000000000000000,0.000000000000000,0.341116457570891,0.000000000000000,0.000000000000000,0.338523644431697,0.000000000000000,0.000000000000000,0.347577640697623,0.000000000000000,0.000000000000000,0.365499832546762,0.000000000000000,0.000000000000000,0.372300018877794,0.000000000000000,0.000000000000000,0.376012261369066,0.000000000000000,0.000000000000000,54659.000000000000000,49.46,"100",0.002
61.000000000000000,KOJA,KOJA,JAKARTA UTARA,"60",61.000000000000000,KOJA,KOJA,JAKARTA UTARA,61.000000000000000,114.095357604000000,170.880684688999992,169.232601783000007,136.512022330000008,114.095357604000000,181.359057965999995,179.957242853999986,148.562457709999990,110.502251310999995,149.255372802000011,0.908022130014000,0.848893499308000,0.890733056708000,0.934647302905000,0.944674965422000,0.891078838174000,0.945366528354000,0.971645919779000,0.990663900415000,0.989626556017000,107.778531925999999,455906.322081000020262,13545.845153300000675,13455.601755800000319,13393.753910100000212,13789.735714799999187,13965.165767700000288,13963.609847100000479,13937.937156399999367,13855.084381999999096,13702.993138699999690,13170.090317100000902,0.059574727975900,0.066137194507200,0.061922145255500,0.059558829409100,0.053999512101100,0.058954064038800,0.063322589755500,0.060773346154800,0.057399985790900,0.057347673376500,395.792616193000015,-0.036737751982900,-0.098332330725900,21.907234699000000,262761.314216000027955,74.266779692399993,56.826828164900000,71.211691473800002,85.845705875199997,75.984780670099994,58.108147528400004,48.094704901500002,69.574292695400004,65.580152706400000,-0.072432306682500,-0.080621993545800,-0.076573237423400,-0.070464752432200,-0.067357292143900,-0.073058472395000,-0.080500665437100,-0.071877761692700,-0.069603721672300,-0.072326382262300,1.000000000000000,35.802735513099996,36.254361902100001,36.019350941600003,36.024976198099999,35.505485588200003,36.048597601600001,36.302621410999997,35.903108143600001,35.490015212700001,0.014503156433600,0.008623457607790,0.017416940002200,0.018616630495500,0.012403771736300,0.015447759604000,0.014380731140300,0.016733584983100,0.015161217990300,1318.857679360000020,681.119983077000029,0.007745054572000,3041.164243149999947,0.950357439209000,452.770927328000028,1.620074653030000,0.174575038506000,0.001516246831200,0.000000000000000,0.000000000000000,0.000000000000000,0.000000000000000,0.000000000000000,1.000000000000000,0.000000000000000,0.000000000000000,3.000000000000000,0.000000000000000,0.000000000000000,0.000000000000000,0.000000000000000,0.000000000000000,35.000000000000000,0.000000000000000,0.000000000000000,20.000000000000000,0.088430851063830,0.031596901017576,0.070658960880551,0.032991606888740,0.085441877521085,0.034329073933034,0.080524761851707,0.035986853100106,0.081703716084462,0.035266588667892,0.081128600133958,0.035666443402545,0.080350374799966,0.039389090092366,0.076331327353242,0.043630066992165,0.071711264693721,0.045986177565125,0.475023126734505,0.481689077338600,0.477955487856478,0.479611163723469,0.480834586885063,0.482250502344273,0.483281394761223,0.484273873055524,0.484228247386142,0.279972188193226,0.286370597243492,0.278427477491910,0.263833680358382,0.264070494599204,0.275453453833028,0.285305798252581,0.296639407104523,0.307061894848154,0.120027752081406,0.103650567769291,0.119770951454119,0.116511614951813,0.116970304752354,0.116795043536503,0.119739464892332,0.119961394345407,0.117697442258846,0.278805531705076,0.000000000000000,0.000000000000000,0.282234780372253,0.000000000000000,0.000000000000000,0.294482694772796,0.000000000000000,0.000000000000000,0.280472702690069,0.000000000000000,0.000000000000000,0.289469534404719,0.000000000000000,0.000000000000000,0.309675545409176,35.000000000000000,10.838644089321177,0.334330270262404,0.000000000000000,0.000000000000000,0.352957946558140,0.000000000000000,0.000000000000000,0.357542067891522,60.000000000000000,21.452524073491304,33858.000000000000000,48.42,"75",0.002
62.000000000000000,KOJA,TUGU UTARA,JAKARTA UTARA,"61",62.000000000000000,KOJA,TUGU UTARA,JAKARTA UTARA,62.000000000000000,116.632577147999996,175.044266778999997,172.894091698000011,138.992512387999994,116.632577147999996,184.928832034999999,183.162793945000004,152.554159521000003,111.958652450000002,152.578000331999988,0.896578239139000,0.861207227989000,0.854286812764000,0.884659746251000,0.900038446751000,0.859669357939000,0.917339484814000,0.928873510188000,0.962706651288000,0.948096885813000,88.546606414999999,1122850.445270000025630,34355.177954899998440,34880.820111799999722,35065.376997100000153,36417.644268800002465,37217.103299900001730,37711.267296500001976,38138.594103299998096,38144.631010800003423,38023.892861499996798,36837.640545100002782,0.095113746800400,0.104477288000000,0.097065012887000,0.096834399577400,0.090103977538500,0.099171753013200,0.101757728078000,0.097882399936300,0.091974595303100,0.096860859694900,358.995541101000015,-0.029834068582900,-0.091951193684500,28.130859742900000,192852.108964999992168,25.881122202200000,24.027833685800001,28.061945189900001,36.822710196599999,27.227400872000000,24.453940312600000,19.828775619400002,31.236150293100000,27.596473067500000,-0.109352301643000,-0.118899431649000,-0.111956584625000,-0.107499677566000,-0.101453832928000,-0.113642728916000,-0.118459916547000,-0.110717566247000,-0.104338895995000,-0.111530521281000,0.000000000000000,40.671913756300000,41.087332181800001,41.723940464199998,42.170942763900001,41.701411373600003,41.555911042300004,40.116281983100002,41.211181750300000,39.729708999600000,0.032239007895800,0.020252823298300,0.033477244578900,0.029909391130200,0.031847168659300,0.040625481515800,0.031849158904900,0.039682483486200,0.035917830110200,5778.111179749999792,1843.500728579999986,0.028307245353800,3044.278769500000180,0.988499103797000,213.024463975999993,2.244011624870000,0.467479723516000,0.004704481689640,2.000000000000000,2.000000000000000,0.000000000000000,1.000000000000000,2.000000000000000,2.000000000000000,0.000000000000000,8.000000000000000,10.000000000000000,11.250000000000000,50.000000000000000,0.000000000000000,7.500000000000000,40.000000000000000,23.750000000000000,0.000000000000000,20.125000000000000,18.250000000000000,0.094930214733407,0.035319133154492,0.074410654336625,0.037457420774973,0.092948907702327,0.038659641229057,0.087777636167723,0.041166042938743,0.087359213309702,0.040500828997770,0.086278633290369,0.040838477715216,0.083913633280579,0.043172055166177,0.078611930142890,0.047085506917668,0.074073206990600,0.048016481522668,0.492922574822910,0.495616030693934,0.494938132733408,0.495521903857072,0.496232348064719,0.496585487189924,0.496879945738187,0.497663869358131,0.497325264254527,0.266027244528938,0.275698727565705,0.258853769992384,0.245862068965517,0.247243248906467,0.263587096774194,0.272521333968311,0.282326644914318,0.291337337970281,0.130249347887899,0.111868075111598,0.131608548931384,0.128943679106466,0.127860042307472,0.127117111005585,0.127085688446756,0.125697437060558,0.122089688513268,0.401577937606113,22.500000000000000,9.035503596137548,0.378661558996513,100.000000000000000,37.866155899651346,0.410063331614421,0.000000000000000,0.000000000000000,0.392767061392682,7.500000000000000,2.945752960445114,0.395656080022654,80.000000000000000,31.652486401812357,0.413031396431578,47.500000000000000,19.618991330499973,0.424163705754758,0.000000000000000,0.000000000000000,0.435553809933779,161.000000000000000,70.124163399338457,0.433224207368298,182.500000000000000,79.063417844714337,85429.000000000000000,49.73,"379",0.004
63.000000000000000,KOJA,LAGOA,JAKARTA UTARA,"62",63.000000000000000,KOJA,LAGOA,JAKARTA UTARA,63.000000000000000,115.265522691000001,172.635379510999996,170.791526451000010,137.523191951999991,115.265522691000001,182.971942933999998,181.462785523999997,150.257047553999996,111.204805785999994,150.795060358999990,0.980523094046000,0.977184195882000,0.977184195882000,0.979966611018000,0.984418475237000,0.976627712855000,0.988870339455000,0.994435169727000,0.996661101836000,0.996661101836000,42.300679444300002,913996.677387999952771,43307.737951300005079,44158.510935899998003,44352.668138399996678,45903.412396799998533,47174.545149899997341,47778.380333200002497,48128.365970099999686,48218.846996499996749,48042.283326899996609,46526.726134299999103,0.074464016419300,0.080788123236400,0.073393144553100,0.072916261134500,0.068507968097800,0.074868187137300,0.076062485511400,0.072421318125300,0.069764412350800,0.068918404654000,376.274485197999979,-0.038057675586800,-0.094232670994600,17.024737801099999,109417.861275999995996,38.356834302000003,30.158660846299998,39.159902932999998,47.943397372200003,40.289599057700002,33.785027705300003,29.383738692000001,41.381276807500001,30.581422694000000,-0.092988881456400,-0.101488702969000,-0.092846262709800,-0.088717449247700,-0.084683324129000,-0.093626809564000,-0.096752716191800,-0.088556787437200,-0.086231899312400,-0.086038604780700,2.000000000000000,38.776386438999999,38.977785756400003,39.814458112099999,39.912933590599998,39.495708469900002,39.510848421500000,38.399143182099998,39.311441997899998,38.269574935599998,0.051127488625000,0.041339764793300,0.052367870040700,0.050455096970200,0.055212798446800,0.062824321143300,0.052037979476300,0.059548672448200,0.057652840133800,0.000000000000000,728.678491631000043,0.052277067855900,2447.863207299999885,0.994118417960000,174.038300018000001,1.786056805520000,0.563531081033000,0.006078568336100,0.000000000000000,1.000000000000000,0.000000000000000,2.000000000000000,2.000000000000000,0.000000000000000,0.000000000000000,5.000000000000000,3.000000000000000,0.000000000000000,80.000000000000000,0.000000000000000,20.000000000000000,32.500000000000000,0.000000000000000,0.000000000000000,16.000000000000000,19.166666666699999,0.093002077463787,0.035203050741342,0.072633771090994,0.036238967515265,0.091492710971186,0.037081650811033,0.086576626974613,0.038533258744239,0.087086889622431,0.038546009284709,0.084939161313907,0.038618204605985,0.084805837894188,0.040721918165233,0.079977504283341,0.045069906747407,0.075384553054141,0.046267910921442,0.493027690031020,0.497471205746100,0.496625829854219,0.496630171288527,0.497126474572259,0.497075565303671,0.497276518113109,0.497116101439987,0.497494834361959,0.315417534309466,0.323441093789931,0.301204441377580,0.278390339604277,0.270243447664015,0.278959037005074,0.285924210713809,0.292956828350470,0.303065786672344,0.128205128205129,0.108872738606259,0.128574361782219,0.125109885718852,0.125632898907140,0.123557365919892,0.125527756059421,0.125047411030748,0.121652463975583,0.448723042994401,0.000000000000000,0.000000000000000,0.432243848091466,80.000000000000000,34.579507847317259,0.456834056680698,0.000000000000000,0.000000000000000,0.423477014805437,40.000000000000000,16.939080592217469,0.419354734600173,65.000000000000000,27.258057749011250,0.422617431435653,0.000000000000000,0.000000000000000,0.436507339893240,0.000000000000000,0.000000000000000,0.441632759910512,80.000000000000000,35.330620792840982,0.445437216828429,57.500000000100002,25.612639967679186,74047.000000000000000,49.75,"373",0.005
64.000000000000000,KOJA,RAWA BADAK UTARA,JAKARTA UTARA,"63",64.000000000000000,KOJA,RAWA BADAK UTARA,JAKARTA UTARA,64.000000000000000,115.675187426999997,173.882151206000003,171.856177859000013,138.343551963000010,115.675187426999997,183.712718451000001,182.028850054000003,151.405861707000014,111.416810651999995,151.394421561000001,0.824238128987000,0.800141743444000,0.810063784550000,0.834160170092000,0.853295535082000,0.815024805103000,0.870304748405000,0.895818568391000,0.919914953933000,0.912827781715000,56.176751854899997,529579.809480000054464,32725.842378700002882,32817.475693499996851,32762.495704600001773,33938.589380199999141,34783.209499500000675,35114.683055800000147,35314.682725600003323,35285.200702599999204,35082.810598500000197,34432.612468899998930,0.096207861661000,0.101747910051000,0.093931473364400,0.090232960824700,0.087141970867200,0.096051853538700,0.099307879340600,0.095345001180000,0.089852116023800,0.095736129089300,299.629156287999990,-0.033924038778600,-0.097044629396300,21.626352721699998,267795.919420999998692,31.087573917899999,27.946118948799999,34.012034946199996,43.073264239200000,33.585688435700000,31.223563724200002,29.750275643199998,38.035933342000000,28.220733504999998,-0.109121658043000,-0.114481049916000,-0.108221934176000,-0.099587187525400,-0.097260646737200,-0.109830965047000,-0.114913083370000,-0.106705147735000,-0.099974992101500,-0.109316561385000,3.000000000000000,40.273563733800003,40.292275445100003,41.211205152799998,41.441247683900002,41.145896832600002,40.872824273799999,39.277501989100003,41.060877622900001,39.282484512300002,0.026949579325700,0.016310342143900,0.029648550402800,0.027873014396400,0.029198939440100,0.034699546487000,0.027664573912300,0.033102955442100,0.028844706337000,0.000000000000000,1534.132576530000051,0.024892967770600,3608.793407470000147,0.991674991089000,160.789325525999999,1.732675686090000,0.408471457383000,0.004757754880690,0.000000000000000,0.000000000000000,1.000000000000000,1.000000000000000,1.000000000000000,0.000000000000000,0.000000000000000,0.000000000000000,1.000000000000000,0.000000000000000,0.000000000000000,15.000000000000000,17.500000000000000,15.000000000000000,0.000000000000000,0.000000000000000,0.000000000000000,15.000000000000000,0.088233865876754,0.038920992570291,0.069898095678187,0.040542841160591,0.087573075387974,0.041814382645036,0.083224520651502,0.043456348933636,0.083301186775284,0.042683065193220,0.082423285198556,0.041967509025271,0.081905019985096,0.044576925682542,0.078221172409094,0.046242249426514,0.073149283780344,0.048341934140189,0.487787112125479,0.494296762896126,0.490644002535628,0.489679976175750,0.491184279198530,0.492937725631769,0.493868979066459,0.494446841854232,0.495961863328165,0.298264129981947,0.302140639468381,0.280377328238155,0.255404948357052,0.255768932940994,0.267903287706281,0.279154835904126,0.288462525008978,0.301989713751364,0.127154858447045,0.110440936838778,0.129387458033010,0.126680869585138,0.125984251968504,0.124390794223827,0.126481945667638,0.124463421835608,0.121491217920533,0.395656032313574,0.000000000000000,0.000000000000000,0.394560539763718,0.000000000000000,0.000000000000000,0.400379837551489,15.000000000000000,6.005697563272340,0.360852680289693,17.500000000000000,6.314921905069620,0.368587751547854,15.000000000000000,5.528816273217804,0.387827294780510,0.000000000000000,0.000000000000000,0.411040136001716,0.000000000000000,0.000000000000000,0.418939521185106,0.000000000000000,0.000000000000000,0.434459747655286,15.000000000000000,6.516896214829296,43213.000000000000000,49.60,"250",0.006
65.000000000000000,KOJA,TUGU SELATAN,JAKARTA UTARA,"64",65.000000000000000,KOJA,TUGU SELATAN,JAKARTA UTARA,65.000000000000000,118.155508124999997,177.852469608999996,175.343395103000006,140.717657500000001,118.155508124999997,187.129843415000011,185.074339414000008,155.198489773999995,112.804089555999994,154.578274305000008,0.851423058370000,0.790641582248000,0.824891461650000,0.864930053063000,0.906415822479000,0.834539315002000,0.914134105162000,0.924746743849000,0.974915581283000,0.962855764592000,115.620499940000002,722962.743151000002399,25402.935019899996405,24459.708267800004251,24622.896287200001098,26041.000175799999852,26929.286961400001019,27590.742399999999179,28003.064128999998502,28249.478038299999753,28352.830450599998585,27960.091283900001145,0.103895997488000,0.113822955361000,0.103752976248000,0.100375680629000,0.090005405851000,0.103902589506000,0.106168116994000,0.104655451550000,0.092306245024900,0.097760217762100,544.379047119999996,-0.026076347004800,-0.091716777878800,34.900801110000003,507830.885603000002448,22.447403419299999,20.474379943300001,24.247327849200001,32.662803154000002,24.574496579100000,23.106636872599999,18.665105555499999,30.537703680600000,28.619703697599999,-0.117333215305000,-0.125043878230000,-0.117411251610000,-0.109403444899000,-0.104655133528000,-0.116230966075000,-0.120799508538000,-0.116425186372000,-0.103559838440000,-0.110766452503000,1.000000000000000,40.446607271500000,41.456934401300003,41.474027620599998,41.967249733499997,41.288968771999997,41.368345359199999,40.960393646999997,41.214399071700001,39.411531349699999,0.022551849085500,0.015992889596400,0.027474088127600,0.029361786044500,0.027217310609700,0.037022739020800,0.027470694859300,0.034813538054300,0.033619496878500,0.000000000000000,2999.637024990000100,0.016205975007700,3195.460863199999949,0.987995878217000,281.641771957000003,1.881238650610000,0.378805397506000,0.004440893990270,1.000000000000000,0.000000000000000,1.000000000000000,0.000000000000000,1.000000000000000,0.000000000000000,0.000000000000000,0.000000000000000,0.000000000000000,15.000000000000000,0.000000000000000,30.000000000000000,0.000000000000000,40.000000000000000,0.000000000000000,0.000000000000000,0.000000000000000,0.000000000000000,0.098051861406396,0.020682293288262,0.075928953298281,0.023792692086776,0.094625362939444,0.024272554467027,0.089625499939401,0.026198844584495,0.088147155080636,0.027404282165530,0.087645687645688,0.027661227661228,0.085533283268827,0.029769125604144,0.081288490685494,0.033785468986820,0.077527674558861,0.036633528530573,0.488524663078771,0.489616931029912,0.490694128214233,0.490809194845069,0.491956153148535,0.491938616938617,0.492499951861052,0.492661588933868,0.493239431139472,0.274497146840869,0.281605602100788,0.270879001758485,0.252605194142085,0.252329895041621,0.264740552923645,0.276395604395604,0.289156626506024,0.303220134080668,0.118734154694658,0.099721645385057,0.118897917406471,0.115824344523896,0.115551437246166,0.115306915306916,0.115302408872971,0.115073959672314,0.114161203089434,0.352412442787736,15.000000000000000,5.286186641816046,0.315264697048893,0.000000000000000,0.000000000000000,0.362359087058538,30.000000000000000,10.870772611756136,0.335519185861250,0.000000000000000,0.000000000000000,0.341531836756212,40.000000000000000,13.661273470248474,0.353835345554510,0.000000000000000,0.000000000000000,0.369543976777367,0.000000000000000,0.000000000000000,0.383359590487336,0.000000000000000,0.000000000000000,0.399253717843658,0.000000000000000,0.000000000000000,51401.000000000000000,49.32,"194",0.004
66.000000000000000,KOJA,RAWA BADAK SELATAN,JAKARTA UTARA,"65",66.000000000000000,KOJA,RAWA BADAK SELATAN,JAKARTA UTARA,66.000000000000000,117.298738983000007,176.844828298000010,174.438217344000009,140.137909244000014,117.298738983000007,186.061570560000007,184.094238950999994,154.206727562999987,112.327097825999999,153.545743383000001,0.776264591440000,0.701848249027000,0.733949416342000,0.780155642023000,0.857976653696000,0.743677042802000,0.821011673152000,0.869163424125000,0.909533073930000,0.906128404669000,64.634943554700001,610103.438395999954082,26121.618865600001300,26888.484039499995561,27187.561457299998438,28420.571104700004071,29425.712243300000409,29919.244758799999545,30241.328131800000847,30305.963910800004669,30259.404239499999676,29760.394115600000077,0.099995459741900,0.113667616781000,0.100196061527000,0.097531981170800,0.088735361865200,0.105723595664000,0.106821652813000,0.105816115657000,0.097935179340700,0.103759967251000,483.194425957000021,-0.027266367192300,-0.088077327116300,31.879830369899999,510303.636531999974977,24.731844590400001,22.045544461199999,27.491684913200000,36.089240099100003,28.070132718499998,26.751271780400000,22.524805275799999,32.916074536600000,28.586076045500000,-0.110179659563000,-0.120012144059000,-0.110961839256000,-0.103884087946000,-0.100390889922000,-0.114314802286000,-0.116109933455000,-0.113344016781000,-0.104963027082000,-0.112720119867000,0.000000000000000,40.096916636800003,41.399849191800001,41.309413851599999,41.731254461100001,41.451910360200003,41.199832105900001,40.817966299500000,41.054624740800001,39.161936861900003,0.016372980451300,0.010646848809800,0.023050478188500,0.026091405814700,0.020894744018000,0.027990479572900,0.019972962142200,0.028734395944200,0.026379354055600,0.000000000000000,2695.647589870000047,0.009525188824750,3202.905999109999811,0.985734004686000,251.855416318000010,2.757116417400000,0.324509132480000,0.004032609713760,0.000000000000000,2.000000000000000,1.000000000000000,0.000000000000000,0.000000000000000,0.000000000000000,0.000000000000000,1.000000000000000,1.000000000000000,0.000000000000000,15.000000000000000,30.000000000000000,0.000000000000000,0.000000000000000,0.000000000000000,0.000000000000000,7.000000000000000,40.000000000000000,0.095135267275098,0.026686766623207,0.073759922633679,0.029072812991095,0.091972631781825,0.030259227136937,0.088514519731943,0.032055100521221,0.086193954706065,0.032386810933524,0.084569544820591,0.032929413682552,0.085166374464547,0.035317295353082,0.079939176713370,0.038177473661345,0.075592203346156,0.040842244758977,0.491301336375489,0.492948382157392,0.493649416979859,0.493279970215934,0.493491514252760,0.492745747975874,0.492399732499503,0.491872126280728,0.491376930297620,0.288660522780305,0.300518252488976,0.284067781612247,0.263318274803955,0.263187617653211,0.276104583815985,0.288631960760068,0.301425787260232,0.313981042654028,0.121822033898305,0.102832735624774,0.122231858918762,0.120569620253164,0.118580765639589,0.117498958503143,0.120483669817629,0.118116650374715,0.116434448105133,0.392709926995576,0.000000000000000,0.000000000000000,0.364031967388096,30.000000000000000,10.920959021642869,0.403390779808087,30.000000000000000,12.101723394242621,0.374780596479849,0.000000000000000,0.000000000000000,0.370570943491385,0.000000000000000,0.000000000000000,0.376677282420719,0.000000000000000,0.000000000000000,0.395807398927275,0.000000000000000,0.000000000000000,0.399652618607404,7.000000000000000,2.797568330251827,0.405294662498569,40.000000000000000,16.211786499942765,54331.000000000000000,49.14,"357",0.007
67.000000000000000,CILINCING,CILINCING,JAKARTA UTARA,"66",67.000000000000000,CILINCING,CILINCING,JAKARTA UTARA,67.000000000000000,115.696474140000007,172.110892624000002,170.247277813000011,136.973347055000005,115.696474140000007,183.085030136999990,181.693704354999994,149.983094861000012,111.357402133999997,151.019477394999996,0.724454790493000,0.553418279833000,0.671159029650000,0.708894878706000,0.776525361431000,0.639916687086000,0.730825777996000,0.759985297721000,0.812668463612000,0.808625336927000,118.500766870999996,1344519.825930000049993,7000.117045289999623,7213.156297079999604,7268.689814850001312,7451.688602940000237,7602.717723230000047,7694.906118739999329,8087.912552200000391,8231.362656409999545,8265.950529769999775,8122.500425549999818,0.089756291378000,0.111964592971000,0.095482569487800,0.100096707333000,0.091451388795000,0.103755913454000,0.110133862659000,0.109472162658000,0.103651390470000,0.105641204973000,3311.970636470000045,-0.043412693403500,-0.090342891310800,21.515133944199999,2366544.881620000116527,16.361131560600001,13.939309495900000,20.525058766000001,24.971463507599999,18.822647190800001,15.678491809600001,15.164152841500000,20.704588792999999,18.175463381499998,-0.094258750026800,-0.113111123736000,-0.103798033906000,-0.102559287547000,-0.100100722725000,-0.111145429665000,-0.117457181494000,-0.112197591568000,-0.107654921803000,-0.110721426572000,3.000000000000000,34.951641609100001,36.783660067400000,36.931455284999998,37.178453389799998,36.258352679200001,36.355081562199999,36.162976954900003,36.882765482200000,36.048827051000004,0.006136995741190,-0.002749059528920,0.004512655894880,0.012833201970000,-0.002485872895530,-0.005741909433600,-0.011556753894600,-0.006289371500430,-0.009499929117550,0.000000000000000,1406.799362140000085,-0.015966878225400,3188.183584809999957,0.979367746276000,899.308949001999963,5.583863098590000,0.179640985197000,0.001232771754980,0.000000000000000,1.000000000000000,0.000000000000000,1.000000000000000,0.000000000000000,0.000000000000000,0.000000000000000,4.000000000000000,0.000000000000000,0.000000000000000,15.000000000000000,0.000000000000000,25.000000000000000,0.000000000000000,0.000000000000000,0.000000000000000,20.625000000000000,0.000000000000000,0.097086636737033,0.028694240137549,0.075092894517328,0.030825813300978,0.094737036763074,0.031918041275242,0.088795040962807,0.033404625534691,0.088698268297488,0.034365430418510,0.090777435128550,0.033291874669892,0.090015736431513,0.035206080289282,0.084304409435692,0.038076185713095,0.078532166123779,0.040021036916395,0.490629477505015,0.491734283764313,0.491863303498779,0.492441818313637,0.492953206425386,0.493721568159746,0.492968828472897,0.493423355838960,0.493213897937025,0.289117907801418,0.290613873278710,0.275958321791566,0.258634688651552,0.259252401818593,0.271048513302034,0.286266069678510,0.299733180865256,0.315589938995054,0.125780876874582,0.105918707818306,0.126655078038316,0.122199666497498,0.123063698715998,0.124069309798442,0.125221816720795,0.122380595148787,0.118553203040174,0.399757953462120,0.000000000000000,0.000000000000000,0.354481566999871,15.000000000000000,5.317223504998064,0.395830985085908,0.000000000000000,0.000000000000000,0.369104977858611,25.000000000000000,9.227624446465285,0.375227355965997,0.000000000000000,0.000000000000000,0.395082766016130,0.000000000000000,0.000000000000000,0.409602585641998,0.000000000000000,0.000000000000000,0.418904375321379,82.500000000000000,34.559610964013764,0.423984882559057,0.000000000000000,0.000000000000000,58944.000000000000000,49.32,"180",0.003
68.000000000000000,CILINCING,SUKAPURA,JAKARTA UTARA,"67",68.000000000000000,CILINCING,SUKAPURA,JAKARTA UTARA,68.000000000000000,120.165593372999993,180.188410618999995,177.349701449999998,141.914263806999998,120.165593372999993,189.399118464999987,186.728961411999990,157.392575198999992,113.552658589999993,156.631139496999992,0.715256331069000,0.621525633107000,0.685917232860000,0.680203829524000,0.724521309450000,0.663063619518000,0.753551575046000,0.770382952440000,0.857936998147000,0.837245213095000,66.151714227100001,1953199.543659999966621,11286.669428100000005,11248.977138800000830,11341.905133099999148,12044.162854800000787,12118.678947500000504,12210.738455900000190,12179.820356800000809,12050.242256300000008,11955.577290100000027,11687.215138199999274,0.120481007590000,0.136120142306000,0.121976856248000,0.124266886159000,0.110941258102000,0.125046900462000,0.125378300822000,0.124163027159000,0.112958158409000,0.117123268255000,1206.950130680000029,-0.021596722341800,-0.081428928540200,30.748980341799999,1800758.972330000018701,20.265490241300000,17.117834296400002,26.483178321499999,33.481395731600003,23.761520123400000,20.850369069500001,20.451530350700001,30.873440257799999,28.967802923000001,-0.127448235126000,-0.140694470547000,-0.129534637716000,-0.129562037332000,-0.119998956163000,-0.133217023863000,-0.135160827880000,-0.128978569132000,-0.121102944423000,-0.125364731816000,0.000000000000000,40.006477563399997,41.311648550400001,41.585589251199998,42.131632390800000,41.593302142699997,41.621075795599999,40.611248043800003,41.499989427000003,39.368542316099997,0.008118092616710,0.004009327967900,0.002325893158960,0.004732979535320,-0.001246858751040,0.003478937733930,-0.004262587935680,0.003419036699140,-0.000643447088793,0.000000000000000,4927.590654659999927,-0.007866982158120,3336.702286390000154,0.992642358621000,471.785948819999987,2.595410434970000,0.333629990663000,0.001636578829470,3.000000000000000,0.000000000000000,0.000000000000000,2.000000000000000,9.000000000000000,0.000000000000000,2.000000000000000,2.000000000000000,2.000000000000000,18.333333333300001,0.000000000000000,0.000000000000000,22.500000000000000,37.222222222200003,0.000000000000000,45.000000000000000,45.000000000000000,42.500000000000000,0.092185111409645,0.021710597427464,0.071182443297548,0.023952095808383,0.089068358811653,0.025237957888665,0.082601155240866,0.028408032220614,0.084069474672470,0.030114226375909,0.082443205316524,0.032158697109282,0.080879279279279,0.034450450450450,0.078730204852535,0.035870986488450,0.075024150999480,0.038894255777662,0.501080880763411,0.501753526195690,0.499149120276896,0.499491178030357,0.499338539666283,0.499080161435233,0.499243243243243,0.499142815632718,0.498521215724158,0.265201621506294,0.275068380038190,0.273743753813678,0.252442385790942,0.252145417971221,0.259990284974093,0.269150360957763,0.278567909344720,0.291702867072111,0.113895708837109,0.095134539105931,0.114306316700318,0.111009187461480,0.114183701048379,0.114601902425806,0.115329729729729,0.114601191340985,0.113918406777142,0.406621540243017,54.999999999899998,22.364184713325290,0.370482172856134,0.000000000000000,0.000000000000000,0.404870909445843,0.000000000000000,0.000000000000000,0.375631772332183,45.000000000000000,16.903429754948231,0.382954145473006,334.999999999800025,128.289638733380400,0.390760114086922,0.000000000000000,0.000000000000000,0.403374117495916,90.000000000000000,36.303670574632399,0.410709445816142,90.000000000000000,36.963850123452751,0.418884921285280,85.000000000000000,35.605218309248805,67285.000000000000000,49.85,"752",0.011
69.000000000000000,CILINCING,MARUNDA,JAKARTA UTARA,"68",69.000000000000000,CILINCING,MARUNDA,JAKARTA UTARA,69.000000000000000,116.462447475999994,172.809074751999987,170.803981877000012,137.278996379999995,116.462447475999994,183.852133444000003,182.265198053000006,150.678184834000007,111.639543962000005,151.730889582000003,0.337373292199000,0.158109299251000,0.254517408550000,0.273909211106000,0.329991185544000,0.230167474658000,0.314455707360000,0.347179374174000,0.476200969590000,0.481379462318000,154.647444059999998,557421.280738999950700,3642.876171259999865,3887.918783560000065,3909.307467690000067,4269.329711389999829,4431.784803499999725,4637.511799900000369,4771.778337220000139,4894.794179419999637,4994.937729350001064,4979.978013859999919,0.114189232792000,0.130636606023000,0.120566812572000,0.128716249685000,0.124063294856000,0.136416825425000,0.140637682192000,0.135846786095000,0.132711099952000,0.143116039143000,5022.528844000000390,-0.050135459929400,-0.098652418936500,24.457022178799999,2977948.871619999874383,10.900888922400000,8.358536835940003,12.223733404800001,16.525474796200001,12.268015480000001,10.290319939900000,9.962082362720000,14.186296606100001,12.226161598199999,-0.107358322872000,-0.114180591964000,-0.115151579129000,-0.117617880755000,-0.120922374864000,-0.127784659356000,-0.129320165317000,-0.123180490088000,-0.120634126072000,-0.132345802775000,0.000000000000000,33.086557804100003,35.492258360800001,35.538489137900001,35.989239778100000,34.459722695099998,34.764507836999996,34.571390669600000,35.711711024000003,34.454913140099997,-0.039876702085100,-0.044126751178100,-0.050105064137300,-0.043216101405800,-0.056781776765300,-0.065855775645400,-0.066952845537400,-0.058936336272300,-0.062947967385500,0.000000000000000,1798.419319200000018,-0.069589388171700,2890.702898930000174,0.989090636064000,623.508928069000035,3.867340469120000,0.067349569791800,0.000668612429388,0.000000000000000,0.000000000000000,0.000000000000000,0.000000000000000,3.000000000000000,1.000000000000000,4.000000000000000,2.000000000000000,14.000000000000000,0.000000000000000,0.000000000000000,0.000000000000000,0.000000000000000,40.000000000000000,10.000000000000000,19.375000000000000,10.000000000000000,21.785714285699999,0.103634686933571,0.021973479187204,0.081941808981657,0.023149905123340,0.098604193212093,0.024701725935364,0.091418847291190,0.025804831780394,0.089869368168488,0.025219941348974,0.088739765778837,0.025313503990051,0.087469374352757,0.026799019979288,0.083191010123512,0.029380460879681,0.078699106256207,0.031405163853029,0.488822463192037,0.489057558507274,0.492210123943009,0.491240305752385,0.492108770994401,0.492175354959063,0.491601626632315,0.492017524318705,0.491137040714995,0.387095574563035,0.386224305805986,0.365165326785294,0.331333268815123,0.329774796948068,0.340152235965747,0.353063764508379,0.362755347102534,0.374595855941972,0.125608166120775,0.105091714104997,0.123305919147457,0.117223679071584,0.115089309517462,0.114053269768888,0.114268394332045,0.112571471003193,0.110104270109236,0.491394988601599,0.000000000000000,0.000000000000000,0.436520705070646,0.000000000000000,0.000000000000000,0.482872489737596,0.000000000000000,0.000000000000000,0.424863310593933,0.000000000000000,0.000000000000000,0.422788791529753,120.000000000000000,50.734654983570366,0.431329828703903,10.000000000000000,4.313298287039029,0.441988372844649,77.500000000000000,34.254098895460338,0.450166421385652,20.000000000000000,9.003328427713043,0.450571247357543,304.999999999800025,137.424230443960340,40280.000000000000000,49.11,"50",0.001
70.000000000000000,CILINCING,SEMPER TIMUR,JAKARTA UTARA,"69",70.000000000000000,CILINCING,SEMPER TIMUR,JAKARTA UTARA,70.000000000000000,116.535268575000003,173.903646656999996,171.870318628000007,138.131475009000013,116.535268575000003,184.412283948000010,182.673959050000008,151.581999066999998,111.759243745999996,152.157240317000003,0.646940822467000,0.488064192578000,0.554864593781000,0.607422266800000,0.723370110331000,0.554062186560000,0.665195586760000,0.708324974925000,0.827281845537000,0.806218655968000,231.115011610000010,1011222.979459999944083,9237.032645519999278,9432.690366659999199,9492.110667650000323,9914.152957590000369,10229.103146100000231,10443.739214299999730,10554.446239000000787,10615.448068899999271,10599.406847000000198,10416.627289899999596,0.119881752715000,0.140123136645000,0.124280601995000,0.126171102770000,0.110984227587000,0.132229229118000,0.134195277266000,0.132711423029000,0.123784045084000,0.125994762483000,1900.179184320000104,-0.032141006979500,-0.084265574504400,20.814570795900000,2246055.129600000102073,21.140571721000001,16.978561376300000,25.522134264300000,31.059858537699998,24.545027076099998,21.518495818200002,20.191549668899999,27.089709335700000,25.437102244199998,-0.125275191873000,-0.141321973492000,-0.130994822884000,-0.128383248859000,-0.119280394568000,-0.137765750600000,-0.140024448400000,-0.134831917390000,-0.128185366179000,-0.130859227544000,0.000000000000000,37.319270376100000,39.234473705200003,39.620400672099997,39.965597379099997,39.207687121600003,39.149231347700002,38.364101366400000,39.382835092199997,38.132904708300003,-0.006120399360420,-0.016083624686800,-0.010083126820500,0.000078478402864,-0.017166469960300,-0.015284727663500,-0.020908387392100,-0.011244826280600,-0.011805076605000,0.000000000000000,2287.289479080000092,-0.025579513383400,2966.536603040000045,0.990172047532000,472.045229452999990,2.170229784400000,0.218954060672000,0.001625361668280,1.000000000000000,3.000000000000000,1.000000000000000,1.000000000000000,6.000000000000000,0.000000000000000,0.000000000000000,4.000000000000000,3.000000000000000,15.000000000000000,26.666666666699999,25.000000000000000,4.166666666670001,36.666666666700003,0.000000000000000,0.000000000000000,25.000000000000000,18.333333333300001,0.088910179640718,0.035688622754491,0.069121462404494,0.038440482707733,0.086802944326702,0.037487750962831,0.081568194367753,0.038674765323026,0.082444564629529,0.037901568415360,0.080809161939420,0.037054479289308,0.081323826753219,0.038459082685964,0.077013258302426,0.040691478023618,0.073918230126884,0.043032209087951,0.493820359281437,0.494894437436032,0.494519268020328,0.495659856432910,0.496679286100595,0.495793642299047,0.496860700223476,0.495928720637763,0.495564472399957,0.282286559478485,0.280526470039698,0.270608064307014,0.255862951165066,0.254718836020448,0.267912167900036,0.280260303687635,0.293021468709476,0.305894110764431,0.124598802395209,0.107561945112227,0.124290695289533,0.120242959690779,0.120346133044889,0.117863641228728,0.119782909439183,0.117704736326044,0.116950439214835,0.408955230860954,15.000000000000000,6.134328462914316,0.367689886358582,80.000000000100002,29.415190908723343,0.400112593672466,25.000000000000000,10.002814841811640,0.380652975263542,4.166666666670001,1.586054063599362,0.385983350790287,220.000000000200032,84.916337173940292,0.387740064566865,0.000000000000000,0.000000000000000,0.412477256862540,0.000000000000000,0.000000000000000,0.414586167710539,100.000000000000000,41.458616771053890,0.423871771136218,54.999999999899998,23.312947412449624,46105.000000000000000,49.56,"7500",0.163
71.000000000000000,CILINCING,ROROTAN,JAKARTA UTARA,"70",71.000000000000000,CILINCING,ROROTAN,JAKARTA UTARA,71.000000000000000,120.027139386000002,178.480531377000005,175.781631795000010,140.594385071999994,120.027139386000002,188.510429437999989,185.527052035999986,155.833867059999989,112.989593573999997,155.781642704000006,0.322999731207000,0.250425589105000,0.334199444494000,0.294686856016000,0.319505420661000,0.280888809246000,0.351043813278000,0.368963354538000,0.431592151241000,0.428725024639000,156.468957576999998,1311840.822250000201166,4328.627207530000305,4539.703502800000024,4590.632088139999723,4939.669382889999724,5142.879480810000132,5443.106012590000319,5642.483860530000129,5873.830741239999043,5983.755806619999930,6008.766280209999422,0.177796243746000,0.174722673600000,0.178687106392000,0.184904046906000,0.189543305381000,0.191737940004000,0.191838906597000,0.196203526156000,0.191481720159000,0.197533792703000,4038.969914339999832,-0.033918549934700,-0.083253595520600,31.142757315400001,5198195.585789998993278,12.536680587299999,10.886093580800001,15.925981155200001,19.968104979500001,14.921923548600001,13.323504642000000,13.266049630800000,18.820429615300000,18.374804628500002,-0.176901720936000,-0.169686933002000,-0.177457515132000,-0.177786622478000,-0.188654656299000,-0.187497511544000,-0.187266766705000,-0.188116729321000,-0.184495797084000,-0.191053506729000,0.000000000000000,35.642364286899998,37.929218742499998,37.491990064900001,37.889146609299999,37.123655483900002,37.339158869700000,37.078973941400001,37.691515539800001,35.855500159000002,-0.061221748053400,-0.056439004239600,-0.064371068007400,-0.060204515429600,-0.073245668030200,-0.075174243672500,-0.077615085904100,-0.068148970912900,-0.071930031763200,0.000000000000000,5305.582500569998956,-0.078555051940100,3149.354663850000179,0.987374274547000,503.113061436999999,3.244940812230000,0.130070344389000,0.001123556777350,1.000000000000000,0.000000000000000,1.000000000000000,0.000000000000000,5.000000000000000,0.000000000000000,1.000000000000000,0.000000000000000,0.000000000000000,15.000000000000000,0.000000000000000,15.000000000000000,0.000000000000000,36.000000000000000,0.000000000000000,20.000000000000000,0.000000000000000,0.000000000000000,0.098189492391425,0.025835832500278,0.076252196836555,0.026845342706503,0.095567669096180,0.026887976970662,0.093281826025571,0.029159149737234,0.094343468030311,0.028440145998925,0.094173369079535,0.028954423592493,0.094207128631275,0.029307739853032,0.088650689318097,0.030909765058820,0.084152932093585,0.032476251216810,0.493568810396534,0.494288224956063,0.494640779077602,0.494979998431250,0.495080873770218,0.494512957998213,0.494660394203695,0.494707924630060,0.495367728508610,0.310470245311734,0.313568389360273,0.298698849707713,0.274637681159420,0.265772617236873,0.269815059445178,0.281225249485189,0.294896578387783,0.308552682065843,0.124025324891703,0.103097539543058,0.122455646066842,0.122440975762805,0.122783614029236,0.123127792672028,0.123514868484307,0.119560454376917,0.116629183310395,0.435547004041157,15.000000000000000,6.533205060617354,0.386715302724560,0.000000000000000,0.000000000000000,0.425489639525701,15.000000000000000,6.382344592885520,0.402189805756316,0.000000000000000,0.000000000000000,0.394397097842645,180.000000000000000,70.991477611676032,0.396098513414071,0.000000000000000,0.000000000000000,0.410066288406510,20.000000000000000,8.201325768130200,0.414079302949512,0.000000000000000,0.000000000000000,0.424596887895830,0.000000000000000,0.000000000000000,59582.000000000000000,49.54,"257",0.004
72.000000000000000,CILINCING,KALIBARU,JAKARTA UTARA,"71",72.000000000000000,CILINCING,KALIBARU,JAKARTA UTARA,72.000000000000000,113.505028855999996,169.322743395000003,167.847307085000011,135.482233761999993,113.505028855999996,180.323467870999991,179.241415442999994,147.159107167999991,110.213458462000006,148.462302998000013,0.972968102361000,0.668048296990000,0.804469273743000,0.946116417373000,0.837628401514000,0.635429807172000,0.789872049018000,0.742656334475000,0.833303297892000,0.845377545504000,68.411444141700002,799643.681952000013553,5802.296058949999860,5785.692615449999721,5776.580969630000254,6019.355710509999881,6160.484980229999564,6086.376927549999891,5997.892722579999827,6003.967153130000042,5918.722644440000295,5645.373269810000238,0.014397798940200,0.046158782288600,0.054964975484300,0.055803286858400,0.056104577158300,0.051032896888000,0.040928805540100,0.059589252314600,0.058706310319900,0.075390206305200,1649.660919850000028,-0.036115122484800,-0.091948643106000,14.223999699000000,210804.332025999989128,29.738981751800001,24.382759120599999,29.837237642800002,38.280425586000000,33.464536478500001,31.508472977499999,26.144970343499999,37.822437672299998,31.810901681400001,0.003173180131830,-0.036461338548100,-0.065811412930800,-0.068405714345600,-0.069916331601300,-0.058217112663500,-0.046168145945800,-0.058413796591900,-0.056711526947700,-0.082982575974100,0.000000000000000,34.809252099100000,35.161209382899997,34.862751783699998,34.828401969500000,34.474975806300002,35.199121484199999,35.949652277900000,34.560404621300002,34.643076747400002,0.028100834826000,0.006811297840380,0.027638283829600,0.019943498672200,-0.000080055865134,0.006000370156130,-0.011102457454400,-0.005673780069270,0.003752126754140,0.000000000000000,449.446201481000003,-0.003923036080890,2996.748784500000056,0.967888146222000,330.429370392000010,2.164161120050000,0.302458851841000,0.003876186656380,0.000000000000000,0.000000000000000,0.000000000000000,0.000000000000000,1.000000000000000,0.000000000000000,1.000000000000000,1.000000000000000,2.000000000000000,0.000000000000000,0.000000000000000,0.000000000000000,0.000000000000000,10.000000000000000,0.000000000000000,30.000000000000000,25.000000000000000,11.250000000000000,0.099525730869965,0.028161204313254,0.075144098187973,0.028807802014416,0.095444659965908,0.029859519191207,0.086972128622874,0.031484118988895,0.089921238518652,0.030906546907089,0.089651022864019,0.030908766769176,0.089072472147479,0.032489048010852,0.085336377064590,0.033223669486594,0.081325543222489,0.035285069846991,0.488638776810363,0.489365731261318,0.490777640627755,0.490024432324776,0.490284579449798,0.489437090520123,0.489481642909560,0.488530056846157,0.487700731183783,,0.423065587825528,0.413941760208232,0.381837740209033,0.375287319005259,0.383287954902788,0.391894821408077,0.400301670693203,0.410420522981464,0.127686935183219,0.103951900202389,0.125304179157115,0.118456247611769,0.120827785425741,0.120559789633195,0.121561520158331,0.118560046551184,0.116610613069480,,0.000000000000000,,0.474137085204665,0.000000000000000,0.000000000000000,0.530849658072613,0.000000000000000,0.000000000000000,0.473922416714029,0.000000000000000,0.000000000000000,0.475023659514041,10.000000000000000,4.750236595140406,0.477525084721109,0.000000000000000,0.000000000000000,0.489568551134573,30.000000000000000,14.687056534037177,0.484477842301047,25.000000000000000,12.111946057526184,0.484781435825818,22.500000000000000,10.907582306080911,87119.000000000000000,48.77,"540",0.006
73.000000000000000,CILINCING,SEMPER BARAT,JAKARTA UTARA,"72",73.000000000000000,CILINCING,SEMPER BARAT,JAKARTA UTARA,73.000000000000000,117.076351183000000,175.246190508000012,173.064379890999987,139.025263703000007,117.076351183000000,185.333249367000008,183.476460774999993,152.792147481000001,112.112525903000005,152.979071299999987,0.753796962430000,0.680522248868000,0.734878763656000,0.748201438849000,0.815347721823000,0.743938182787000,0.859046096456000,0.884892086331000,0.926991739941000,0.905142552625000,70.616621004600006,1048091.132609999971464,23411.380758100000094,24195.542697500000941,24350.339078799999697,25401.876585999998497,25948.903643400000874,26277.958233500001370,26580.365090600000258,26650.128256600000896,26555.813246800000343,25873.451635500005068,0.126841637406000,0.140320574880000,0.121164036382000,0.121820829126000,0.101234281521000,0.110023483497000,0.107079127524000,0.105501429147000,0.100199281144000,0.106218164579000,882.807029076000049,-0.029098820415300,-0.086474112650600,15.012990239400001,543959.781257000053301,25.592897968599999,21.595710654000001,28.892171470000001,36.541907685500000,27.609788863300000,24.198650866200001,20.964672472200000,31.581648476300000,27.841220258500002,-0.132664145051000,-0.146061696814000,-0.130029178409000,-0.126751890420000,-0.112646317150000,-0.121563060968000,-0.121892402721000,-0.115975098447000,-0.110460689071000,-0.116841982722000,1.000000000000000,39.152448650600000,40.365326132600003,40.786637842399998,41.177850042199999,40.542636744699998,40.689502922999999,39.627292597000000,40.434014945100003,39.194728428099999,-0.001673843379730,-0.003834464343700,0.002672762856170,0.013221420455200,0.010556339846200,0.018478226221600,0.010759079759900,0.017458793938000,0.012882948827100,0.000000000000000,2445.619054710000000,-0.011402619656900,2406.941468559999976,0.989966721202000,289.180496157999983,2.456274087620000,0.306840811045000,0.003209708752000,2.000000000000000,2.000000000000000,1.000000000000000,1.000000000000000,6.000000000000000,1.000000000000000,1.000000000000000,3.000000000000000,6.000000000000000,17.750000000000000,35.000000000000000,20.000000000000000,30.000000000000000,33.333333333299997,10.000000000000000,30.000000000000000,17.500000000000000,18.750000000000000,0.091337705729489,0.035193664150476,0.071218660469463,0.036814342100409,0.088756350263440,0.037388465210575,0.083492949945769,0.038688759144301,0.085113655785336,0.038660058109725,0.083514502956913,0.039087580963109,0.083071184612619,0.040760381089340,0.078698431668790,0.043374336193386,0.074108362070961,0.045617608257921,0.495149115208514,0.496624737172157,0.495738987965440,0.495442272632866,0.495550618127955,0.495432272599268,0.496213823476541,0.496183464309472,0.495533131205592,0.278124600048350,0.276455647276442,0.263053696246515,0.246086568261806,0.242125064867670,0.251842280333657,0.263921313483103,0.273902236951118,0.287343615886805,0.126531369879965,0.108033002569872,0.126144815474015,0.122181709090070,0.123773713895061,0.122602083920022,0.123831565701959,0.122072767862176,0.119725970328882,0.417945419220227,35.500000000000000,14.837062382318049,0.375294120843750,70.000000000000000,26.270588459062473,0.404648717469496,20.000000000000000,8.092974349389928,0.374255765597835,30.000000000000000,11.227672967935041,0.375047136551466,199.999999999799968,75.009427310218129,0.381391656276269,10.000000000000000,3.813916562762690,0.402230506802336,30.000000000000000,12.066915204070078,0.407807296290447,52.500000000000000,21.409883055248446,0.411635905119816,112.500000000000000,46.309039325979242,86414.000000000000000,49.55,"5",0.000
74.000000000000000,PADEMANGAN,PADEMANGAN TIMUR,JAKARTA UTARA,"73",74.000000000000000,PADEMANGAN,PADEMANGAN TIMUR,JAKARTA UTARA,74.000000000000000,117.533018515999998,180.309556418000000,177.204298768000001,142.594777450999999,117.533018515999998,186.905140654000007,185.411805883000000,157.762922104000012,112.495550812000005,154.601177874999991,0.510333333333000,0.434000000000000,0.455000000000000,0.514333333333000,0.595666666667000,0.427333333333000,0.505666666667000,0.543000000000000,0.674000000000000,0.646000000000000,49.769911504400000,587301.871589999995194,15940.789459199999328,15896.182537599999705,15969.652761300001657,16614.766307400001097,17086.700040399999125,17206.651426000000356,17384.329416100001254,17562.007406100001390,17664.715780099999392,17314.232825099999900,0.134466124879000,0.155312730180000,0.129751159727000,0.128878051145000,0.113273990345000,0.148289558648000,0.162090771052000,0.159520625128000,0.142232112824000,0.150866448331000,1959.089691760000051,-0.017635498934200,-0.086303971302200,17.427916827600001,3339875.149280000012368,35.311874124500001,25.712107996200000,33.618100007400002,40.822538583099998,28.031268788399998,26.744645201099999,21.309859159300000,35.610492713399999,28.587305879100001,-0.131688112430000,-0.149681332656000,-0.125930920592000,-0.126748106989000,-0.117480775320000,-0.142135675291000,-0.159125200603000,-0.147910937982000,-0.136346675807000,-0.147485360599000,0.000000000000000,38.692152121100001,39.311757000199997,39.484491964699998,40.027326218399999,39.781492026099997,39.238454401699997,38.914292872200001,39.744831463600001,37.660769678800001,-0.014129484373800,-0.023649899155700,-0.011951968541100,-0.002409837272520,-0.025178057405000,-0.029456900972400,-0.033143000293400,-0.020987766700700,-0.025766283590100,0.000000000000000,1948.852497630000016,-0.033392405585000,1728.712764710000101,0.976927724381000,322.753986930999986,2.679173294500000,0.218373554001000,0.002562472874090,0.000000000000000,1.000000000000000,0.000000000000000,0.000000000000000,2.000000000000000,0.000000000000000,0.000000000000000,1.000000000000000,0.000000000000000,0.000000000000000,10.000000000000000,0.000000000000000,0.000000000000000,30.000000000000000,0.000000000000000,0.000000000000000,32.500000000000000,0.000000000000000,0.074209446553635,0.060485297238663,0.056005445625895,0.063000258197780,0.069691363595343,0.065156574316397,0.066055327644078,0.068556260009214,0.065333420473607,0.069036882120994,0.063673803825172,0.070854087155271,0.062538686474141,0.072741243516681,0.058992042440318,0.076477453580902,0.056354189218445,0.077917298116475,0.499327941141793,0.500504659296294,0.501082934753181,0.501283373187372,0.503278652811363,0.503094206179787,0.505410770314401,0.506228116710875,0.505737172548171,0.227487775868904,0.226449696500064,0.229244145140215,0.215132665953931,0.208953426768771,0.225533532962593,0.233927060813986,0.243593622716164,0.252033866237820,0.134694743792298,0.119005703823675,0.134847937911740,0.134611587653292,0.134370302594601,0.134527890980443,0.135279929990822,0.135469496021220,0.134271487334920,0.412303600006027,0.000000000000000,0.000000000000000,0.376068107954053,10.000000000000000,3.760681079540533,0.425338519448978,0.000000000000000,0.000000000000000,0.411067734993099,0.000000000000000,0.000000000000000,0.416154127030245,60.000000000000000,24.969247621814723,0.432910443573592,0.000000000000000,0.000000000000000,0.457999590921669,0.000000000000000,0.000000000000000,0.473709193953896,32.500000000000000,15.395548803501619,0.476350679615328,0.000000000000000,0.000000000000000,46190.000000000000000,50.57,"0",0.000
75.000000000000000,PADEMANGAN,PADEMANGAN BARAT,JAKARTA UTARA,"74",75.000000000000000,PADEMANGAN,PADEMANGAN BARAT,JAKARTA UTARA,75.000000000000000,116.714185418000000,179.681310857999989,176.531681429000002,142.372821823999999,116.714185418000000,185.780695081999994,184.845103749999993,157.324780207999993,112.133698421999995,153.894814816000007,0.923076923077000,0.904873752202000,0.890193775690000,0.914856136230000,0.915443335291000,0.877275396359000,0.924251321198000,0.953611274222000,0.968291250734000,0.959483264827000,45.507281836200001,581235.621244000038132,58488.206735699997807,59003.718808899990108,59181.708910900000774,60811.307177900001989,61603.033520500001032,61608.966523900002358,61837.716766099998495,61701.916910499996447,61189.041727700001502,59426.280495400002110,0.073965370122400,0.082890422287400,0.072765593913000,0.076282809083200,0.070207113011800,0.084206158132300,0.084902608903900,0.082291172120600,0.080361203759200,0.082592345774200,854.596551080000040,-0.014263242090100,-0.088893801199300,20.012776698000000,2036938.962640000041574,34.518412217900000,26.618162883499998,33.159770306100000,42.368470302100000,30.006652131900001,26.021792509499999,22.324019947600000,32.520401188400001,27.972352692499999,-0.080217897705500,-0.090241598618300,-0.079309708956700,-0.083067753405300,-0.079647409017100,-0.088512842006900,-0.092368367286100,-0.084921727465600,-0.085651761336500,-0.089958660645800,2.000000000000000,38.375029539600000,38.459065646799999,39.035671929800003,39.501602757800001,39.199138697800002,38.745968962600003,38.140187570099997,39.203288311500003,37.032657160299998,0.040193048742700,0.032096592280700,0.035291269209700,0.040421225254800,0.037760173503500,0.037702538414100,0.036738645279600,0.039057344988300,0.036409668667100,0.000000000000000,1291.455695310000237,0.038134772766300,2422.637026700000206,0.982972483267000,160.056205172000006,1.778623500020000,0.367083945539000,0.005486706377630,0.000000000000000,2.000000000000000,1.000000000000000,4.000000000000000,1.000000000000000,0.000000000000000,4.000000000000000,1.000000000000000,5.000000000000000,0.000000000000000,90.000000000000000,25.000000000000000,10.625000000000000,10.000000000000000,0.000000000000000,15.250000000000000,7.500000000000000,20.699999999999999,0.086632031730071,0.039226858834702,0.066889445836814,0.040456697298803,0.079222088523204,0.042321159495702,0.073998373426933,0.045832976628713,0.073188739206266,0.044993954438940,0.070913820306170,0.046725086350262,0.069659608111284,0.049958332443001,0.064705882352941,0.054869640163758,0.060701528631331,0.057673108069132,0.483939444723758,0.484500139236981,0.485479202575693,0.486580772194161,0.488395732796901,0.488241439597459,0.489583110750230,0.489161818573583,0.489406074590109,0.287046843696964,0.279832215182783,0.269856635216273,0.258658034704339,0.259466401027352,0.271846278394209,0.283407996949912,0.294108516024263,0.305440762929453,0.125858890564773,0.107346143135617,0.121543248018906,0.119831350055646,0.118182693645206,0.117638906656432,0.119617940554285,0.119575522516699,0.118374636700463,0.356726806922041,0.000000000000000,0.000000000000000,0.302580326212056,180.000000000000000,54.464458718170029,0.336418425446789,25.000000000000000,8.410460636169727,0.326762002325808,42.500000000000000,13.887385098846854,0.334301051564041,10.000000000000000,3.343010515640414,0.344924696613553,0.000000000000000,0.000000000000000,0.370680439657419,61.000000000000000,22.611506819102573,0.379250415550844,7.500000000000000,2.844378116631328,0.389442442419352,103.500000000000000,40.307292790402911,90146.000000000000000,48.94,"200",0.002
76.000000000000000,CENGKARENG,CENGKARENG BARAT,JAKARTA BARAT,"75",76.000000000000000,CENGKARENG,CENGKARENG BARAT,JAKARTA BARAT,76.000000000000000,117.126207976000003,188.373036326000005,183.474699009999995,147.978419056999996,117.126207976000003,186.593850040999996,184.826297428999993,167.457049132000009,112.645353125000000,157.724640469000008,0.706349206349000,0.619954648526000,0.661678004535000,0.678004535147000,0.758049886621000,0.686848072562000,0.767573696145000,0.835827664399000,0.914739229025000,0.905442176871000,117.137853884999998,1404541.067670000018552,18635.673883999996178,19132.880558200002270,19044.522310000000289,20217.950490800001717,20703.154744100000244,21105.874274199999491,21256.032222100002400,21411.552953800000978,21481.524514500000805,21133.198934799998824,0.116578595856000,0.133938883893000,0.125992924946000,0.121879691675000,0.105495774697000,0.124287844862000,0.130876285334000,0.124655009842000,0.116605719717000,0.120636707498000,1803.265662900000052,-0.013878146384600,-0.090933154429900,42.526723166799997,201593.038448000006611,25.811175201299999,20.169442894300001,27.661179166600000,35.469774343700003,27.325515822100002,25.460574663900001,24.057036882100000,33.834262077500000,29.765295521199999,-0.125616127475000,-0.141146015782000,-0.134945890908000,-0.129466485325000,-0.119654881333000,-0.129031822500000,-0.139652986870000,-0.131335547543000,-0.122854709175000,-0.127008807310000,1.000000000000000,39.304924739100002,40.299135742399997,40.648841101999999,40.745773634999999,40.694680634199997,40.396753403799998,39.446886552099997,40.791624990599999,38.797024385999997,0.002426693115340,-0.004003649907210,-0.001627441894480,0.009628962332220,0.002703325034760,-0.001955496407630,0.001666481505380,0.007167143481540,0.005913417015020,12213.364094599999589,4498.736018519999561,-0.008036641674130,2133.336710080000103,0.990936620450000,277.045346081999980,2.228366539760000,0.349296949245000,0.002915311949950,5.000000000000000,1.000000000000000,0.000000000000000,0.000000000000000,2.000000000000000,1.000000000000000,1.000000000000000,4.000000000000000,4.000000000000000,22.000000000000000,35.000000000000000,0.000000000000000,0.000000000000000,25.000000000000000,0.000000000000000,7.500000000000000,18.125000000000000,47.500000000000000,0.082859507220843,0.041202850965004,0.064109096760352,0.043539476507187,0.076808427328188,0.044751234669260,0.071603902751909,0.048155320644867,0.071423385925854,0.048724712031749,0.070846749002835,0.049497813446105,0.070177112529071,0.051845667600930,0.066215718208728,0.056003994341350,0.063246933720017,0.058872575675186,0.492338698913537,0.494086569405707,0.496431774260777,0.496096014604482,0.496200755009196,0.496792253351915,0.496881149740593,0.497497592696061,0.497432179324512,0.285400142555999,0.286588734118631,0.294384547549285,0.271542740410496,0.278185826942066,0.279843995014274,0.281602933751428,0.283557887520763,0.292425132119789,0.124062358185847,0.107648573267539,0.121559661997448,0.119759223396776,0.120148097957603,0.120344562448940,0.122022780130001,0.122219712550078,0.122119509395203,0.401692271059191,110.000000000000000,44.186149816510969,0.369350488462850,35.000000000000000,12.927267096199753,0.429518600340666,0.000000000000000,0.000000000000000,0.398538303708010,0.000000000000000,0.000000000000000,0.407227980862210,50.000000000000000,20.361399043110499,0.413135290186915,0.000000000000000,0.000000000000000,0.420065089189059,7.500000000000000,3.150488168917941,0.426439347824303,72.500000000000000,30.916852717261996,0.435106637739640,190.000000000000000,82.670261170531646,82755.000000000000000,49.74,"4",0.000
77.000000000000000,CENGKARENG,DURI KOSAMBI,JAKARTA BARAT,"76",77.000000000000000,CENGKARENG,DURI KOSAMBI,JAKARTA BARAT,77.000000000000000,121.092774672000004,195.557591285999990,190.528673770000012,152.055536079999996,121.092774672000004,192.481237792999991,188.366943385000013,174.112699299000013,114.701717513000006,162.206705989000000,0.664926755346000,0.572655329180000,0.611045630578000,0.617444014144000,0.686815962283000,0.607678060280000,0.673345681091000,0.721501936353000,0.800303081327000,0.778582252905000,96.022230113600003,1783650.419209999963641,15970.568361199999345,16332.555806699998357,16281.869999299999108,17536.532858800001122,18120.176148499998817,18598.476174399998854,18916.018975300001330,19456.730629699995916,19638.102604700001393,19368.408719099999871,0.144982498770000,0.164840682386000,0.155200497656000,0.150709151805000,0.135739571734000,0.151784337107000,0.159023936661000,0.155229791604000,0.147829129232000,0.148739500266000,477.375494876999994,-0.010799715501500,-0.087818081256600,41.060411953500001,666379.382449000026099,22.927736428999999,18.364483097899999,26.191196689400002,31.323716232900001,24.441376497600000,22.366075111600001,21.751624450300000,29.654209691999998,25.303706628600001,-0.150391329639000,-0.169517681203000,-0.159163538145000,-0.155024994141000,-0.141768432086000,-0.153996962713000,-0.163952479572000,-0.158189144293000,-0.148134935268000,-0.153147180371000,0.000000000000000,39.224791438399997,40.168222596400000,40.229316374600003,40.723262741500001,39.798358058399998,39.768881774800001,39.544614217400003,40.740587467700003,38.337883893899999,-0.003608400788590,-0.011951243435300,-0.012249711077400,0.000668279481477,-0.007872102908650,-0.014236160973800,-0.012344753333700,-0.004883981716910,-0.008307771134390,0.000000000000000,7909.405440929999713,-0.018604845927200,2572.757342460000473,0.988930501660000,332.411528126999997,2.173797593630000,0.326819720093000,0.002643984566870,1.000000000000000,0.000000000000000,0.000000000000000,1.000000000000000,4.000000000000000,2.000000000000000,1.000000000000000,2.000000000000000,0.000000000000000,25.000000000000000,0.000000000000000,0.000000000000000,20.000000000000000,28.000000000000000,35.000000000000000,20.000000000000000,16.250000000000000,0.000000000000000,0.086801454410709,0.030223025081637,0.067290045301429,0.031769078870949,0.083268625167163,0.032515853500712,0.080941446613088,0.035215530737919,0.081829182725063,0.035936912110150,0.081695294846928,0.038803015457218,0.080056766818628,0.040844892444375,0.076139296583073,0.044579914480527,0.071369983400058,0.047954301337760,0.494603858357072,0.495133000348473,0.496937146801260,0.496994050725394,0.496893399363427,0.497320482313184,0.497778901017720,0.497457529180631,0.496670247046187,0.261987776908698,0.267215013600219,0.279405468224356,0.254949705086228,0.260954729285969,0.273520228074939,0.283901796012523,0.291615604021387,0.300228572678456,0.117024479492346,0.099059124172378,0.115784478667875,0.116156977351007,0.117766094835213,0.120498310304146,0.120901659263003,0.120719211063600,0.119324284737818,0.371931939740138,25.000000000000000,9.298298493503443,0.332174176217393,0.000000000000000,0.000000000000000,0.401249344166972,0.000000000000000,0.000000000000000,0.376846632482500,20.000000000000000,7.536932649649994,0.386898632655263,112.000000000000000,43.332646857389491,0.410132036437610,70.000000000000000,28.709242550632695,0.424969040029425,20.000000000000000,8.499380800588497,0.430628441264592,32.500000000000000,13.995424341099239,0.431101329358985,0.000000000000000,0.000000000000000,102410.000000000000000,49.67,"429",0.004
78.000000000000000,PADEMANGAN,ANCOL,JAKARTA UTARA,"77",78.000000000000000,PADEMANGAN,ANCOL,JAKARTA UTARA,78.000000000000000,114.939629436999994,176.320266460999989,173.493655071000006,140.289991133999990,114.939629436999994,183.022089889999990,182.180596653999999,154.024094268999988,110.908588343000005,151.454808670000006,0.517446176689000,0.418496128964000,0.414890232262000,0.491780676636000,0.576837416481000,0.420299077315000,0.537808887475000,0.599957577686000,0.724997348605000,0.707816311380000,253.974440894999987,1814518.354220000328496,3655.064200329999949,3395.455288560000099,3440.236034609999933,3521.438454109999839,3572.428796950000105,3590.460510689999865,3630.822889800000212,3651.959401940000134,3650.168172099999538,3612.432930089999900,0.119245313681000,0.139555798631000,0.124517333487000,0.122141568777000,0.109002512764000,0.139373250477000,0.150065809174000,0.146246143225000,0.130798612750000,0.134523405909000,1351.484404119999908,-0.012401855907600,-0.087197089485200,21.872036888800000,3429459.663490000180900,29.052788934799999,21.835227699000001,28.200720545599999,36.952823310500001,26.812673821000001,23.440226653000000,21.519204099200000,29.860315343200000,25.791619058199998,-0.117230809796000,-0.136827915475000,-0.122432936799000,-0.119741295548000,-0.114183726353000,-0.136429305664000,-0.148814258808000,-0.141219493850000,-0.128101762446000,-0.134913907749000,5.000000000000000,35.353681711500002,36.186336358200002,36.112085717600003,36.251247089000003,36.004477448499998,36.003109093500001,36.367763617700000,36.239070226400003,35.138831572800001,-0.016655588209500,-0.030542100181800,-0.019233515970700,-0.009972457351790,-0.031982157057500,-0.036665691734200,-0.037898770471200,-0.025660357998200,-0.029247120230400,107387.756468000021414,244.389621913000013,-0.033598605827400,2421.507230109999909,0.972404360577000,925.886949863000041,7.679610157390000,0.213111607446000,0.000780026040911,7.000000000000000,2.000000000000000,1.000000000000000,5.000000000000000,2.000000000000000,2.000000000000000,6.000000000000000,8.000000000000000,17.000000000000000,19.642857142899999,55.000000000000000,25.000000000000000,12.083333333300001,20.000000000000000,23.750000000000000,15.000000000000000,8.125000000000000,17.058823529400001,0.078356896672997,0.035520855314061,0.059703564858204,0.037592419035718,0.076537013801756,0.039743633219166,0.072770423853456,0.042084503275839,0.072138889812752,0.042538331060631,0.070942279230390,0.045058378556158,0.070695180171343,0.047413511215748,0.066542349592698,0.050610135113030,0.062973124855377,0.054246140623450,0.478089611029050,0.478218612239231,0.480721625012717,0.482450862414761,0.484052283234110,0.484788686071370,0.485187365116735,0.486243334314784,0.487454960166606,0.287264919883901,0.289840599193393,0.286306896026792,0.270028786122846,0.267969243341629,0.277622788341531,0.289829147196262,0.303625213194470,0.314984486220113,0.113877751987058,0.097295983893922,0.116280647020922,0.114854927129295,0.114677220873383,0.116000657786548,0.118108691387091,0.117152484705728,0.117219265478827,0.288700727780441,137.500000000299991,39.696350069897186,0.247430379282281,110.000000000000000,27.217341721050953,0.310334256706218,25.000000000000000,7.758356417655462,0.299952988697778,60.416666666500006,18.122159733774090,0.307132758973708,40.000000000000000,12.285310358948308,0.325393590455842,47.500000000000000,15.456195546652518,0.346388956049420,90.000000000000000,31.175006044447805,0.364818609837094,65.000000000000000,23.713209639411087,0.384399407707676,289.999999999800025,111.475828235149123,30251.000000000000000,48.75,"153",0.005
79.000000000000000,KELAPA GADING,KELAPA GADING TIMUR,JAKARTA UTARA,"78",79.000000000000000,KELAPA GADING,KELAPA GADING TIMUR,JAKARTA UTARA,79.000000000000000,122.670246680999995,185.457066948999994,181.952034373000004,145.103404159999997,122.670246680999995,193.145433752999992,189.768826926999992,162.150934720000009,114.850703281999998,159.763851918000000,0.791405805350000,0.746158224246000,0.782014797951000,0.789698349459000,0.828116107001000,0.766078542971000,0.856858281161000,0.880193511668000,0.926579396699000,0.903813318156000,80.522710349999997,1148447.865419999929145,12143.740055899999788,12337.006578000000445,12650.784231499999805,12781.551629499999763,12853.986511700000847,12878.665653000000020,12901.421744299999773,12892.447511100001066,12894.691069399999833,12730.911313599999630,0.107770350494000,0.115048473909000,0.101395538973000,0.107289781773000,0.091666224055900,0.108023413437000,0.110286087503000,0.111150318960000,0.104762258448000,0.110833482715000,934.524633873999960,-0.020195255024600,-0.075889532182500,22.057552448599999,681658.753554999944754,30.575547527000001,24.598463510100000,34.448501448099996,39.264530352599998,29.287713941700002,25.092892046199999,24.014265306100000,35.015192333100003,30.874996263000000,-0.116106327747000,-0.127011499507000,-0.109773942380000,-0.115473608111000,-0.106025816911000,-0.119579382496000,-0.123886934724000,-0.119759539917000,-0.114253167935000,-0.120709875459000,0.000000000000000,40.371392329599999,41.502894833100001,41.435480707700002,41.900658335700001,41.647099435700000,41.550385169199998,40.817135641500002,41.646757879900001,39.671369076200001,0.007469179981330,0.004883067466890,0.008491164330260,0.012799134857000,0.004458008886440,0.007638546093760,0.002715640210550,0.005849011617340,0.000193907955416,79237.496368699998129,6634.522462349999842,0.002775746564880,1820.922947139999906,0.980958994034000,195.707149582000000,1.651113921640000,0.344647447066000,0.002565346839700,0.000000000000000,4.000000000000000,1.000000000000000,8.000000000000000,2.000000000000000,0.000000000000000,0.000000000000000,1.000000000000000,8.000000000000000,0.000000000000000,25.000000000000000,15.000000000000000,7.083333333330000,25.000000000000000,0.000000000000000,0.000000000000000,12.500000000000000,22.187500000000000,0.070092486750494,0.091941182583394,0.051582174254516,0.098730713688531,0.063792973745580,0.104064796007924,0.059768108714624,0.112055853384865,0.059255387984670,0.115648797969240,0.056269097955432,0.119916527960649,0.053374766935985,0.126563082660037,0.049661960628355,0.132605885862000,0.046725913244883,0.139070013343068,0.515068066091655,0.515011020749411,0.516236615762682,0.516967959107343,0.517520282713653,0.519737659304897,0.521541330018645,0.521500298270034,0.522141940031721,0.139325389972946,0.160588576318913,0.155729080135128,0.137658573928259,0.134098155162547,0.144282924712519,0.150746834072952,0.158417173293162,0.169992408632469,0.162033669333888,0.150312887943047,0.167857769753504,0.171823962099489,0.174904185953910,0.176185625916081,0.179937849596022,0.182267846490355,0.185795926587951,0.489875270507069,0.000000000000000,0.000000000000000,0.480271368015984,100.000000000000000,48.027136801598409,0.530050870139489,15.000000000000000,7.950763052092338,0.526216651805720,56.666666666639998,29.818943602310071,0.534173966190477,50.000000000000000,26.708698309523847,0.561970467203807,0.000000000000000,0.000000000000000,0.589980595327572,0.000000000000000,0.000000000000000,0.604099046061875,12.500000000000000,7.551238075773438,0.629755364730890,177.500000000000000,111.781577239733011,39721.000000000000000,52.21,"0",0.000
80.000000000000000,KELAPA GADING,PEGANGSAAN DUA,JAKARTA UTARA,"79",80.000000000000000,KELAPA GADING,PEGANGSAAN DUA,JAKARTA UTARA,80.000000000000000,122.332304074000007,184.280093628000003,180.927301534999998,144.368992275000011,122.332304074000007,192.448973977999998,189.197754110000005,161.083688647999992,114.667075715999999,159.275129198999991,0.674452319588000,0.619362113402000,0.652545103093000,0.716817010309000,0.749838917526000,0.630960051546000,0.765302835052000,0.807989690722000,0.884342783505000,0.858408505155000,78.739035821900003,1887649.122100000036880,9740.465209730000424,9947.501221029999215,10146.212357700000211,10644.980930399999124,10859.074987500000134,10986.843714799999361,11015.256873700000142,11107.011469600000055,11155.693888299998434,10999.873953300000721,0.115948622905000,0.130170792371000,0.112757738224000,0.115443746320000,0.099591995191300,0.116271941237000,0.121643932179000,0.122253168979000,0.112691319992000,0.118130573330000,599.606275222000022,-0.020567440178400,-0.078414985766500,19.475790090299999,717062.250531999976374,27.795684972800000,21.680586826799999,33.659918170200001,40.133464897099998,29.574563642600001,25.138476397100000,23.667681917700001,35.326499964100002,31.397658301700002,-0.124016327259000,-0.136743473825000,-0.120148800298000,-0.122522733834000,-0.113055396165000,-0.126996657801000,-0.132721713252000,-0.127632275009000,-0.120308005576000,-0.126169600886000,1.000000000000000,40.131277139300003,41.413975283600003,41.253980623899999,41.994432565200000,41.707936822999997,41.414054671300001,40.950168877899998,41.586730106899999,39.378384848000003,-0.003123803823890,-0.006255879959270,0.001906465860820,0.004530659417210,-0.007350344960550,-0.003524669030010,-0.008556709415640,-0.003210405517020,-0.007459159291740,0.000000000000000,6208.540353669999604,-0.010594981452800,2927.927797419999933,0.989265299775000,440.218722951000018,3.317233828060000,0.337287248858000,0.002124836180470,3.000000000000000,3.000000000000000,4.000000000000000,4.000000000000000,8.000000000000000,1.000000000000000,1.000000000000000,9.000000000000000,24.000000000000000,20.000000000000000,24.000000000000000,21.250000000000000,5.000000000000000,31.375000000000000,15.000000000000000,12.500000000000000,12.500000000000000,34.270833333299997,0.073754684714187,0.054033402466979,0.056810074200913,0.058094320776256,0.070282216933016,0.061169670180211,0.066513340999617,0.066596670166492,0.065805728969346,0.068885997133868,0.063335852528505,0.071534189859692,0.060857380281231,0.076059504994053,0.057201258881931,0.080983744849291,0.054819762754808,0.086178246491502,0.503838736673580,0.504245148401826,0.506018361101666,0.505991367098312,0.506234660429261,0.506867545099070,0.508366871425545,0.509474059894228,0.509731659564667,0.203486954401365,0.214008772616903,0.211152894045617,0.196141716309179,0.191127400032821,0.205654594584792,0.209673080716604,0.215807792023298,0.223978211399595,0.127788087181166,0.114904394977169,0.131451887113227,0.133110011166109,0.134691726103214,0.134870042388197,0.136916885275284,0.138185003731222,0.140998009246310,0.396060540586186,60.000000000000000,23.763632435171129,0.374847739229866,72.000000000000000,26.989037224550351,0.427405367896527,85.000000000000000,36.329456271204826,0.415906657618265,20.000000000000000,8.318133152365291,0.416389628475536,251.000000000000000,104.513796747359521,0.436056125145330,15.000000000000000,6.540841877179946,0.455017748851179,12.500000000000000,5.687721860639734,0.471698747108537,112.500000000000000,53.066109049710413,0.489481014448949,822.499999999199872,402.598134383868683,60781.000000000000000,50.97,"57",0.001
81.000000000000000,KELAPA GADING,KELAPA GADING BARAT,JAKARTA UTARA,"80",81.000000000000000,KELAPA GADING,KELAPA GADING BARAT,JAKARTA UTARA,81.000000000000000,120.516246381000002,182.544200576000009,179.393959405000004,143.497195333999997,120.516246381000002,190.525032693000014,187.767817213000001,159.500820505000007,113.907048430000003,157.454737308999995,0.533309369758000,0.438173975557000,0.485142583273000,0.502516175413000,0.575365444524000,0.463096093937000,0.647615624251000,0.727414330218000,0.837886412653000,0.779535106638000,114.900276011000003,2064562.732589999912307,5364.143155069999921,5338.547655450000093,5465.986300939999637,5620.232864450000307,5753.194749329999468,5804.116322269999728,5880.768107980000423,5960.518296270000064,6038.786639859999923,5982.476540689999638,0.140562938969000,0.153190829011000,0.137303898822000,0.145332656084000,0.129068314033000,0.144943653278000,0.148505781758000,0.143075566152000,0.130529231945000,0.137587529298000,711.435932116999879,-0.023625256727300,-0.081601560941100,27.106543748400000,1241074.293150000041351,30.013621613100000,24.578514601999998,32.465185925800000,38.616186428500001,29.158222531700002,26.225726715400000,24.191791682300000,35.841810059600000,29.782781734200000,-0.143744410523000,-0.154964011782000,-0.137911986492000,-0.146432131232000,-0.135756030215000,-0.149973178972000,-0.154087457198000,-0.147276385984000,-0.134923820886000,-0.143066537501000,11.000000000000000,39.834114081199999,41.163264831200003,40.816485988399997,41.260084563200003,41.006882918599999,40.866004422200000,40.752377375599998,41.119398546100001,39.099415153599999,-0.021262402337100,-0.026689768165100,-0.024739194849000,-0.017596933478000,-0.028596587473300,-0.024075005375000,-0.024853578256400,-0.015507291051600,-0.022028279397900,121479.635733999995864,5108.551774300000034,-0.032275330785800,1945.452091760000030,0.972653604890000,346.240410209000004,2.351592574010000,0.275027527338000,0.001111381909120,3.000000000000000,6.000000000000000,6.000000000000000,7.000000000000000,9.000000000000000,3.000000000000000,1.000000000000000,2.000000000000000,14.000000000000000,25.000000000000000,22.500000000000000,21.875000000000000,12.500000000000000,23.333333333300001,20.833333333300001,20.000000000000000,21.250000000000000,20.178571428600002,0.070554391985667,0.066920689394130,0.052495378927911,0.069254467036352,0.065028763183126,0.070733461169703,0.061488748917039,0.074414030486805,0.060438667749797,0.075269815481026,0.059650891098181,0.077564484354240,0.057293314649912,0.080685259684491,0.054319941106922,0.084391103575970,0.052624468013240,0.088157805850165,0.506548234878498,0.507036352433765,0.506423777564717,0.506989486501042,0.507508413601021,0.509025518852797,0.510102608145369,0.510205902692574,0.510594699272670,0.190544493193835,0.204570536459315,0.194741166803615,0.177899241994534,0.174610063053634,0.179970899603632,0.185814062538562,0.184063532154653,0.194537414799795,0.137475081379797,0.121749845964263,0.135762224352829,0.135902779403844,0.135708483230823,0.137215375452421,0.137978574334403,0.138711044682892,0.140782273863405,0.425216022880096,75.000000000000000,31.891201716007217,0.400522612291430,135.000000000000000,54.070552659343093,0.424247124343796,131.250000000000000,55.682435070123219,0.410360131554009,87.500000000000000,35.906511510975761,0.409556132603260,209.999999999700009,86.006787846561636,0.428582691944201,62.499999999899998,26.786418246469697,0.443408475310105,20.000000000000000,8.868169506202104,0.444176574788001,42.500000000000000,18.877504428490028,0.463187190788572,282.500000000400007,130.850381397956767,44409.000000000000000,51.06,"72",0.002
82.000000000000000,CENGKARENG,RAWA BUAYA,JAKARTA BARAT,"81",82.000000000000000,CENGKARENG,RAWA BUAYA,JAKARTA BARAT,82.000000000000000,120.028349586999994,192.839116557000011,187.956609910999987,150.533216635999992,120.028349586999994,191.135376909000001,188.201549088999997,171.325323039000011,114.180765782999998,160.650346710999997,0.743870507022000,0.662699357296000,0.716496072364000,0.745060699833000,0.787193525351000,0.727921923352000,0.775529635801000,0.793858605094000,0.854796477029000,0.848369435849000,70.138509756299996,1292777.458199999993667,18409.318440800001554,18911.620179199999257,18988.401738299999124,20606.183820300000662,21079.759590699999535,21555.214629999998579,22049.999292699998477,22104.498091699999350,22059.127170299998397,21892.946103499998571,0.123841336185000,0.137580359398000,0.131118870875000,0.128172316217000,0.116749162442000,0.132403544663000,0.137324448591000,0.134980623114000,0.126677388887000,0.128654270687000,643.059034105000023,-0.013348993349400,-0.094743368187600,26.809192070600002,1856984.037049999926239,26.036353944599998,21.525525011500001,27.763583507800000,34.025871298100000,24.780059549899999,22.150000804499999,21.299035581700000,29.025414389400002,24.715935607500001,-0.130094778392000,-0.142257169463000,-0.137134483324000,-0.132773496428000,-0.121164460444000,-0.135015212916000,-0.141606263085000,-0.138302122322000,-0.128064685454000,-0.133600862702000,5.000000000000000,39.368717404700000,40.401465238500002,40.519956983299998,40.963876234700002,40.233506591299999,40.129713095299998,39.765116440400000,40.717473352299997,38.420847300500000,0.011511956857700,0.001598978563850,0.007603762745560,0.017069780875500,0.011077154965200,0.003549939379240,0.004784350943810,0.012890360612600,0.009821613922660,0.000000000000000,6754.456418220000160,-0.002978705652010,2808.344523220000156,0.990761561003000,348.633781333999991,3.288083745790000,0.343104768494000,0.002634196030090,3.000000000000000,0.000000000000000,3.000000000000000,3.000000000000000,2.000000000000000,2.000000000000000,0.000000000000000,8.000000000000000,3.000000000000000,21.666666666699999,0.000000000000000,23.333333333300001,9.500000000000000,25.000000000000000,22.500000000000000,0.000000000000000,34.062500000000000,33.333333333299997,0.087233649901339,0.031046377922576,0.065432849326302,0.033211271190035,0.081493062341216,0.033678587714155,0.078694328761192,0.037379487767292,0.079399676173870,0.038535309503051,0.078932950214895,0.040434417347473,0.079430625728721,0.042581616789740,0.074871907213358,0.045468375381844,0.070608721243930,0.048118899298573,0.489899635166021,0.489700123004708,0.490404533906586,0.491638966364829,0.492016440403537,0.492761740104465,0.493332199766809,0.493787043460270,0.493390395840487,0.262464294988315,0.262672519975997,0.278026243929800,0.250251516283883,0.256487798016738,0.263730833115983,0.267983615765031,0.276385621272638,0.288061606885475,0.118280027823915,0.098644120516337,0.115171650055371,0.116073816528484,0.117934985676921,0.119367367562368,0.122012242518461,0.120340282595202,0.118727620542503,0.346951671983515,65.000000000100002,22.551858678963146,0.292924616245822,0.000000000000000,0.000000000000000,0.358047598726695,69.999999999899998,25.063331910832847,0.338806605539718,28.500000000000000,9.655988257881974,0.352717301004906,50.000000000000000,17.635865050245300,0.368788069265203,45.000000000000000,16.595463116934138,0.383910324959124,0.000000000000000,0.000000000000000,0.391036579433282,272.500000000000000,106.557467895569431,0.396545163084405,99.999999999899984,39.654516308400865,81548.000000000000000,49.34,"400",0.005
83.000000000000000,CENGKARENG,KEDAUNG KALI ANGKE,JAKARTA BARAT,"82",83.000000000000000,CENGKARENG,KEDAUNG KALI ANGKE,JAKARTA BARAT,83.000000000000000,118.647475205000006,189.290018865999997,184.608711201000006,148.567478673000011,118.647475205000006,189.318368671999991,187.874008674000009,167.574290920999999,113.643620115999994,158.662424283000007,0.696632591702000,0.476247745039000,0.546301864101000,0.595911004209000,0.657546602526000,0.555321707757000,0.621467227901000,0.699639206254000,0.810282621768000,0.779314491882000,128.826322707999992,850177.540794000029564,12246.044323300000542,12517.698104200000671,12517.022348500000589,13488.759007700000438,13785.753626399999121,13864.141284499999529,13955.030422699999690,14115.522395199999664,14152.688957300000766,13818.527776499999163,0.115564750218000,0.000000000000000,0.140386953836000,0.134666075453000,0.122993102863000,0.140600993511000,0.149440072053000,0.140854658797000,0.130456528996000,0.135592905797000,647.182381187000033,-0.014270839237200,-0.092354815172900,32.390323901099997,3013844.197949999943376,20.602648673099999,16.198487193500000,23.483067395500001,30.360518585200001,22.040759301400001,20.668022410500001,20.721423111200000,27.382859462799999,24.288048846700001,-0.121216956002000,0.000000000000000,-0.140074505088000,-0.135852806952000,-0.128896658979000,-0.142371016016000,-0.150408759269000,-0.140221854380000,-0.130426606702000,-0.138055043658000,6.000000000000000,39.496760700099998,40.048509300200003,40.032111923599999,40.527832575500000,40.232566147900002,40.158015119700003,39.936145213899998,40.227974497300004,37.990958439099998,0.008621443789520,-0.010141384676800,-0.001658865235250,0.005925967329330,-0.004726551999220,-0.012425412940300,-0.012637313435200,0.001622813490960,-0.002378534324990,0.000000000000000,5017.383614250000392,0.000000000000000,2059.516054749999967,0.989304486849000,366.263261413999999,2.265873005430000,0.280841446632000,0.002030308072400,1.000000000000000,2.000000000000000,0.000000000000000,0.000000000000000,2.000000000000000,0.000000000000000,0.000000000000000,5.000000000000000,0.000000000000000,15.000000000000000,32.500000000000000,0.000000000000000,0.000000000000000,20.000000000000000,0.000000000000000,0.000000000000000,26.500000000000000,0.000000000000000,0.086293457136687,0.026965018354567,0.066808832262592,0.028343140959888,0.080882721306548,0.029557637392916,0.076934388863018,0.031763927354722,0.077352374917749,0.031438110788877,0.074233693283618,0.033388213645828,0.074634368193025,0.035928860377720,0.071525771719149,0.039033590374102,0.066873685754805,0.042936084894127,0.482941049449363,0.484694703881661,0.487826261209358,0.489032131565403,0.490629493334633,0.491138443658903,0.490676688129832,0.492038102513906,0.492004498997506,0.264044079170130,0.269026815305815,0.277752579657558,0.254653060095688,0.255420296227089,0.264425557335650,0.276352204637666,0.288920318087207,0.301493999510164,0.113258475491254,0.095151973222480,0.110440358699464,0.108698316217740,0.108790485706626,0.107621906929446,0.110563228570745,0.110559362093251,0.109809770648932,0.292347386784048,15.000000000000000,4.385210801760725,0.259466491328724,65.000000000000000,16.865321936367042,0.329159395201090,0.000000000000000,0.000000000000000,0.307527195391657,0.000000000000000,0.000000000000000,0.318388063129572,40.000000000000000,12.735522525182878,0.327841028242138,0.000000000000000,0.000000000000000,0.345510907506104,0.000000000000000,0.000000000000000,0.367093475997122,132.500000000000000,48.639885569618727,0.378106260074711,0.000000000000000,0.000000000000000,40898.000000000000000,49.20,"259",0.006
84.000000000000000,CENGKARENG,KAPUK,JAKARTA BARAT,"83",84.000000000000000,CENGKARENG,KAPUK,JAKARTA BARAT,84.000000000000000,117.314398245000007,187.161147688000000,182.491085480000010,147.380440074000006,117.314398245000007,187.242980875000001,186.291270470999990,165.693606160000002,112.939945102999999,157.260721412999999,0.909946926896000,0.875363807567000,0.891799349426000,0.909604519774000,0.931860982708000,0.904297209382000,0.930320150659000,0.948296524568000,0.966444102037000,0.968669748331000,73.753183747700007,2471632.347810000181198,28494.630795799999760,29767.929748800001107,29611.026706500000728,31586.928252900001098,32285.300617299999431,32997.709650899996632,33367.854695299996820,33541.870936999999685,33521.488924199999019,32912.912786200002301,0.084035634051400,0.095355428835600,0.087781106864900,0.086562906749400,0.074895144406500,0.086404755072200,0.088395627046000,0.087173030115900,0.080694229090800,0.082868876539800,1527.431883349999907,-0.022156679853500,-0.094508373004600,17.186788670900000,3251497.081089999992400,18.158778056300001,15.352891452000000,21.360938294499999,27.654580823700002,20.482266138400000,20.546449644100001,18.929003390300000,26.168484676100000,22.685126244599999,-0.094710600188800,-0.104892969860000,-0.096477012092700,-0.096493113369100,-0.088439619976900,-0.095822918740400,-0.099229977421000,-0.094423977897300,-0.088704784927700,-0.093538046275600,5.000000000000000,39.529333091200002,39.749227148000003,39.948998878399998,40.372489922600003,40.227381273799999,40.190109074500000,39.501059746800003,40.243401384099997,38.170770749900001,0.046208527402500,0.042442846785500,0.047255852071000,0.051545426243900,0.051754827652200,0.049359599437000,0.047552787712400,0.053226010583500,0.052881512435500,0.000000000000000,4209.410015170000406,0.043362090012000,2254.933437449999929,0.988061292012000,390.474990538999975,1.950701690080000,0.465926615248000,0.003746078664850,7.000000000000000,4.000000000000000,0.000000000000000,2.000000000000000,3.000000000000000,0.000000000000000,1.000000000000000,4.000000000000000,0.000000000000000,11.428571428600000,28.000000000000000,0.000000000000000,20.000000000000000,20.000000000000000,0.000000000000000,30.000000000000000,15.625000000000000,0.000000000000000,0.089882632595454,0.021503362120752,0.069981882763950,0.023299155178348,0.084353484747950,0.024148825430838,0.079586671034216,0.026788958041750,0.080566400559408,0.027673212516753,0.079056098193448,0.029273633560953,0.079138958954368,0.031368952075212,0.075607741461792,0.034915736459899,0.071946438899567,0.037787216143110,0.487820790243713,0.487730280460009,0.488497805482337,0.489455346773473,0.490152089039100,0.490944189932867,0.491297867461591,0.491642479378664,0.491198756784231,0.327440858617744,0.326730000291860,0.335817171059016,0.307067474223672,0.308790497331008,0.320735065323951,0.332789327116119,0.344551106176123,0.356658004464198,0.111385994716206,0.093281037942298,0.108502310178788,0.106375629075966,0.108239613076161,0.108329731754401,0.110507911029580,0.110523477921691,0.109733655042677,0.384012982039485,80.000000000200004,30.721038563235592,0.333820867452360,112.000000000000000,37.387937154664286,0.389203807819772,0.000000000000000,0.000000000000000,0.359057857334421,40.000000000000000,14.362314293376823,0.370182134180582,60.000000000000000,22.210928050834902,0.387867547243645,0.000000000000000,0.000000000000000,0.408615929375577,30.000000000000000,12.258477881267305,0.423161023075823,62.500000000000000,26.447563942238943,0.431056407059242,0.000000000000000,0.000000000000000,171169.000000000000000,49.12,"0",0.000
85.000000000000000,CENGKARENG,CENGKARENG TIMUR,JAKARTA BARAT,"84",85.000000000000000,CENGKARENG,CENGKARENG TIMUR,JAKARTA BARAT,85.000000000000000,117.307647648000000,188.110404931999994,183.270037717000008,147.891411892000008,117.307647648000000,187.018925150000001,185.528474781000000,166.981625508999997,112.816877355000003,157.670035584000004,0.684375612625000,0.600862575965000,0.598706136052000,0.667516173299000,0.737502450500000,0.667516173299000,0.749852970006000,0.812781807489000,0.899235444031000,0.880807684768000,57.703252948699998,1526894.306540000019595,19336.738824000000022,20034.615376900001138,19974.620932400001038,21544.402040699998906,22215.589888499998779,22563.204758100000618,22886.116032900001301,23120.359047800000553,23248.950081399994815,22720.249039300000732,0.113498750093000,0.132604973773000,0.124421260460000,0.118103489284000,0.102110818484000,0.117936973319000,0.126450442355000,0.120324862728000,0.107392666365000,0.113062038318000,1704.623564279999982,-0.018597925000200,-0.092741747052900,21.657616758000000,213028.096782999986317,24.797543851099999,20.266626478799999,27.747394326700000,35.478845858600003,28.099187908000001,26.578625588700000,26.105348140600000,34.411541623900000,30.073909691099999,-0.120857197887000,-0.138442085800000,-0.128472914766000,-0.123305169907000,-0.113599114783000,-0.122362251633000,-0.133888478132000,-0.124302696697000,-0.112776543131000,-0.120273960186000,1.000000000000000,39.641963485500000,40.217962649800000,40.610768211200003,40.976251906100003,40.816182156600000,40.657337728500003,39.547527620200000,40.909921633300002,38.896992107000003,0.004282926276300,-0.007978970459130,0.000442633637231,0.010360830454100,0.004066709926930,-0.001988401515190,0.001482804946780,0.012857937710100,0.008749648481960,23476.156309900001361,4395.549105199999758,-0.006574644340600,2538.748678360000213,0.985854066800000,414.264130550999994,3.131429785980000,0.327808364552000,0.002866941213680,1.000000000000000,3.000000000000000,4.000000000000000,1.000000000000000,6.000000000000000,0.000000000000000,2.000000000000000,4.000000000000000,9.000000000000000,15.000000000000000,16.000000000000000,16.666666666699999,1.500000000000000,16.666666666699999,0.000000000000000,37.500000000000000,21.875000000000000,21.944444444399998,0.090309582525982,0.029295842874758,0.070384275618375,0.031029151943463,0.084533718275541,0.031727018643079,0.078385623510723,0.034154090548054,0.076982482208493,0.034507703135997,0.075346954510409,0.035350809560524,0.075623437827937,0.037463509568602,0.072245149660832,0.041961956263934,0.067538443616030,0.044685849642746,0.493218249075216,0.493440812720848,0.494374315345475,0.494698173153296,0.495630327676546,0.496279876638396,0.496441586689817,0.495982164033964,0.495408123640882,0.283296253223441,0.281486169539481,0.291472813983046,0.267816195314959,0.271548680377792,0.284629302592661,0.293315875332704,0.302757462369249,0.311879101041002,0.119605425400740,0.101413427561838,0.116260736918620,0.112539714058777,0.111490185344490,0.110697764070933,0.113086947396539,0.114207105924766,0.112224293258776,0.392839830323498,15.000000000000000,5.892597454852464,0.343176441181773,48.000000000000000,16.472469176725092,0.399515648058507,66.666666666799998,26.634376537287054,0.366539543586524,1.500000000000000,0.549809315379786,0.373357912790834,100.000000000200004,37.335791279158045,0.388981865237111,0.000000000000000,0.000000000000000,0.405574812349899,75.000000000000000,30.418110926242402,0.415724048638295,87.500000000000000,36.375854255850783,0.416454032711507,197.499999999599993,82.249671460356112,103008.000000000000000,49.54,"431",0.004
86.000000000000000,GROGOL PETAMBURAN,GROGOL,JAKARTA BARAT,"85",86.000000000000000,GROGOL PETAMBURAN,GROGOL,JAKARTA BARAT,86.000000000000000,119.993653668999997,189.249852301999994,184.960094008999988,148.339235156000001,119.993653668999997,191.340408860999986,189.853307715000000,166.756823384000000,114.295146746000000,159.187123611999993,0.855871886121000,0.811387900356000,0.805160142349000,0.839857651246000,0.869217081851000,0.805160142349000,0.910142348754000,0.934163701068000,0.945729537367000,0.942170818505000,42.635623575399997,428416.218592000019271,19679.029104699999152,19737.008566699998482,19700.021668500001397,20580.709702700001799,20843.616573300001619,20604.701204199998756,20363.786543300000631,20391.776628400002664,20106.877548100001150,19449.110548699998617,0.081599959567000,0.090364993528500,0.084975039535400,0.083631842674900,0.080786566013100,0.089985486092600,0.088104597268500,0.089765021920000,0.085571147433200,0.090038191426900,310.199949070999992,-0.017367246897800,-0.088859299605900,22.598154687899999,514093.979537000064738,35.494383423099997,26.922174599700000,38.325585489799998,44.317010726699998,35.406466543299999,31.224659824500002,30.888677317199999,40.815191534999997,35.602293426599999,-0.093208266641000,-0.101802877115000,-0.094101684823900,-0.089270337880200,-0.086353677588000,-0.100739225139000,-0.099504111883900,-0.097870241472100,-0.094391970982400,-0.098102313230200,1.000000000000000,41.373520429700001,41.250295400399999,41.315084194699999,41.819406490500000,41.534450709600002,41.586734847300001,40.912537276899997,41.225611435200001,39.163343263000002,0.022005121941200,0.012624243968400,0.019101931680100,0.024545466245700,0.016052331805900,0.023115707182600,0.021902454923500,0.025466069683900,0.019936905472400,0.000000000000000,4746.295666510000046,0.019707036222100,2516.945006769999964,0.984799806203000,172.069394023999990,1.754685880420000,0.402875577441000,0.002959950306530,2.000000000000000,2.000000000000000,0.000000000000000,0.000000000000000,2.000000000000000,0.000000000000000,0.000000000000000,1.000000000000000,0.000000000000000,10.000000000000000,25.000000000000000,0.000000000000000,0.000000000000000,15.000000000000000,0.000000000000000,0.000000000000000,20.000000000000000,0.000000000000000,0.071920583468395,0.072173824959481,0.053737250723093,0.071192977114731,0.066835049543423,0.071352244025646,0.061963454990168,0.075056352213323,0.063167087133708,0.074180089268387,0.061901723037651,0.076235825438123,0.060591205451248,0.079366635619393,0.056030625435020,0.082728447847271,0.053094161184211,0.084549753289474,0.498885737439222,0.498300096412442,0.499077132310083,0.499352549038415,0.502522802251116,0.503215355161750,0.503603117799892,0.504325345530476,0.504471628289474,0.203264430136677,0.216330387415930,0.234202742672762,0.215973834142224,0.213918904461324,0.222090325365564,0.232114980890348,0.238325631965208,0.246466677839227,0.144094408427876,0.124930227837824,0.138187293569069,0.137019807203491,0.137347176402095,0.138137548475774,0.139957841070641,0.138759073282291,0.137643914473685,0.409457977408503,20.000000000000000,8.189159548170064,0.367877098111160,50.000000000000000,18.393854905558015,0.427267477254757,0.000000000000000,0.000000000000000,0.406605933033763,0.000000000000000,0.000000000000000,0.424783193907314,30.000000000000000,12.743495817219417,0.439774452536696,0.000000000000000,0.000000000000000,0.457627987030540,0.000000000000000,0.000000000000000,0.465365040341769,20.000000000000000,9.307300806835372,0.471826132380652,0.000000000000000,0.000000000000000,19456.000000000000000,50.45,"83",0.004
87.000000000000000,GROGOL PETAMBURAN,TANJUNG DUREN UTARA,JAKARTA BARAT,"86",87.000000000000000,GROGOL PETAMBURAN,TANJUNG DUREN UTARA,JAKARTA BARAT,87.000000000000000,121.441729764000002,192.479262223000006,187.915947961000001,150.240401823000013,121.441729764000002,193.529527636000012,191.324637733000003,169.899543343000005,114.986956895999995,161.018780964999991,0.738756613757000,0.732142857143000,0.718915343915000,0.761904761905000,0.781746031746000,0.708994708995000,0.806878306878000,0.851190476190000,0.905423280423000,0.881613756614000,50.645695364200002,512124.651554000040051,14608.843064000000595,14640.408626799999183,14659.197652199998629,15388.211839499999769,15633.972292300000845,15476.896039600000222,15370.174375099999452,15354.391593700000158,15137.942020600001342,14585.544672500000161,0.096275230156700,0.102511123769000,0.095699832610900,0.095520106421100,0.090097517394800,0.101222620792000,0.102344418881000,0.105344747601000,0.097148051618500,0.100305398204000,1783.780640899999980,-0.013328097105500,-0.089444850688900,32.483075013799997,252110.425137000012910,36.056482842299999,28.588104499600000,39.463957499300001,44.194406106000002,31.956336253800000,27.955287385700000,29.079535537900000,41.078655929800000,31.609255878799999,-0.101074118595000,-0.108886549925000,-0.100346849897000,-0.100074488969000,-0.094058887123900,-0.107070953510000,-0.111721558733000,-0.109864552383000,-0.101935459574000,-0.107382877028000,3.000000000000000,40.448722328700001,41.015010496700000,40.961551783700003,41.474449834399998,41.078598951899998,41.386619578100003,40.702828206900001,40.990099647800001,39.105720103800003,0.005389434663900,0.003250573207110,0.008505428084980,0.012940411724500,0.004591590920200,0.007775816298950,0.008132341559120,0.009792498468430,0.005123159538190,12528.027084400000604,6383.137417240000104,0.007758098713170,3727.985443919999852,0.988067382339000,206.195600912999993,1.734805448940000,0.381335908371000,0.002701112134850,2.000000000000000,7.000000000000000,0.000000000000000,1.000000000000000,7.000000000000000,2.000000000000000,2.000000000000000,4.000000000000000,2.000000000000000,15.000000000000000,25.000000000000000,0.000000000000000,5.000000000000000,16.250000000000000,7.500000000000000,17.750000000000000,18.750000000000000,26.250000000000000,0.078285420944558,0.090246406570842,0.058959241220200,0.094950012817226,0.067350427350427,0.095189255189255,0.060715315835016,0.098740505720604,0.058952071092119,0.102219200699267,0.056476455919026,0.103613515231529,0.054919236417034,0.107391091532061,0.049697150233343,0.113345248733989,0.047611686504869,0.116040603905807,0.511550308008214,0.513406818764419,0.513357753357753,0.513316027305067,0.515417860438013,0.515964989487067,0.514880078316202,0.516334028398372,0.516463131859638,0.163020262079316,0.178218381065356,0.188116664859590,0.173609273275816,0.166239726758459,0.178092439219877,0.185433636799233,0.190783113116339,0.200990209167779,0.168531827515400,0.153909254037426,0.162539682539682,0.159455821555620,0.161171271791386,0.160089971150555,0.162310327949095,0.163042398967332,0.163652290410676,0.510787870377221,30.000000000000000,15.323636111316626,0.498704994537017,175.000000000000000,87.273374043978038,0.532133437195066,0.000000000000000,0.000000000000000,0.508270373361623,5.000000000000000,2.541351866808117,0.518040737417598,113.750000000000000,58.927133881251820,0.530962750799672,15.000000000000000,7.964441261995084,0.538031608528502,35.500000000000000,19.100122102761826,0.554566373629629,75.000000000000000,41.592478022222160,0.567756140694212,52.500000000000000,29.807197386446148,19407.000000000000000,51.65,"1",0.000
88.000000000000000,GROGOL PETAMBURAN,TOMANG,JAKARTA BARAT,"87",88.000000000000000,GROGOL PETAMBURAN,TOMANG,JAKARTA BARAT,88.000000000000000,121.374305219999997,191.306987585999991,186.938603304999987,149.505241180000013,121.374305219999997,193.332821994999989,191.184836300000001,168.586263755999994,114.884441057999993,160.558674080999992,0.824987605354000,0.755577590481000,0.772434308379000,0.818542389688000,0.841348537432000,0.734754586019000,0.863163113535000,0.907783837382000,0.950421417947000,0.923153197819000,57.294972849899999,726581.651598999975249,19042.755080999995698,18843.433429600001546,18875.257894900001702,20062.254619999999704,20265.484539100001712,20126.461874699998589,19993.580773699995916,19948.356533499998477,19800.400685799995699,19253.243211400000291,0.095688842085400,0.103411953803000,0.093947455536300,0.097181353612800,0.091976132057300,0.103523438475000,0.104091798676000,0.102776357679000,0.097163960895000,0.103025788752000,568.867687486000023,-0.015231543867500,-0.084607035564100,27.635739483399998,862248.300888000056148,37.937220506400003,29.452469828600002,40.444482496900001,45.097938583599998,35.965520221100000,33.193230106199998,30.430492648200001,43.170714485600001,33.682777550300003,-0.105190295091000,-0.114546954841000,-0.102312824519000,-0.104608796045000,-0.101032212726000,-0.113140837308000,-0.115553985484000,-0.110100032552000,-0.106241422392000,-0.113200642677000,1.000000000000000,41.028168325899998,41.087804271499998,41.058740424299998,41.485994476899997,41.211783407200002,41.262053977999997,40.744162025199998,40.923616349900001,39.308955368699998,0.016958460655700,0.007692643276100,0.015148564608800,0.021119331299500,0.007684431748370,0.017269112302200,0.012918880668200,0.018815630100200,0.012597394897900,6585.209444909999547,5686.986106299999847,0.009103984828450,2251.778871309999886,0.988759291072000,166.448052991999987,1.753469213390000,0.391653478602000,0.003123819265260,4.000000000000000,2.000000000000000,0.000000000000000,1.000000000000000,1.000000000000000,0.000000000000000,1.000000000000000,1.000000000000000,0.000000000000000,16.875000000000000,20.000000000000000,0.000000000000000,30.000000000000000,40.000000000000000,0.000000000000000,10.000000000000000,5.000000000000000,0.000000000000000,0.072740740740741,0.068503703703704,0.054929452480255,0.071168692874257,0.068210280243787,0.070297498121504,0.064330385431303,0.073587348816707,0.065606968486462,0.072347980470484,0.063613515777716,0.073862049706786,0.061966469814436,0.076996277533656,0.058566433566433,0.081547484773291,0.054779027954994,0.083169005915787,0.497807407407407,0.498299168811193,0.498316310911975,0.500151527674463,0.501054150022193,0.501340407707344,0.503624506703238,0.504145048499887,0.504030854889224,0.200804669722653,0.206328086970631,0.225323874151758,0.210090155723522,0.208619210977702,0.216207066354795,0.223776223776224,0.232427424336010,0.243039974719545,0.141244444444445,0.126098145354512,0.138507778365291,0.137917734248010,0.137954948956946,0.137475565484502,0.138962747348092,0.140113918339724,0.137948033870781,0.392553329352017,67.500000000000000,26.497349731261153,0.360490244821201,40.000000000000000,14.419609792848027,0.414111694892917,0.000000000000000,0.000000000000000,0.407737410099558,30.000000000000000,12.232122302986754,0.411828538751443,40.000000000000000,16.473141550057711,0.420282844580765,0.000000000000000,0.000000000000000,0.446289543939565,10.000000000000000,4.462895439395651,0.461704644628534,5.000000000000000,2.308523223142669,0.466332914865138,0.000000000000000,0.000000000000000,34484.000000000000000,50.40,"114",0.003
89.000000000000000,GROGOL PETAMBURAN,JELAMBAR,JAKARTA BARAT,"88",89.000000000000000,GROGOL PETAMBURAN,JELAMBAR,JAKARTA BARAT,89.000000000000000,119.587701781000007,189.265775225999988,184.873128283999989,148.399164710999997,119.587701781000007,190.799672535000013,189.472315850999991,166.931223609999989,114.150492286000002,159.015311083999990,0.892151326934000,0.863354037267000,0.876341050254000,0.893280632411000,0.910784867307000,0.875211744777000,0.929418407679000,0.948616600791000,0.963862224732000,0.966685488425000,53.654116270000003,761193.977754999999888,21940.789761200001522,21723.334522799999831,21794.974295200001507,23026.164012000001094,23377.389090799999394,23230.939644599999156,23057.863026300001366,22953.890259299998434,22765.598114100001112,21911.626668000000791,0.087902335307000,0.099248764008900,0.092972321247500,0.091407901889800,0.087137586094800,0.098709416879200,0.096964355334100,0.095526533189800,0.089820111182000,0.090922510310300,993.908171892000041,-0.016935392179000,-0.085829545576100,25.617764556600001,239820.775819000002230,31.574952160999999,24.317692863900000,34.484384025899999,42.426819836699998,32.332169433099999,28.373083851000001,29.742593470100001,40.087794497200001,32.318238149999999,-0.099958221323400,-0.110279253877000,-0.104494765379000,-0.099223041886400,-0.094819272148400,-0.109417707073000,-0.108734023816000,-0.104083222811000,-0.099672941086100,-0.101824459330000,2.000000000000000,41.119160522000001,41.119201148199998,41.152841858800002,41.658115400000000,41.314318436299999,41.531622010299998,40.819721219700000,41.172046970700002,39.216925415699997,0.028691923893800,0.021428169461900,0.025816135390300,0.029472284404700,0.026658460119800,0.027221791902800,0.027183027356300,0.031388167814900,0.027469935395300,0.000000000000000,4978.596716559999550,0.025078621919900,2286.853897320000215,0.994013904670000,202.223204425000006,1.863545293480000,0.473028607868000,0.003177509268120,1.000000000000000,7.000000000000000,3.000000000000000,0.000000000000000,1.000000000000000,0.000000000000000,3.000000000000000,6.000000000000000,3.000000000000000,30.000000000000000,15.714285714300001,8.333333333330000,0.000000000000000,20.000000000000000,0.000000000000000,24.166666666699999,17.500000000000000,30.000000000000000,0.073223405807675,0.078359842404786,0.055675141078597,0.079440339752167,0.065776431718062,0.080424008810573,0.060720290719748,0.084666702825839,0.059520235788554,0.085473350981088,0.058344789661809,0.086527357712400,0.057172844279953,0.090178423465724,0.054359631290206,0.093263527249436,0.051704183785661,0.096261790405648,0.503195680723771,0.503345162603991,0.503689427312775,0.505152682106633,0.507163714761346,0.508715974704427,0.510164061205325,0.510874711075218,0.509663792604595,0.188439344048512,0.195838120771097,0.209160073037127,0.196590875227225,0.193601583113456,0.199229565426748,0.207074517852292,0.213963076363416,0.221685386208195,0.151583248212461,0.135115480830764,0.146200440528635,0.145386993545587,0.144993586769642,0.144872147374209,0.147351267745677,0.147623158539642,0.147965974191309,0.440517864292241,30.000000000000000,13.215535928767229,0.404760929433277,110.000000000100002,44.523702237700952,0.450837252306823,24.999999999989999,11.270931307666068,0.444383166580955,0.000000000000000,0.000000000000000,0.452515258911136,20.000000000000000,9.050305178222716,0.467642049378798,0.000000000000000,0.000000000000000,0.491486632269991,72.500000000100002,35.632780839623493,0.503837770506415,105.000000000000000,52.902965903173559,0.505464824289834,90.000000000000000,45.491834186085043,34562.000000000000000,50.97,"38",0.001
90.000000000000000,GROGOL PETAMBURAN,TANJUNG DUREN SELATAN,JAKARTA BARAT,"89",90.000000000000000,GROGOL PETAMBURAN,TANJUNG DUREN SELATAN,JAKARTA BARAT,90.000000000000000,122.410785623999999,193.691153516000014,189.103144930000013,150.912985862999989,122.410785623999999,194.932853211999998,192.377522427999992,170.873122255999988,115.422990042999999,161.893480635999993,0.785102175346000,0.725115359262000,0.648648648649000,0.701384311140000,0.733684904417000,0.645352669743000,0.812129202373000,0.876730388926000,0.953197099539000,0.913645352670000,68.586012861699999,522517.349346000002697,20698.448629599999549,20525.390835099999094,20679.301809799999319,22247.131785699999455,22627.122517200001312,22649.215001600001415,22535.070498900000530,22621.231188099998690,22585.146796900000481,21825.165333699998882,0.089955417476800,0.101145471645000,0.093579581990300,0.096412355466400,0.090961973246700,0.104826273031000,0.102673899918000,0.104607291694000,0.097248093412300,0.102505998036000,1727.899191570000085,-0.017389073140500,-0.085906606728300,27.092821156700001,219230.408243999991100,40.260021349200002,29.698746251300001,41.561886954800002,44.875992914500003,32.685764698299998,29.152208536200000,30.905404859400001,41.625897024499999,32.783320279800002,-0.099006824838400,-0.104347067444000,-0.099355959635000,-0.103298901381000,-0.096266078498300,-0.113433819991000,-0.114207433183000,-0.112371673718000,-0.104408215415000,-0.110888903970000,0.000000000000000,40.734321315199999,41.011120605999999,40.943599584300003,41.475216406500003,41.090765828800002,41.442002567800003,40.626969296900000,40.802745418299999,39.308731175500000,0.011529271593100,0.000610195730078,0.003721652863830,0.009255553080270,0.000132342790615,0.004250339692550,0.006439212243470,0.013184493672800,0.003350578431820,80523.584879400004866,6775.862614280000344,0.006949360716430,3081.902534670000023,0.949676768122000,198.981954497999993,1.798059186290000,0.378395886294000,0.002687922180060,3.000000000000000,3.000000000000000,0.000000000000000,1.000000000000000,4.000000000000000,0.000000000000000,1.000000000000000,5.000000000000000,0.000000000000000,17.500000000000000,21.666666666699999,0.000000000000000,3.000000000000000,22.500000000000000,0.000000000000000,10.000000000000000,16.000000000000000,0.000000000000000,0.077102468427095,0.066554247990815,0.058402478544211,0.069441971439763,0.069745117510758,0.068255544521682,0.064212718870012,0.071633144568118,0.065450643776824,0.072408635713357,0.065193947910199,0.073265579556224,0.061332117976431,0.075981509212839,0.056930450943950,0.080667775277968,0.056955832236731,0.082903127846948,0.503121412169920,0.502546205619458,0.506885137371731,0.509308077849378,0.511217323449083,0.513479951635567,0.513444885734748,0.513710913300075,0.513378547086412,0.176717357105401,0.196341654890878,0.209109349068781,0.193289700805524,0.192589664342701,0.195591889653185,0.203444448422786,0.207927876359473,0.216720091374673,0.143656716417910,0.127844449983974,0.138000662032440,0.135845863438130,0.137859279490181,0.138459527466423,0.137313627189270,0.137598226221918,0.139858960083679,0.406312350678162,52.500000000000000,21.331398410603484,0.380754028535959,65.000000000100002,24.749011854875437,0.448256240545711,0.000000000000000,0.000000000000000,0.440646792434483,3.000000000000000,1.321940377303450,0.457064319771191,90.000000000000000,41.135788779407157,0.475734219718750,0.000000000000000,0.000000000000000,0.480695417607197,10.000000000000000,4.806954176071968,0.487818794278438,80.000000000000000,39.025503542275054,0.501143740051295,0.000000000000000,0.000000000000000,29637.000000000000000,51.34,"95",0.003
91.000000000000000,GROGOL PETAMBURAN,JELAMBAR BARU,JAKARTA BARAT,"90",91.000000000000000,GROGOL PETAMBURAN,JELAMBAR BARU,JAKARTA BARAT,91.000000000000000,118.229962611999994,186.899397928000013,182.634184164999994,147.037415253000006,118.229962611999994,188.786381849999998,188.113735560000009,164.697191274000005,113.529135906999997,157.515564879000010,0.871410736579000,0.863920099875000,0.860174781523000,0.866416978777000,0.894506866417000,0.857677902622000,0.904494382022000,0.922596754057000,0.949438202247000,0.936953807740000,52.217012601900002,673514.942306000040844,31004.406016299999465,30550.211163899999519,30644.835091500000999,32336.150182099998347,32939.640564599998470,32857.633160700002918,32716.047728300000017,32824.690015499996662,32715.346810300001380,31747.379077199999301,0.078011855631900,0.084953838155900,0.077398276569300,0.079572598999800,0.068649700129500,0.082398084402700,0.082883949085800,0.086333355267600,0.076924283730700,0.081154737976200,351.061126369000021,-0.018870663369800,-0.085796216999600,17.545112127500001,594981.547450999845751,28.184952557900001,21.061489553800001,29.032886767299999,37.405443376699999,29.152079772200000,25.980417406699999,27.220079350999999,35.421162705100002,27.449924678199999,-0.083576121964000,-0.092980162156300,-0.085215185201500,-0.087147760706100,-0.077730099260200,-0.088945033653100,-0.092001621892800,-0.090447333249500,-0.084327759693300,-0.088930060131300,2.000000000000000,41.120187225400002,40.932853612099997,40.912316114299998,41.419770400700003,41.284281373500001,41.284840563400003,40.639907300499999,41.015774297500002,38.901531736599999,0.032017065843400,0.027155052072700,0.029450510437700,0.038220081615600,0.033814891863700,0.034224760036100,0.030446511686300,0.037487974598200,0.035642544581000,0.000000000000000,3984.098908819999906,0.028775222303300,2968.149039990000347,0.984973431517000,205.144321983999987,2.249400399380000,0.459572668029000,0.003706242649580,1.000000000000000,1.000000000000000,3.000000000000000,4.000000000000000,2.000000000000000,4.000000000000000,1.000000000000000,3.000000000000000,1.000000000000000,12.500000000000000,20.000000000000000,18.333333333300001,6.250000000000000,15.000000000000000,18.750000000000000,10.000000000000000,18.333333333300001,6.000000000000000,0.078536193644603,0.067247906389813,0.058781821092839,0.070240845360353,0.070186847010881,0.071444054276672,0.063176933716353,0.075859133950420,0.065318486283545,0.076112462135757,0.063287342531494,0.078798526009084,0.061689906258675,0.082872456278961,0.057546866630959,0.087091590787359,0.054223517463682,0.089548284540999,0.496971504611573,0.496443356739324,0.499111284519010,0.499329715927226,0.500533299202184,0.502977975833405,0.503555337276590,0.504338510980182,0.503488320748885,0.205724323207274,0.219144530855469,0.242290109571149,0.224521018688509,0.229924161882486,0.241651129310141,0.251644118752349,0.259088137342277,0.270375534932923,0.145784100034416,0.129022666453192,0.141630901287553,0.139036067666773,0.141430948419302,0.142085868540578,0.144562362537636,0.144638457418318,0.143771802004681,0.404862707689562,12.500000000000000,5.060783846119526,0.370495823335638,20.000000000000000,7.409916466712758,0.445293631553870,54.999999999899998,24.491149735418293,0.420912441430008,25.000000000000000,10.522811035750189,0.440457090651701,30.000000000000000,13.213712719551015,0.469581204688510,75.000000000000000,35.218590351638255,0.490336968635959,10.000000000000000,4.903369686359594,0.503189561497063,54.999999999899998,27.675425882288156,0.507519627769631,6.000000000000000,3.045117766617785,45294.000000000000000,50.35,"139",0.003
92.000000000000000,GROGOL PETAMBURAN,WIJAYA KUSUMA,JAKARTA BARAT,"91",92.000000000000000,GROGOL PETAMBURAN,WIJAYA KUSUMA,JAKARTA BARAT,92.000000000000000,118.899921379000006,188.720415575000004,184.252986662000012,148.142545702999996,118.899921379000006,189.777768137000010,188.606307625999989,166.621017052000013,113.807211809999998,158.499924666999988,0.857574612769000,0.849263316963000,0.802795617680000,0.808084624103000,0.862108046845000,0.797884397431000,0.863996977711000,0.873819418209000,0.907820173782000,0.913864752550000,64.924878202100004,970381.984556999988854,19093.298250499999995,19146.165833800005203,19118.026636200000212,20320.337804899998446,20639.675062099999195,20671.651422999999340,20526.265568899998470,20656.302769699999772,20632.853438400001323,20180.494520000000193,0.091995019012500,0.094837860695100,0.100521543120000,0.100357401003000,0.094300665710800,0.102818073078000,0.106258578437000,0.109745984632000,0.102517243480000,0.103973081128000,622.270402131999958,-0.017577126979300,-0.086176748173400,39.107728277699998,584977.497199999983422,26.737477839499999,20.459359218800000,30.688266067800001,38.235747517500002,28.105904131599999,25.722735978500001,26.850757056900001,35.002608006300001,30.191117921000000,-0.102590339313000,-0.107478747578000,-0.110015779071000,-0.108274897172000,-0.100509320177000,-0.110930249254000,-0.114102040909000,-0.112739818116000,-0.106665500807000,-0.111242016472000,3.000000000000000,40.566308493299999,40.616513543799996,40.662563624299999,41.147830558800003,40.727532884900000,40.935451837199999,40.400002149899997,40.657312298000001,38.662807291699998,0.022581547753600,0.015401800773100,0.015569849688400,0.023847776965000,0.018360392519900,0.017999331089500,0.011291307018900,0.018615118740900,0.017996227592600,0.000000000000000,4922.300799939999706,0.019117015748900,2858.862516459999824,0.987025180123000,291.437725179999973,2.028818183330000,0.406021660477000,0.002655741350320,1.000000000000000,4.000000000000000,4.000000000000000,5.000000000000000,1.000000000000000,0.000000000000000,0.000000000000000,0.000000000000000,0.000000000000000,15.000000000000000,18.750000000000000,11.500000000000000,11.250000000000000,7.000000000000000,0.000000000000000,0.000000000000000,0.000000000000000,0.000000000000000,0.081323624379273,0.047008261518249,0.063334894404674,0.050088089025668,0.074022785925599,0.050439562745221,0.070150795290229,0.054616814707705,0.070434154893266,0.055625451170465,0.070289132602193,0.058262711864407,0.069041672686743,0.061817581374228,0.065049386287556,0.066309873124767,0.061373671645575,0.070120212114170,0.484935533435767,0.486028411498405,0.488491638866159,0.489217103904152,0.491822213055584,0.494308740445331,0.495056657516151,0.495722610240939,0.494876724483975,0.262719121499093,0.270473551387995,0.284602543907084,0.269164225241643,0.267929043094126,0.269026139255147,0.278429302549744,0.288111952072805,0.295144140161474,0.128331885897522,0.113422983430342,0.124462348670820,0.124767609997934,0.126059606063731,0.128551844466600,0.130859254060971,0.131359259412323,0.131493883759745,0.343895120700248,15.000000000000000,5.158426810503722,0.318512248598220,75.000000000000000,23.888418644866466,0.378320721990191,46.000000000000000,17.402753211548795,0.367337324775771,56.250000000000000,20.662724518637138,0.385514104944437,7.000000000000000,2.698598734611061,0.408660486444045,0.000000000000000,0.000000000000000,0.429385246791035,0.000000000000000,0.000000000000000,0.445020869914539,0.000000000000000,0.000000000000000,0.447599300985796,0.000000000000000,0.000000000000000,47333.000000000000000,49.49,"257",0.005
93.000000000000000,TAMAN SARI,TAMAN SARI,JAKARTA BARAT,"92",93.000000000000000,TAMAN SARI,TAMAN SARI,JAKARTA BARAT,93.000000000000000,119.234039899999999,185.316384830999993,181.603707023999988,145.879937205000004,119.234039899999999,189.790603858999987,188.345315172999989,162.798442185999988,113.670250030000005,157.413136947999988,0.895697522816000,0.908735332464000,0.903520208605000,0.920469361147000,0.929595827901000,0.904823989570000,0.943937418514000,0.958279009126000,0.963494132986000,0.954367666232000,47.186528497399998,317946.079066000005696,25030.794630899999902,24602.054842099998496,24742.529312099999515,25411.246320599999308,25402.466666200001782,25259.065644700000121,25089.325660099999368,25099.568590200000472,24937.144984200000181,24122.100402799995209,0.077569812842200,0.077302821828100,0.077442690992400,0.077951997057100,0.068543828441000,0.081098342005900,0.082401016778100,0.081527565170000,0.077180286250100,0.079628751002400,765.545055316000003,-0.013677710065800,-0.078841012967700,16.026758017199999,52661.764264600002207,34.365819004999999,32.929683453800003,38.485609155200002,46.762030780200000,35.547012132799999,31.908608509600001,29.600847858200002,42.736788198600003,32.896631663599997,-0.089485531927800,-0.088112606272400,-0.087540881720400,-0.090708810996400,-0.082752522586300,-0.094136624236400,-0.098320845730700,-0.093868819008300,-0.090493551400800,-0.093046356478300,0.000000000000000,40.692414849899997,41.006309720600001,40.702037136900003,41.266209131799997,41.234877860600001,40.837242559300002,40.585735884700000,40.835147636199999,38.123165684200004,0.026807418706800,0.020845552235800,0.028281005271400,0.033969682333500,0.025548130437200,0.031461207273000,0.028792688458700,0.031394372381400,0.024347523858700,0.000000000000000,3653.510886919999848,0.026047702539900,2202.590087640000093,0.992188807361000,181.425966547999991,1.718929164070000,0.429008332672000,0.002904603151860,0.000000000000000,0.000000000000000,0.000000000000000,1.000000000000000,0.000000000000000,0.000000000000000,0.000000000000000,0.000000000000000,0.000000000000000,0.000000000000000,0.000000000000000,0.000000000000000,6.250000000000000,0.000000000000000,0.000000000000000,0.000000000000000,0.000000000000000,0.000000000000000,0.064949741271635,0.086599655028847,0.049855106747886,0.090011236619552,0.060347806057814,0.091615800990441,0.056278801843318,0.094066820276498,0.058625883443402,0.094890510948905,0.056864574827948,0.096698938527936,0.056025185098817,0.103538739579082,0.054336345499355,0.107381762703908,0.052896572641796,0.112405216863815,0.503836317135550,0.502927435093737,0.506622135206726,0.506048387096774,0.506604101494612,0.508456782923131,0.507025010202297,0.508391033916207,0.505853806490749,0.204027905752271,0.213959766051803,0.231532385466035,0.213773133576734,0.219765600253405,0.229467523379350,0.240551356158293,0.245628589661774,0.254801368061037,0.151549396300482,0.139866343367438,0.151963607048255,0.150345622119816,0.153516394392307,0.153563513355884,0.159563924677899,0.161718108203263,0.165301789505611,0.460776905631219,0.000000000000000,0.000000000000000,0.434112068487805,0.000000000000000,0.000000000000000,0.507962336463822,0.000000000000000,0.000000000000000,0.481367195443877,6.250000000000000,3.008544971524234,0.499651310991930,0.000000000000000,0.000000000000000,0.521367945631821,0.000000000000000,0.000000000000000,0.540456905607176,0.000000000000000,0.000000000000000,0.560005338805077,0.000000000000000,0.000000000000000,0.563770930691990,0.000000000000000,0.000000000000000,16485.000000000000000,50.59,"104",0.006
94.000000000000000,TAMAN SARI,KRUKUT,JAKARTA BARAT,"93",94.000000000000000,TAMAN SARI,KRUKUT,JAKARTA BARAT,94.000000000000000,119.511766762999997,186.588745439999997,182.705749411999989,146.679133511999993,119.511766762999997,190.341032022000007,188.842028217000006,164.047241584000005,113.857441867999995,157.981595911999989,0.921221864952000,0.945337620579000,0.950160771704000,0.950160771704000,0.958199356913000,0.905144694534000,0.967845659164000,0.982315112540000,0.996784565916000,0.993569131833000,41.844290657400002,261445.492841999977827,40658.695818499996676,40770.787914200001978,40828.641899100002775,42434.089979800002766,43106.642554099998961,43050.596506299996690,42618.499556599999778,42844.491685100001632,42716.128156099999615,41546.392899099999340,0.071218575662400,0.074140542040100,0.071416050983300,0.067532395677500,0.066059929636200,0.073683378658000,0.074611689658800,0.074330603248700,0.066449305518800,0.069584091119100,212.066582543000010,-0.013847017646600,-0.085375085497800,15.723285691499999,197514.315907999989577,30.945537231599999,29.798282020599999,36.374892852999999,42.312903966500002,32.639711199799997,28.946636479500000,28.322739234600000,41.021021336600000,32.840723357700000,-0.086769107831000,-0.087255023240200,-0.087221045846600,-0.081515557236700,-0.080487594095300,-0.086821169776600,-0.090680670595100,-0.086165083967600,-0.077870849768500,-0.084540816557000,0.000000000000000,41.511659274300001,41.353816197100002,41.248554596300004,41.745839146900003,41.584400524899998,41.579668542100002,40.920575511599999,41.233729154400002,38.714667540800001,0.035016560841400,0.034012258432900,0.035083459876700,0.037944119737600,0.032012206965800,0.038483541978100,0.037104751793900,0.037422513812200,0.035845871601700,0.000000000000000,3808.495531890000166,0.039929673137200,2237.698686360000011,0.992622730016000,145.853769768999996,1.816573768170000,0.460594469479000,0.004557813194630,0.000000000000000,0.000000000000000,0.000000000000000,0.000000000000000,0.000000000000000,0.000000000000000,0.000000000000000,0.000000000000000,0.000000000000000,0.000000000000000,0.000000000000000,0.000000000000000,0.000000000000000,0.000000000000000,0.000000000000000,0.000000000000000,0.000000000000000,0.000000000000000,0.077734911977296,0.061505033036229,0.061462161803126,0.063189124562724,0.073154105065826,0.063269566699331,0.068447762446001,0.067063708425953,0.071140601377457,0.064883252141777,0.070674076273703,0.066219827769058,0.068866571018651,0.070892058401553,0.065772209760020,0.075379862022263,0.061227154046997,0.077589208006963,0.491153385659172,0.491874418810610,0.493886072174172,0.496497923918970,0.497186292625567,0.497178975947058,0.497172757194700,0.496973801159690,0.496214099216710,0.251159543164929,0.249938800489596,0.261586728145648,0.243100876375163,0.239557969657239,0.245903961471269,0.262195979193027,0.274034184031843,0.285433636799233,0.139239945013525,0.124651286365850,0.136423671765157,0.135511470871954,0.136023853519234,0.136893904042761,0.139758629420204,0.141152071782283,0.138816362053960,0.399337022807507,0.000000000000000,0.000000000000000,0.363083652648866,0.000000000000000,0.000000000000000,0.419486742836810,0.000000000000000,0.000000000000000,0.413583918950392,0.000000000000000,0.000000000000000,0.415460850682887,0.000000000000000,0.000000000000000,0.424449153763095,0.000000000000000,0.000000000000000,0.449305873368609,0.000000000000000,0.000000000000000,0.464315888712690,0.000000000000000,0.000000000000000,0.465352540112150,0.000000000000000,0.000000000000000,22980.000000000000000,49.62,"160",0.007
95.000000000000000,TAMAN SARI,MAPHAR,JAKARTA BARAT,"94",95.000000000000000,TAMAN SARI,MAPHAR,JAKARTA BARAT,95.000000000000000,119.489580129999993,186.006885282000013,182.224287233000013,146.297488087999994,119.489580129999993,190.210649925000013,188.643025074000008,163.452161025000009,113.793049191999998,157.768850799999996,0.967375886525000,0.954609929078000,0.957446808511000,0.968794326241000,0.978723404255000,0.946099290780000,0.975886524823000,0.991489361702000,0.997163120567000,0.994326241135000,52.722028841399997,279908.116282999981195,31476.753909800001566,30602.532575699999143,30674.320823999998538,31366.678595800000039,31875.577511100003903,31572.471574099999998,31229.483276999999362,31136.956201500001043,30953.497344899999007,29816.052433900000324,0.064518074865700,0.071449421716100,0.066949623955300,0.066728360890200,0.059987162093200,0.071012183849500,0.071073727234400,0.073401592671900,0.065856974291900,0.068953361317300,516.431858938999994,-0.013397815432400,-0.077846954955700,14.937709919100000,110883.884730999998283,35.473547515400000,36.740299120899998,40.689326430000001,47.993747289799998,37.205322353200003,32.939590692199999,31.976846596400001,46.383510118899999,35.814748077200001,-0.077623685866800,-0.082882258924200,-0.078394358306600,-0.080900522704600,-0.075064821731500,-0.083529347057100,-0.086856050519900,-0.085986792346400,-0.080927513487000,-0.083062216531200,0.000000000000000,41.009004612100000,41.168627899000001,40.944013652999999,41.443062562000001,41.337387199900000,41.096312841699998,40.758418538800001,41.032321256700001,38.335772198299999,0.039902598757400,0.028568111492700,0.037571825161500,0.043395107700300,0.032566505632200,0.041711142898200,0.039204081427300,0.041370405215000,0.036073157256200,0.000000000000000,3824.770763110000189,0.034664473247500,2107.451546199999939,0.984714903160000,140.677963256999988,1.919632820610000,0.418522101261000,0.003058178858480,0.000000000000000,2.000000000000000,0.000000000000000,0.000000000000000,1.000000000000000,0.000000000000000,1.000000000000000,0.000000000000000,0.000000000000000,0.000000000000000,22.500000000000000,0.000000000000000,0.000000000000000,30.000000000000000,0.000000000000000,15.000000000000000,0.000000000000000,0.000000000000000,0.066830005734244,0.075900536933743,0.049615144580820,0.079727480757229,0.060929712135083,0.081070084426813,0.059206245933637,0.085831539962965,0.059774645040675,0.086453438431610,0.061197384552513,0.091744993870045,0.060969361614919,0.095860231581105,0.058496108849147,0.099829923207751,0.056607811663991,0.104601391118245,0.494552468331335,0.494747243603079,0.496846709388668,0.497322456333517,0.499115759688747,0.499693502247650,0.502356798852341,0.503221151368345,0.502942750133761,0.225594276482806,0.227344632768362,0.238393206324376,0.224884843167361,0.230594869526758,0.236912751677852,0.244036594263905,0.250957854406130,0.257186258471605,0.142730542667987,0.129342625338049,0.141999796561896,0.145037785896602,0.146228083472285,0.152942378422558,0.156829593196024,0.158326032056898,0.161209202782236,0.402698203063133,0.000000000000000,0.000000000000000,0.369586477017966,45.000000000000000,16.631391465808480,0.428286399591617,0.000000000000000,0.000000000000000,0.425182097643801,0.000000000000000,0.000000000000000,0.445416735619700,30.000000000000000,13.362502068591009,0.473747186458038,0.000000000000000,0.000000000000000,0.508092897718773,15.000000000000000,7.621393465781602,0.524728423086308,0.000000000000000,0.000000000000000,0.537365007215417,0.000000000000000,0.000000000000000,18690.000000000000000,50.29,"3",0.000
96.000000000000000,TAMAN SARI,TANGKI,JAKARTA BARAT,"95",96.000000000000000,TAMAN SARI,TANGKI,JAKARTA BARAT,96.000000000000000,118.242832711000005,183.735084516000001,180.110888442999993,144.976588657999997,118.242832711000005,188.333534472999986,187.354853074000005,161.351345517999988,113.203426387999997,156.323801080999999,0.929906542056000,0.894859813084000,0.892523364486000,0.934579439252000,0.950934579439000,0.927570093458000,0.939252336449000,0.960280373832000,0.985981308411000,0.967289719626000,136.362668160999988,171368.724610000004759,39837.265409699997690,39292.370876300003147,39683.443507900003169,41466.734708199997840,41474.556160899999668,41388.520181899999443,41112.162188900001638,40700.232350199999928,40233.552343099996506,38843.940925399998378,0.073582199114900,0.079716523970000,0.075494309922100,0.074841339545900,0.064828105532000,0.078221257619400,0.079877316825500,0.082609948593400,0.074497269096600,0.081823749193600,681.973517349999952,-0.011838180830700,-0.085578042605800,20.738784553199999,733169.868619999964722,36.163104751900001,37.314834894000001,40.887609825799998,48.843983295100003,33.775543034199998,29.875930875500000,29.700624233700001,40.230675333299999,34.975974554200000,-0.085381998715300,-0.091221948868000,-0.085144662681200,-0.086313801573900,-0.079631030559500,-0.089186289156200,-0.092390260955100,-0.092339991426500,-0.084245743525900,-0.093409247879200,0.000000000000000,40.581980792400003,40.762377388300003,40.508059686999999,41.122182743300002,41.173251748399998,40.558444396100001,40.308734500699998,40.767554539999999,38.099785476400001,0.032954506645700,0.023311866972400,0.035189903430800,0.039984654470200,0.040734951810000,0.039606224903800,0.032131564443100,0.039501336077900,0.033267417246500,6281.516494380000040,2866.584626889999981,0.031839619052800,3189.870388670000011,0.991033739970000,145.353112229000004,2.085012180120000,0.419848371533000,0.004257477526580,0.000000000000000,0.000000000000000,0.000000000000000,0.000000000000000,0.000000000000000,0.000000000000000,0.000000000000000,0.000000000000000,0.000000000000000,0.000000000000000,0.000000000000000,0.000000000000000,0.000000000000000,0.000000000000000,0.000000000000000,0.000000000000000,0.000000000000000,0.000000000000000,0.062769557428173,0.072457036692987,0.047303068129558,0.075093620655673,0.059352404904118,0.077019805092738,0.054438018606990,0.080588383203420,0.055622047244094,0.081574803149606,0.057200837085421,0.084025619887120,0.054448786112357,0.088655435270002,0.050997926386729,0.093766200103681,0.048862339754346,0.098664339888583,0.506734788666976,0.507982392746863,0.509022320025149,0.507983404576314,0.509102362204724,0.509163548734860,0.508936006661969,0.508229652669777,0.506544063359957,0.222685083680479,0.227822867720347,0.237142464246425,0.222381930184805,0.219142367066895,0.229421099841303,0.235659022792221,0.244374120956399,0.255997680655215,0.135226594121160,0.122396688785231,0.136372209996856,0.135026401810410,0.137196850393700,0.141226456972541,0.143104221382359,0.144764126490410,0.147526679642929,0.454141305594017,0.000000000000000,0.000000000000000,0.432565926995888,0.000000000000000,0.000000000000000,0.486501714069262,0.000000000000000,0.000000000000000,0.460944897266897,0.000000000000000,0.000000000000000,0.470261279637379,0.000000000000000,0.000000000000000,0.492343737302331,0.000000000000000,0.000000000000000,0.502587650332781,0.000000000000000,0.000000000000000,0.511913613723561,0.000000000000000,0.000000000000000,0.521270196661887,0.000000000000000,0.000000000000000,14899.000000000000000,50.65,"84",0.006
97.000000000000000,TAMAN SARI,MANGGA BESAR,JAKARTA BARAT,"96",97.000000000000000,TAMAN SARI,MANGGA BESAR,JAKARTA BARAT,97.000000000000000,117.923707042999993,183.541663223000000,179.891251060999991,144.882491990000005,117.923707042999993,187.908981849000014,187.031742057999992,161.183177110000003,113.031372446000006,156.043365002999991,0.893030794165000,0.899513776337000,0.901134521880000,0.930307941653000,0.941653160454000,0.910858995138000,0.949756888169000,0.983792544571000,0.988654781199000,0.988654781199000,82.893382352900005,242934.813033999991603,16279.559085999999297,16071.874469200001840,16159.320623600000545,16738.651396799999929,16745.938576399999874,16693.106524700000591,16348.787291599999662,16270.450111599999218,15993.537289100000635,15403.275746600000275,0.076001517353900,0.076131269539500,0.069031078822800,0.070553597331500,0.065585169230200,0.076259423337100,0.077902905061100,0.076066357127400,0.070083312080400,0.077169740038200,259.705679621000002,-0.012161166658800,-0.088668910524100,21.083061252699999,380925.077981000067666,36.307189078400000,45.479868510499998,42.991757533600001,48.732339977800002,34.152991704500003,29.581428187000000,33.606528682399997,42.025436245000002,36.596785842400003,-0.085110028457000,-0.085983719583100,-0.076779102752600,-0.079007341573200,-0.076865434354500,-0.086252674805300,-0.088010843861300,-0.082658135596300,-0.079465395549100,-0.087870278632700,0.000000000000000,40.917132618399997,40.860135400499999,40.695530275400003,41.330198650699998,41.268160147700002,40.772682752800002,40.345510044999997,40.980394451000002,38.286736153800000,0.030006141289000,0.025311504559800,0.031974569849200,0.035406735705300,0.037100164772500,0.031158771616900,0.032428355063500,0.034946785724200,0.032816040185400,30789.130933099997492,2542.185245699999541,0.031594496191900,2910.810596270000133,0.987168931820000,237.441862974000003,1.782849297310000,0.427581197913000,0.002399302123090,1.000000000000000,1.000000000000000,0.000000000000000,0.000000000000000,0.000000000000000,0.000000000000000,0.000000000000000,1.000000000000000,0.000000000000000,30.000000000000000,6.666666666670000,0.000000000000000,0.000000000000000,0.000000000000000,0.000000000000000,0.000000000000000,2.500000000000000,0.000000000000000,0.059283609158921,0.092269326683292,0.046110484780158,0.096054114994363,0.057792773182412,0.095777100565955,0.053851174934726,0.105200174064404,0.053475935828877,0.108807159227327,0.052262090483619,0.112324492979719,0.051058112193483,0.120143321016683,0.047499715229525,0.121881763298781,0.045535186280307,0.124423418095801,0.509861709362956,0.509695603156708,0.504244666956900,0.505548302872063,0.507366582996835,0.508357477156229,0.506438248796327,0.508258343774917,0.506091070372561,0.194078128887783,0.205574488802337,0.221985058697972,0.201868495742668,0.200403656654399,0.207046332046332,0.218417231364956,0.227038310412574,0.232981295330195,0.151552935842213,0.142164599774521,0.153569873748367,0.159051348999130,0.162283095056204,0.164586583463338,0.171201433210166,0.169381478528306,0.169958604376108,0.487288157723855,30.000000000000000,14.618644731715635,0.473026254030747,6.666666666670000,3.153508360206559,0.487652172465905,0.000000000000000,0.000000000000000,0.489267085735975,0.000000000000000,0.000000000000000,0.507610580886384,0.000000000000000,0.000000000000000,0.526908581490645,0.000000000000000,0.000000000000000,0.544967240664297,0.000000000000000,0.000000000000000,0.560303920492350,2.500000000000000,1.400759801230875,0.554819927749679,0.000000000000000,0.000000000000000,8455.000000000000000,50.61,"0",0.000
98.000000000000000,TAMAN SARI,GLODOK,JAKARTA BARAT,"97",98.000000000000000,TAMAN SARI,GLODOK,JAKARTA BARAT,98.000000000000000,117.847129674000001,183.849848293999997,180.124646084999995,145.092773918999995,117.847129674000001,187.867538897000003,187.051405675000012,161.503516668999993,113.023005105999999,156.103101490000000,0.926190476190000,0.945238095238000,0.926190476190000,0.933333333333000,0.961904761905000,0.947619047619000,0.980952380952000,1.000000000000000,1.000000000000000,1.000000000000000,116.794871795000006,184497.592291999986628,23634.004907700000331,23587.940004700001737,23690.908611300001212,24395.430656199998339,24636.593971599999350,24528.205964699998731,24270.784448300000804,23999.814430999998876,23907.684625099998811,23257.356583600001613,0.066527171539400,0.068020873618800,0.062771808347200,0.063752299950800,0.058993463690500,0.070745663934700,0.067638140158500,0.067386619977300,0.060969322596100,0.066192625806700,307.737953870000013,-0.014375335220400,-0.091314313079700,21.087848528700000,200632.491669999988517,33.319695190300003,45.260025329999998,40.112986425800003,44.736570219400001,31.833765742800001,27.572145679599998,32.334195433300003,39.471894634599998,32.479215959900003,-0.078699785202700,-0.080398812007500,-0.073216919382500,-0.074027001673700,-0.069772053045400,-0.082015940249900,-0.080916255658200,-0.080172318424100,-0.073719229323000,-0.080533761409200,0.000000000000000,41.331587726599999,41.115573568300000,41.014944780199997,41.599108084900003,41.517528561699997,41.234490644600001,40.579142672300001,41.197110361299998,38.602990030100003,0.034205733588700,0.030208800069900,0.032954147128500,0.042013609114700,0.039570264201000,0.039535658791000,0.038400863885100,0.042582351499100,0.040718051211600,0.000000000000000,2471.718377789999977,0.036888357592500,2145.000213379999877,0.983681434849000,151.675886582999993,1.845687228220000,0.481415232791000,0.004381586569870,0.000000000000000,0.000000000000000,0.000000000000000,0.000000000000000,1.000000000000000,0.000000000000000,0.000000000000000,0.000000000000000,0.000000000000000,0.000000000000000,0.000000000000000,0.000000000000000,0.000000000000000,20.000000000000000,0.000000000000000,0.000000000000000,0.000000000000000,0.000000000000000,0.051694428489374,0.128087306145893,0.040375157268672,0.133592588356399,0.050983005664778,0.138953682105965,0.046744390673119,0.144632644082710,0.045625276182059,0.148365002209456,0.044099586915262,0.153734509322318,0.041549057242859,0.160325166534944,0.039669046809475,0.162869772186331,0.038914132587673,0.168938599557264,0.514531878230902,0.514583095047467,0.514606242363657,0.513198416190057,0.515576668139638,0.516020989170481,0.516766399458056,0.517171030261816,0.517418152161249,0.154142821597412,0.159951010410288,0.188039309683605,0.166725789286981,0.161703642187685,0.172236810694677,0.171462974111981,0.177598263805160,0.183969276511397,0.179781734635267,0.173967745625071,0.189936687770743,0.191377034755829,0.193990278391515,0.197834096237580,0.201874223777803,0.202538818995806,0.207852732144937,0.550114910517652,0.000000000000000,0.000000000000000,0.540847456016380,0.000000000000000,0.000000000000000,0.613693388944879,0.000000000000000,0.000000000000000,0.586493803579736,0.000000000000000,0.000000000000000,0.602857347088891,20.000000000000000,12.057146941777821,0.627057621651643,0.000000000000000,0.000000000000000,0.641726937932404,0.000000000000000,0.000000000000000,0.652466892580427,0.000000000000000,0.000000000000000,0.675042718443751,0.000000000000000,0.000000000000000,8583.000000000000000,51.74,"15",0.002
99.000000000000000,TAMAN SARI,KEAGUNGAN,JAKARTA BARAT,"98",99.000000000000000,TAMAN SARI,KEAGUNGAN,JAKARTA BARAT,99.000000000000000,118.730248021999998,185.333710843000006,181.517273104999987,145.958859315000012,118.730248021999998,189.192780123000006,188.057036189000002,162.895164509000011,113.493378210000003,157.130329665999994,0.967171717172000,0.987373737374000,0.969696969697000,0.979797979798000,0.984848484848000,0.979797979798000,0.987373737374000,0.997474747475000,1.000000000000000,0.997474747475000,50.346135148300000,173616.785330999991857,57734.345919100000174,58008.075405099996715,57841.580150800000411,60180.979572399999597,60663.533614699997997,60370.050454500000342,59963.689155699998082,59972.155016099997738,59424.696044099990104,58329.778100000003178,0.065624094972700,0.066513078665900,0.062632612185600,0.061443290198100,0.056168458306900,0.065044316077500,0.063489479309100,0.065807547674300,0.061111348909900,0.067312612412300,176.696525659999992,-0.015205043825100,-0.093842706454700,18.518351882000001,182898.044449000008171,31.050661426800001,41.288508000299998,37.073694806699997,42.533343434000003,30.786787188400002,27.420721893700001,28.513426826800000,38.409909624500003,31.510202897999999,-0.080821373215400,-0.079713175371900,-0.076667988915100,-0.071432519619400,-0.071224928324400,-0.076174699568500,-0.078386172507600,-0.078092254761800,-0.074483418999500,-0.082041923135400,0.000000000000000,41.501679447199997,41.351949143299997,41.237698552600001,41.737625335600001,41.675147515200003,41.524658853500000,40.871611287000000,41.247787087299997,38.665085673599997,0.044778092906200,0.039829945453900,0.049207153787800,0.049278200802500,0.046963235142800,0.052788783423800,0.047459342950600,0.051115073559500,0.049775920422200,0.000000000000000,3163.313146259999940,0.048506314565000,2975.552086839999902,0.987281898909000,104.976314955000007,1.698423725710000,0.439183157633000,0.005271411852740,0.000000000000000,0.000000000000000,0.000000000000000,0.000000000000000,0.000000000000000,0.000000000000000,0.000000000000000,0.000000000000000,0.000000000000000,0.000000000000000,0.000000000000000,0.000000000000000,0.000000000000000,0.000000000000000,0.000000000000000,0.000000000000000,0.000000000000000,0.000000000000000,0.075452422650321,0.055117727184277,0.058789091086500,0.057959701419720,0.072259214104848,0.060067523211104,0.069172442666419,0.064706703260920,0.069882671902024,0.062123124386482,0.069838580639089,0.063908889830110,0.067805383022774,0.067523056653491,0.065200873777187,0.069807199164213,0.060957910014514,0.073052733430092,0.483654407472271,0.484119627262526,0.487011160086280,0.489231055496116,0.492450801664096,0.493434985175773,0.493977037455298,0.494111501567100,0.495113691340106,0.239954263312643,0.242001288383079,0.259867217314026,0.238102627767432,0.245236855804269,0.253532182103611,0.267146508110364,0.279371584699454,0.291495601173020,0.130570149834598,0.116748792506220,0.132326737315952,0.133879145927339,0.132005796288506,0.133747470469199,0.135328439676265,0.135008072941400,0.134010643444606,0.318099132403195,0.000000000000000,0.000000000000000,0.285789343143176,0.000000000000000,0.000000000000000,0.364417757081841,0.000000000000000,0.000000000000000,0.359311038770628,0.000000000000000,0.000000000000000,0.381527969506144,0.000000000000000,0.000000000000000,0.401008383533512,0.000000000000000,0.000000000000000,0.422943433661448,0.000000000000000,0.000000000000000,0.435779591855645,0.000000000000000,0.000000000000000,0.452006788915228,0.000000000000000,0.000000000000000,20670.000000000000000,49.51,"37",0.002
100.000000000000000,TAMAN SARI,PINANGSIA,JAKARTA BARAT,"99",100.000000000000000,TAMAN SARI,PINANGSIA,JAKARTA BARAT,100.000000000000000,116.730823814999994,181.468314080999988,177.961641211999989,143.647876623999991,116.730823814999994,186.083476757999989,185.487662701999994,159.195568774999998,112.297805148999998,154.557810662000009,0.863760217984000,0.844686648501000,0.841961852861000,0.887375113533000,0.873751135332000,0.845594913715000,0.886466848320000,0.924613987284000,0.959128065395000,0.950045413261000,78.001944579500005,361690.326322999957483,13019.856597100000727,12910.711763499999506,12857.669414500000130,13376.872407900000326,13440.115208600000187,13278.948071200000413,13144.302108300002146,13069.838810600000215,12824.007923700000902,12390.488724900000307,0.079914179132300,0.082015642591800,0.077969400081100,0.077138085327700,0.066623985500900,0.082190655709000,0.085020847388100,0.083759062264500,0.075035824931000,0.082648129417300,253.548613686000010,-0.011070878320200,-0.087315498369500,19.296304887800002,996491.552641999907792,36.415873192100001,31.883956884700002,37.109317558900003,46.010722416900002,34.751034851400000,28.802013826300001,34.007239279600000,41.807510512599997,36.918454093999998,-0.086022781727500,-0.090406568139000,-0.085049212370600,-0.083880394509400,-0.075595505712400,-0.090855719331300,-0.095180737968500,-0.090888078516000,-0.084144126602700,-0.092879049738200,1.000000000000000,40.270829911000000,39.964384826900002,40.074805971700002,40.883640468000003,40.499431452499998,39.990022054999997,39.301791577300001,40.540599854500002,38.055560428100002,0.020008829915100,0.014281249612600,0.024207507746900,0.027045787562800,0.026794597957300,0.022384139032700,0.019252823715800,0.024603470903800,0.021070226318900,0.000000000000000,1647.364635520000093,0.018961233948300,2542.761044249999941,0.981636839236000,264.450579532000006,1.799092983920000,0.363764907923000,0.002091090082700,2.000000000000000,3.000000000000000,1.000000000000000,0.000000000000000,1.000000000000000,0.000000000000000,0.000000000000000,0.000000000000000,0.000000000000000,13.750000000000000,26.666666666699999,25.000000000000000,0.000000000000000,20.000000000000000,0.000000000000000,0.000000000000000,0.000000000000000,0.000000000000000,0.071580943351505,0.068025598483053,0.055136850456168,0.071320904403015,0.063291139240506,0.070916577703218,0.061778992106861,0.076199149969642,0.062682439698878,0.077047165463205,0.062315691448083,0.081173366444203,0.061578084757668,0.084445485054242,0.057986000636335,0.088211899459115,0.056063225487775,0.093027084876924,0.488583392589081,0.487742959143197,0.488333079152051,0.488919247115968,0.491550161315102,0.490221946298308,0.489424802934520,0.490295895641107,0.491314727916358,0.237177795372570,0.248590021691974,0.266133108677338,0.234773902886701,0.236739864864865,0.235861127697688,0.244705478864786,0.251239238194626,0.261770244821092,0.139606541834558,0.126457754859183,0.134207716943724,0.137978142076503,0.139729605162083,0.143489057892286,0.146023569811910,0.146197900095450,0.149090310364699,0.369827296097843,27.500000000000000,10.170250642690684,0.341183900235587,80.000000000100002,27.294712018881107,0.384209719389064,25.000000000000000,9.605242984726596,0.364959660467201,0.000000000000000,0.000000000000000,0.387907071157555,20.000000000000000,7.758141423151108,0.388981011198862,0.000000000000000,0.000000000000000,0.400247540538680,0.000000000000000,0.000000000000000,0.412946279612932,0.000000000000000,0.000000000000000,0.438101336298445,0.000000000000000,0.000000000000000,12147.000000000000000,49.13,"25",0.002
101.000000000000000,TAMBORA,TAMBORA,JAKARTA BARAT,"100",101.000000000000000,TAMBORA,TAMBORA,JAKARTA BARAT,101.000000000000000,117.736683940999995,184.037820911000011,180.247164058999999,145.227720070000004,117.736683940999995,187.762150049000013,187.035820054999988,161.709666776999995,113.003249406999998,156.113855218999987,0.920972644377000,0.975683890578000,0.975683890578000,0.975683890578000,0.987841945289000,0.960486322188000,0.972644376900000,0.987841945289000,0.990881458967000,0.990881458967000,85.130765573000005,151654.871905999985756,43095.173562600000878,42308.916980200003309,42430.145968600001652,44110.033380499997293,44321.318188899997040,43659.754280399996787,42873.497697899998457,42825.006102500003180,42686.458687099999224,41242.101881499998854,0.072335911909000,0.066769487068800,0.060437138987800,0.061580428412000,0.058893710227600,0.067344913734700,0.066444797226200,0.066895292420800,0.062245955079300,0.066248637440100,782.367894241000045,-0.017104185205300,-0.097538592320100,15.668828435100000,159113.879699000011897,28.862980949899999,31.434246897700000,32.783513653299998,39.189407110200001,28.792570149900001,25.751623004700001,28.251727753899999,35.057476079499999,27.175834745200000,-0.082092837552300,-0.080396704998500,-0.070654582753100,-0.072186555503900,-0.068992596748100,-0.075935194687800,-0.076963594511700,-0.077960166247900,-0.072084015795800,-0.077086608573800,0.000000000000000,41.535050070300002,41.192926263799997,41.207677257100002,41.731629777000002,41.651714515700000,41.443263649899997,40.649654900999998,41.278317010400002,38.817477440799998,0.037446551948500,0.035043556012100,0.043761356957000,0.046191764184900,0.043896031469500,0.048611216253500,0.045230113034600,0.046786253543300,0.045999231560900,0.000000000000000,2451.163073640000221,0.045851999486300,2942.706936439999936,0.983330446283000,128.901243048999987,1.609472148820000,0.505382673889000,0.006996644748100,0.000000000000000,0.000000000000000,0.000000000000000,1.000000000000000,0.000000000000000,0.000000000000000,0.000000000000000,0.000000000000000,0.000000000000000,0.000000000000000,0.000000000000000,0.000000000000000,25.000000000000000,0.000000000000000,0.000000000000000,0.000000000000000,0.000000000000000,0.000000000000000,0.079738027015964,0.065083913221449,0.060979591836735,0.068816326530612,0.071142520612485,0.069179426776600,0.065332916536418,0.074007502344483,0.067433558111860,0.076001586671956,0.062772661173049,0.078687994829536,0.062196700097056,0.082416693626658,0.059720869847452,0.086497890295359,0.056101452926850,0.089863105736122,0.494883340155546,0.494775510204082,0.496741264232430,0.495858080650203,0.498849662832209,0.500565519470027,0.499757360077645,0.501703992210321,0.503401360544218,0.281229862837154,0.286717062634989,0.305662692847125,0.289824926330386,0.287749538299182,0.294960826210826,0.305342831700801,0.310559558758118,0.314359162688212,0.144821940237413,0.129795918367347,0.140321947389085,0.139340418880901,0.143435144783816,0.141460656002585,0.144613393723714,0.146218760142811,0.145964558662972,0.468973901371941,0.000000000000000,0.000000000000000,0.433517422042409,0.000000000000000,0.000000000000000,0.493959565652035,0.000000000000000,0.000000000000000,0.469207623524801,25.000000000000000,11.730190588120022,0.496439535828842,0.000000000000000,0.000000000000000,0.509234316772114,0.000000000000000,0.000000000000000,0.523722118435000,0.000000000000000,0.000000000000000,0.545499047497450,0.000000000000000,0.000000000000000,0.559232236274821,0.000000000000000,0.000000000000000,11907.000000000000000,50.34,"58",0.005
102.000000000000000,TAMBORA,KALI ANYAR,JAKARTA BARAT,"101",102.000000000000000,TAMBORA,KALI ANYAR,JAKARTA BARAT,102.000000000000000,119.466448620999998,187.988003230000004,183.818769859000014,147.587263643999989,119.466448620999998,190.511002560000009,189.244000510000006,165.524568420000008,114.017341170999998,158.478491874000014,0.945868945869000,0.934472934473000,0.934472934473000,0.945868945869000,0.943019943020000,0.948717948718000,0.982905982906000,0.991452991453000,0.991452991453000,0.985754985755000,65.110665597400001,156185.763012000010349,91797.457719900019583,91534.776552499999525,91390.622253299996373,95231.533469300004072,97464.323392199992668,96291.868425499997102,94891.970008999996935,94988.072875099998782,93639.429320499999449,89314.800344999996014,0.061191967349900,0.068146645676500,0.065908794840100,0.066091011562900,0.062045882515700,0.072502419551900,0.067033958713400,0.069048930770900,0.065861174797000,0.072240121063000,367.090236430999994,-0.017028989004700,-0.088524099597400,19.069715900599999,553449.480312000028789,27.927549522500001,22.508661458100001,32.534922431200002,37.086576975900002,29.717793185500000,26.629552022999999,26.862397666600000,33.711785402200000,27.752786370999999,-0.070185805197700,-0.077804075324500,-0.076697921925000,-0.073667240509700,-0.069925009540300,-0.079872837692600,-0.076552542556700,-0.078799964351300,-0.072821782364200,-0.080493945829600,0.000000000000000,41.743503349400001,41.395911462800001,41.474833026799999,41.986587082100002,41.794281536600003,41.817769821799999,41.013075952900003,41.361969248500003,39.198715851300001,0.048763509593800,0.042928472676400,0.042551006217000,0.048880222523100,0.049816708130200,0.057051215453900,0.048786590786600,0.055242159968700,0.056744949100500,0.000000000000000,4124.515488799999730,0.051816057769900,3178.760029130000021,0.990768247394000,100.773033902999998,1.976253030520000,0.441252897372000,0.007307021228630,0.000000000000000,0.000000000000000,0.000000000000000,0.000000000000000,0.000000000000000,0.000000000000000,0.000000000000000,0.000000000000000,0.000000000000000,0.000000000000000,0.000000000000000,0.000000000000000,0.000000000000000,0.000000000000000,0.000000000000000,0.000000000000000,0.000000000000000,0.000000000000000,0.085007349338559,0.033771960523553,0.065862806267307,0.035577833082127,0.081034714747040,0.036934876210980,0.075004108463435,0.039868529170090,0.076216773678432,0.039089790079510,0.074572952535278,0.041253122679090,0.072845002023472,0.043808174828005,0.069002086825630,0.048544353597208,0.065636096266274,0.049531939313511,0.480121789038987,0.481895614988258,0.482339881593111,0.482300739523418,0.483316144915001,0.485855107690230,0.484621610683934,0.485067223153501,0.484344177038126,0.293637196701064,0.294919890582259,0.302040971456805,0.285260787715477,0.283645751487260,0.285881730187538,0.298342958517344,0.309251638469745,0.323573812172255,0.118779309862112,0.101440639349434,0.117969590958020,0.114872637633525,0.115306563757942,0.115826075214368,0.116653176851477,0.117546440422838,0.115168035579785,0.321120311006739,0.000000000000000,0.000000000000000,0.286539522085288,0.000000000000000,0.000000000000000,0.341398739591448,0.000000000000000,0.000000000000000,0.315122385578610,0.000000000000000,0.000000000000000,0.320825183677783,0.000000000000000,0.000000000000000,0.340166052827343,0.000000000000000,0.000000000000000,0.347953443777542,0.000000000000000,0.000000000000000,0.364589915797403,0.000000000000000,0.000000000000000,0.368814585366354,0.000000000000000,0.000000000000000,27881.000000000000000,48.43,"60",0.002
103.000000000000000,TAMBORA,TANAH SEREAL,JAKARTA BARAT,"102",103.000000000000000,TAMBORA,TANAH SEREAL,JAKARTA BARAT,103.000000000000000,119.043993427000004,186.264189004999992,182.340110153000012,146.524183182999991,119.043993427000004,189.724955935999986,188.492945784999989,163.795240685000010,113.681466082000000,157.621203876999999,0.909612625538000,0.962697274032000,0.971305595409000,0.968436154950000,0.975609756098000,0.969870875179000,0.985652797704000,0.994261119082000,0.995695839311000,0.987087517934000,43.876573741000001,346275.557305999973323,49107.085222900001099,48860.685798799997428,48817.485899799990875,50983.880836299998919,51767.879003900001408,51625.479336700002023,51369.479935000003024,51393.479878999998618,50721.481449600003543,49092.685256600001594,0.072391064124100,0.072396712735800,0.061825421645500,0.061583325568800,0.056772562764700,0.067344726641900,0.063780629523700,0.065986929319700,0.061848244462800,0.067372172798300,664.195199924000008,-0.015093618317000,-0.090144614961000,12.404770882599999,139541.616506999998819,26.520142864000000,27.829489709299999,31.833404401100001,36.883287092300002,28.319888780399999,25.418579518700000,25.974371749500001,34.575108825900003,27.168312517299999,-0.083372806528900,-0.083895312779900,-0.075936893105400,-0.073502497803700,-0.069935233322900,-0.077140058517700,-0.077975993134200,-0.077550386782800,-0.073006636197200,-0.079320696125100,0.000000000000000,41.780520920800001,41.438918276999999,41.426429682699997,41.930426914599998,41.801031450200000,41.806208389600002,40.982952145399999,41.352980019500002,38.984773243399999,0.039306239409300,0.044275548781100,0.045082880508500,0.051883202705300,0.047355156107300,0.054270827707900,0.047619846063100,0.049516988957900,0.048427573227200,0.000000000000000,3475.624483230000351,0.048773675194600,2970.982742979999784,0.986620825170000,106.676972972000002,1.895146319370000,0.517171979857000,0.006681584435560,0.000000000000000,0.000000000000000,0.000000000000000,0.000000000000000,0.000000000000000,0.000000000000000,0.000000000000000,0.000000000000000,0.000000000000000,0.000000000000000,0.000000000000000,0.000000000000000,0.000000000000000,0.000000000000000,0.000000000000000,0.000000000000000,0.000000000000000,0.000000000000000,0.075676206693300,0.062905232824677,0.058470715479663,0.065058503490544,0.070108269260945,0.065275380511533,0.066975737907588,0.069417400710864,0.066385669125395,0.069825822847580,0.064318195975830,0.072977013642310,0.062171165281280,0.077519379844961,0.057789975079650,0.083120406296331,0.054948994557247,0.085128572825343,0.496070469578885,0.496148929894137,0.495182802447827,0.496368412919178,0.498295419326846,0.500280321435246,0.500046698421593,0.501088293744677,0.500896261773621,0.271995589856670,0.271089123212480,0.279126552253384,0.261945509309967,0.260769652901633,0.266233095901724,0.276508132592135,0.288597794905471,0.299946552645644,0.138581439517977,0.123529218970207,0.135383649772478,0.136393138618452,0.136211491972975,0.137295209618140,0.139690545126241,0.140910381375981,0.140077567382590,0.449683158772603,0.000000000000000,0.000000000000000,0.408565235083788,0.000000000000000,0.000000000000000,0.443110837780102,0.000000000000000,0.000000000000000,0.435017692607965,0.000000000000000,0.000000000000000,0.445115858119821,0.000000000000000,0.000000000000000,0.465978940835517,0.000000000000000,0.000000000000000,0.481835154871296,0.000000000000000,0.000000000000000,0.504255193377344,0.000000000000000,0.000000000000000,0.512780752405359,0.000000000000000,0.000000000000000,30683.000000000000000,50.09,"140",0.005
104.000000000000000,TAMBORA,KERENDANG,JAKARTA BARAT,"103",104.000000000000000,TAMBORA,KERENDANG,JAKARTA BARAT,104.000000000000000,118.476099691000002,185.843910792000003,181.864609543999990,146.316165923999989,118.476099691000002,188.965593152999986,188.064358249999998,163.464575450000012,113.477392217000002,157.192597707000004,0.944000000000000,0.933333333333000,0.938666666667000,0.973333333333000,0.981333333333000,0.970666666667000,0.989333333333000,0.994666666667000,1.000000000000000,0.992000000000000,39.685100845800001,196025.215347999997903,70096.644037499994738,70189.499176600002102,70393.181417200001306,74350.008473599998979,75527.172011200003908,75242.615939800001797,74341.022492400006740,75026.952390899983584,74095.405672900000354,71815.961774399998831,0.065718021899500,0.075019864489600,0.063046721518000,0.061884933104100,0.055760640934100,0.067165780936700,0.063301860069200,0.064426098297000,0.060742764194800,0.066060434207300,1057.472445509999943,-0.016896012969500,-0.092036477279900,18.075731932899998,82288.487489799998002,23.594632902499999,21.296115018999998,27.717620588100001,33.133867899599998,25.782210237200001,23.995899805499999,24.399063284699999,30.846272909500001,24.455590566000001,-0.072816818078400,-0.084896658082800,-0.073127951701500,-0.070534481505600,-0.067317504108000,-0.076426822662400,-0.072764563093600,-0.075463686913300,-0.070201458017000,-0.076507699052500,0.000000000000000,41.829751322299998,41.457356473499999,41.523080538700000,41.964717126700002,41.896188469300000,41.825804730900003,41.017597270300001,41.362472370100001,39.074954925000000,0.048813891514000,0.045124382212400,0.049556466140200,0.057635354266800,0.060199570166800,0.064488267601900,0.059757594824500,0.058259429803400,0.056299671004800,0.000000000000000,3168.177366110000094,0.050485407194700,3823.513394109999808,0.987154496159000,112.892307001000006,1.829610335130000,0.541973470529000,0.008590596960720,0.000000000000000,0.000000000000000,0.000000000000000,0.000000000000000,1.000000000000000,0.000000000000000,0.000000000000000,2.000000000000000,0.000000000000000,0.000000000000000,0.000000000000000,0.000000000000000,0.000000000000000,30.000000000000000,0.000000000000000,0.000000000000000,9.000000000000000,0.000000000000000,0.084880297017027,0.040797166389280,0.064848304327475,0.042679034934684,0.079848521472887,0.043026347594876,0.071544715447154,0.045845726749950,0.073049363057325,0.046695859872611,0.069543494903098,0.050284056569564,0.070145320983711,0.055732992654104,0.067793184298824,0.057848566924041,0.063813813813814,0.059934934934935,0.478683907310203,0.478064763201566,0.478970268310370,0.480348998611937,0.482523885350318,0.485031628993916,0.485148514851485,0.485305412944173,0.485068401735068,0.329857406149966,0.326759895709884,0.337858083261452,0.313043478260870,0.309732534215941,0.312331596910365,0.325077812361049,0.332555739984747,0.346143212607133,0.125677463406307,0.107527339262159,0.122874869067763,0.117390442197104,0.119745222929936,0.119827551472662,0.125878313637815,0.125641751222865,0.123748748748749,0.369070556657085,0.000000000000000,0.000000000000000,0.312998235411675,0.000000000000000,0.000000000000000,0.371687048202700,0.000000000000000,0.000000000000000,0.339204017407369,0.000000000000000,0.000000000000000,0.355423789015772,30.000000000000000,10.662713670473174,0.373774960739992,0.000000000000000,0.000000000000000,0.404255753610980,0.000000000000000,0.000000000000000,0.412456004314630,18.000000000000000,7.424208077663332,0.420200632546533,0.000000000000000,0.000000000000000,23976.000000000000000,48.51,"0",0.000
105.000000000000000,TAMBORA,DURI UTARA,JAKARTA BARAT,"104",105.000000000000000,TAMBORA,DURI UTARA,JAKARTA BARAT,105.000000000000000,119.046523080000000,186.743732173000012,182.722724244999995,146.833302717000009,119.046523080000000,189.807044313000006,188.656067266999997,164.296810466000011,113.750191107000006,157.809184971999997,0.968750000000000,0.968750000000000,0.985576923077000,0.983173076923000,0.990384615385000,0.990384615385000,1.000000000000000,1.000000000000000,1.000000000000000,1.000000000000000,40.534154929600000,215992.656092999997782,64931.862080799997784,63097.353931500001636,63210.828662400002941,65329.023638899998332,66255.733941200000118,65877.484838200005470,65126.390190899997833,64942.669198000003234,64604.946784699997806,60933.228706699999748,0.068291989405900,0.078033858825100,0.064719990271900,0.066507647624400,0.055942951629900,0.071530697128500,0.067071065978300,0.065470547827200,0.060404673541100,0.069708444831800,982.008113008999885,-0.015244299063100,-0.087607932740400,17.577966601800000,67627.054114200000186,23.578264162000000,20.968338287200002,28.829468052599999,33.225724169099998,26.171057105599999,23.889999380300001,24.272687074600000,31.078934976500001,24.861636641000000,-0.077386427026000,-0.088899696944300,-0.075703427903000,-0.076213916002500,-0.069809482343400,-0.079752358231800,-0.077357894436500,-0.076362491558400,-0.068725074328000,-0.081563714497700,0.000000000000000,41.938877784900001,41.502809599000003,41.586273239900002,42.054658498999999,41.942260035099999,41.960247849300004,41.050215986300003,41.421397706900002,39.182532510500003,0.049981782279700,0.047661546751400,0.050926925155100,0.058013128191800,0.055502466331300,0.062045123326700,0.058487144453200,0.057451833542200,0.057255346992800,0.000000000000000,3582.227600530000018,0.054972476783800,3890.012890059999791,0.980299171794000,111.799116952000006,2.084361257760000,0.523547443357000,0.007051643251600,0.000000000000000,0.000000000000000,0.000000000000000,0.000000000000000,0.000000000000000,0.000000000000000,0.000000000000000,0.000000000000000,0.000000000000000,0.000000000000000,0.000000000000000,0.000000000000000,0.000000000000000,0.000000000000000,0.000000000000000,0.000000000000000,0.000000000000000,0.000000000000000,0.077288687162799,0.051340241500385,0.059027184134040,0.054581979825611,0.068031430934657,0.054714640198511,0.062431187048893,0.058638828854545,0.063076733789936,0.058934503547554,0.062933001451981,0.061854387056627,0.064650330740109,0.063360652327661,0.061308129809301,0.068877551020408,0.060524098789518,0.071254378574912,0.489552110987411,0.489613609163960,0.492183622828784,0.492517228724055,0.493376532830251,0.492802323169467,0.492573948496069,0.493936099029776,0.494745710105086,0.304259732741570,0.306740936555891,0.304639720421208,0.279835947358933,0.271944922547332,0.274464097993510,0.284927735719202,0.294860607174023,0.304191558599252,0.128628928663184,0.113609163959651,0.122746071133168,0.121070015903438,0.122011237337490,0.124787388508608,0.128010983067770,0.130185680829709,0.131778477364430,0.416783987364880,0.000000000000000,0.000000000000000,0.379217628435538,0.000000000000000,0.000000000000000,0.417450083158331,0.000000000000000,0.000000000000000,0.388847501417918,0.000000000000000,0.000000000000000,0.388351916609172,0.000000000000000,0.000000000000000,0.394977269302840,0.000000000000000,0.000000000000000,0.413300843696597,0.000000000000000,0.000000000000000,0.437995053537064,0.000000000000000,0.000000000000000,0.457092774474790,0.000000000000000,0.000000000000000,22553.000000000000000,49.47,"0",0.000
106.000000000000000,TAMBORA,JEMBATAN BESI,JAKARTA BARAT,"105",106.000000000000000,TAMBORA,JEMBATAN BESI,JAKARTA BARAT,106.000000000000000,118.657336017000006,186.767059560999996,182.644919254999991,146.892857574000004,118.657336017000006,189.330647830000004,188.441340787999991,164.410171195999993,113.654943263999996,157.646386651000000,0.899659863946000,0.886054421769000,0.891156462585000,0.894557823129000,0.909863945578000,0.906462585034000,0.947278911565000,0.971088435374000,0.982993197279000,0.977891156463000,73.503740648399997,267589.010583000024781,67643.223395799999707,66853.524718700005906,66813.467539499994018,70208.790353899996262,71603.161689400003524,70454.855883700001868,69634.637451000002329,69487.761127000005217,69577.412909199993010,67622.241063800000120,0.066839315108800,0.075745552034500,0.066786372383900,0.069895628017100,0.062348633641100,0.073485711753800,0.070782711013000,0.074503723973100,0.065452359982300,0.074096698770900,543.329802634999965,-0.018268058691000,-0.088424042915600,15.377909410499999,642461.887677000020631,25.736309656900001,20.829156139999998,28.924390050700001,34.509865321400000,27.467726687900001,25.388844490099999,24.939006821700001,31.969314812800000,25.601739248700000,-0.071117705769500,-0.083647570545400,-0.071514061187300,-0.076098649039900,-0.068938575119300,-0.079330777432200,-0.078407529563500,-0.080578918927900,-0.072330323974500,-0.080476940787800,0.000000000000000,41.662611736800002,41.374272356299997,41.410159446300000,41.889143087800001,41.783000366700001,41.727810465799998,40.991487138499998,41.283956163200003,39.033510963300003,0.040475780358000,0.037280631263700,0.036980371514000,0.040754234967600,0.041173946513900,0.045384841015200,0.042276323235900,0.044469516883400,0.042669485786000,7592.283350730000166,3588.068856079999932,0.036055914820400,3309.140824799999791,0.991992911592000,134.521024208000000,1.888588472130000,0.486687701714000,0.006569371969280,1.000000000000000,0.000000000000000,0.000000000000000,0.000000000000000,0.000000000000000,0.000000000000000,0.000000000000000,0.000000000000000,0.000000000000000,7.500000000000000,0.000000000000000,0.000000000000000,0.000000000000000,0.000000000000000,0.000000000000000,0.000000000000000,0.000000000000000,0.000000000000000,0.087365898196759,0.030757817849806,0.067233848174266,0.032460673194964,0.079821773032304,0.033933762599506,0.075257072832863,0.037535297565134,0.074398960363873,0.037822178904050,0.072755163534761,0.039829069194105,0.072524636965055,0.042521068379588,0.067085206711262,0.046002851189823,0.063185805760063,0.048433048433048,0.476089933805067,0.476946355668484,0.478658950743065,0.480526399914753,0.483078839072991,0.484906590697420,0.486645255153861,0.487663120956245,0.486643536148487,0.286935247104877,0.295107033639144,0.303142839604690,0.279771346481908,0.280982938475107,0.286485491687626,0.301129388657010,0.313405079113442,0.326282572017747,0.118123716046565,0.099694521369230,0.113755535631810,0.112792370397997,0.112221139267923,0.112584232728866,0.115045705344643,0.113088057901085,0.111618854193111,0.287545527452322,7.500000000000000,2.156591455892412,0.251645301020202,0.000000000000000,0.000000000000000,0.308588338958424,0.000000000000000,0.000000000000000,0.292833327799142,0.000000000000000,0.000000000000000,0.308232706266705,0.000000000000000,0.000000000000000,0.326226595904189,0.000000000000000,0.000000000000000,0.358967889273828,0.000000000000000,0.000000000000000,0.372858220055471,0.000000000000000,0.000000000000000,0.376196339223227,0.000000000000000,0.000000000000000,35451.000000000000000,48.66,"31",0.001
107.000000000000000,TAMBORA,ANGKE,JAKARTA BARAT,"106",107.000000000000000,TAMBORA,ANGKE,JAKARTA BARAT,107.000000000000000,117.764071236000007,185.410165744000011,181.340940864000004,146.119502624000006,117.764071236000007,188.016417611000008,187.510393945000004,163.158233918999997,113.230271723000001,156.704368281000001,0.889135254989000,0.888026607539000,0.903547671840000,0.896895787140000,0.922394678492000,0.885809312639000,0.935698447894000,0.964523281596000,0.982261640798000,0.971175166297000,100.393480792000005,385590.527841999952216,45137.742002099999809,43481.955556900000374,43476.938022200003616,45270.706671100000676,45591.828890800003137,45506.530801200002315,44526.857154500001343,44282.252338699996471,44107.893008500010183,42325.413812600003439,0.071076981643800,0.076838422290300,0.068748978481100,0.071504557296600,0.064966510210800,0.074913634941900,0.074260256841800,0.074136479593700,0.068192181521100,0.075152469161900,688.151603925000018,-0.018040416125600,-0.087733274852900,14.893243354899999,765211.122604000032879,28.090331047399999,22.733456363500000,29.231036967300000,35.596265663399997,28.183420798400000,26.941221107699999,24.542866972199999,32.861580855200003,25.188011393800000,-0.075834358656400,-0.084542322158400,-0.077965666836700,-0.079521497444200,-0.073736548198400,-0.083781402699000,-0.085700453859700,-0.081282224481900,-0.076782366042600,-0.084591879637300,1.000000000000000,41.272205249199999,41.083738352899999,41.083982588500000,41.520914215799998,41.551688927900003,41.385920412399997,40.734092129799997,41.066591400900002,38.755213858300003,0.034644896254500,0.031861576825300,0.034068029235900,0.040438429798000,0.035229609325300,0.040212828989400,0.037323516183200,0.040147227361900,0.039283283533400,0.000000000000000,3089.960691629999928,0.034688073662000,2954.909990990000097,0.991925575400000,173.226745921999992,2.896867029720000,0.461014219194000,0.005168056267710,0.000000000000000,2.000000000000000,0.000000000000000,0.000000000000000,0.000000000000000,0.000000000000000,0.000000000000000,1.000000000000000,0.000000000000000,0.000000000000000,22.500000000000000,0.000000000000000,0.000000000000000,0.000000000000000,0.000000000000000,0.000000000000000,5.000000000000000,0.000000000000000,0.077313639510732,0.048724901915532,0.058165031736872,0.050980957876515,0.071958991410363,0.052175117761153,0.067077532603313,0.056044681670610,0.067975081316500,0.056783725673962,0.063611009381074,0.060230442009184,0.061667894170302,0.063820746699904,0.058157722606149,0.069447999317464,0.055628000711280,0.072491257186889,0.485287329794600,0.485372186959031,0.487226378498199,0.488692015627579,0.489993935718617,0.490942896582810,0.490963684777066,0.490430281830333,0.490279177286468,0.299004184371858,0.308286941307460,0.317965367965368,0.292023791368004,0.287317311808231,0.287584341282920,0.297093750000000,0.306198888819527,0.314902989667347,0.126038541426264,0.109145989613387,0.124134109171516,0.123122214273923,0.124758806990462,0.123841451390258,0.125488640870206,0.127605721923613,0.128119257898169,0.378078590377116,0.000000000000000,0.000000000000000,0.342762277953164,45.000000000000000,15.424302507892383,0.404807863011912,0.000000000000000,0.000000000000000,0.383748208064068,0.000000000000000,0.000000000000000,0.391200973461572,0.000000000000000,0.000000000000000,0.394829434496103,0.000000000000000,0.000000000000000,0.409420541058727,0.000000000000000,0.000000000000000,0.421453297548573,5.000000000000000,2.107266487742864,0.431080071956231,0.000000000000000,0.000000000000000,33742.000000000000000,49.03,"63",0.002
108.000000000000000,TAMBORA,JEMBATAN LIMA,JAKARTA BARAT,"107",108.000000000000000,TAMBORA,JEMBATAN LIMA,JAKARTA BARAT,108.000000000000000,117.717234664000003,184.496327132000005,180.607298853000003,145.529598705000012,117.717234664000003,187.814103990000007,187.172223731000003,162.191302495999992,113.062443521999995,156.288306713999987,0.981203007519000,0.975563909774000,0.986842105263000,0.979323308271000,0.990601503759000,0.984962406015000,0.990601503759000,0.992481203008000,0.998120300752000,0.998120300752000,97.932215743399993,270333.020987999974750,52471.574138000003586,52230.490813299998990,52410.245923800001037,54383.322607299996889,55007.178578999999445,54704.767040200000338,54389.666905300000508,54114.747324600000866,53757.351869600002829,51722.946971899997152,0.064500256427500,0.070316813553600,0.063677331607800,0.065104386216000,0.057294587730700,0.069618630121400,0.068690991781900,0.067595443051100,0.059704005959800,0.064779515059600,1242.387272930000108,-0.019217147400900,-0.094966771646000,13.700398481900001,105756.290787000005366,26.903252841400001,23.405133642199999,29.048711127699999,35.345145934000001,27.451678786300000,25.970571427799999,25.226983115399999,32.213223271600000,25.228550469300000,-0.073071734174500,-0.082853221803700,-0.073623772101400,-0.075001905318600,-0.068544456220600,-0.079135747496900,-0.079972935448400,-0.078741397652600,-0.069969599233300,-0.074351965775400,1.000000000000000,41.588729281500001,41.232148832100002,41.309272290199999,41.740585449699999,41.703842783200002,41.529486528200003,40.756174430100003,41.249485145700000,38.917047359999998,0.045729920333100,0.039743201741800,0.047311980783000,0.050552836052900,0.050422806638700,0.055518825424100,0.052521317418900,0.056319945882000,0.051407154755700,0.000000000000000,2615.313042690000202,0.048593664181700,3533.752277109999795,0.988549041675000,125.774773804000006,1.487056340680000,0.552433735218000,0.008454836020940,0.000000000000000,1.000000000000000,0.000000000000000,0.000000000000000,0.000000000000000,0.000000000000000,0.000000000000000,0.000000000000000,0.000000000000000,0.000000000000000,30.000000000000000,0.000000000000000,0.000000000000000,0.000000000000000,0.000000000000000,0.000000000000000,0.000000000000000,0.000000000000000,0.080411369341647,0.051016276621589,0.059032401242787,0.053827220271961,0.071395240317312,0.054518587649712,0.065741417092768,0.057783245549960,0.066066182155559,0.057793412710685,0.066837746413157,0.061044364088806,0.066786509828442,0.064871624526164,0.063493312352478,0.070416994492526,0.061942922561125,0.072859596042195,0.486314681350717,0.485857240850583,0.487828589205164,0.489523663065626,0.490026287304778,0.489949064893658,0.489819844464418,0.489378442171518,0.488510916673481,0.288694143959104,0.296316141995981,0.315356489945155,0.292122864567801,0.288318037567544,0.291453175457481,0.298669316512572,0.309133489461358,0.319740750742641,0.131427645963236,0.112859621514748,0.125913827967024,0.123524662642728,0.123859594866244,0.127882110501963,0.131658134354606,0.133910306845004,0.134802518603320,0.388076995528067,0.000000000000000,0.000000000000000,0.343158926095618,30.000000000000000,10.294767782868535,0.410561875635337,0.000000000000000,0.000000000000000,0.390043552615025,0.000000000000000,0.000000000000000,0.390025441137808,0.000000000000000,0.000000000000000,0.403715334316519,0.000000000000000,0.000000000000000,0.420718775413834,0.000000000000000,0.000000000000000,0.435112361877886,0.000000000000000,0.000000000000000,0.443369064965078,0.000000000000000,0.000000000000000,24458.000000000000000,48.85,"119",0.005
109.000000000000000,TAMBORA,PEKOJAN,JAKARTA BARAT,"108",109.000000000000000,TAMBORA,PEKOJAN,JAKARTA BARAT,109.000000000000000,116.615483806000000,182.333530900000000,178.623674647000001,144.248303916999987,116.615483806000000,186.090340751000014,185.686137554999988,160.109758561000007,112.361482077000005,154.837465487999992,0.947727272727000,0.926136363636000,0.923863636364000,0.940909090909000,0.936363636364000,0.914772727273000,0.954545454545000,0.972727272727000,0.984090909091000,0.985227272727000,66.643035107599999,387574.473518999991938,35180.633784400000877,34349.564895499999693,34439.340855700000247,36116.868798199997400,36390.044220000003406,36373.371541699998488,36170.734374300001946,36164.321805699997640,35815.478074600003310,34708.668736400002672,0.065275638563200,0.070528367938600,0.067725973368900,0.068352938583100,0.062923833945900,0.074813935763900,0.076386212032600,0.076000237308300,0.070045747785700,0.077646597532000,1101.976613159999943,-0.017903255297600,-0.096137013560300,19.846676323899999,181005.679284999991069,31.644233440000001,25.351773929899998,29.367091058200000,38.692128087299999,30.232507541800000,28.684640567599999,25.990635478700000,34.173252207600001,24.435587073299999,-0.073591939398000,-0.083054430338300,-0.077901357634600,-0.077645922376000,-0.074796573529900,-0.086494335506800,-0.089533296616900,-0.086949979971100,-0.080363212401000,-0.089626405676000,0.000000000000000,41.039681982899999,40.448551824799999,40.809236382500004,41.244654532500000,41.102835315199997,40.945304396499999,39.852725508600003,41.007846743700000,38.743100683599998,0.040055817959700,0.033264857763800,0.038335736104700,0.040237812271300,0.038651027893400,0.043845229757100,0.036903550192000,0.040449512432600,0.041381423546000,0.000000000000000,1838.501012239999909,0.037998318050000,2933.595312840000133,0.992060419829000,144.364946540000005,1.821782737520000,0.472917911472000,0.005364757456360,0.000000000000000,0.000000000000000,0.000000000000000,0.000000000000000,0.000000000000000,0.000000000000000,0.000000000000000,0.000000000000000,0.000000000000000,0.000000000000000,0.000000000000000,0.000000000000000,0.000000000000000,0.000000000000000,0.000000000000000,0.000000000000000,0.000000000000000,0.000000000000000,0.067542844341560,0.067804204159355,0.052731538375600,0.070792835064983,0.063065942260573,0.072298568942864,0.061429477690844,0.076971875660816,0.061739712986143,0.077289235217376,0.060312732688012,0.079849661383541,0.059933328604865,0.082913681821406,0.058440163288691,0.088448041251880,0.056978162066290,0.092007537966966,0.494418101034238,0.494916769076081,0.496608785199389,0.497568196235991,0.498713021402630,0.499556784739212,0.499645364919498,0.499713528611330,0.499353360676939,0.238666446062210,0.244686891628812,0.255156250000000,0.234245038492785,0.230248132233964,0.233970622522733,0.245519922254616,0.254503446115288,0.267007899403514,0.135347048500915,0.123524373440583,0.135364511203437,0.138401353351660,0.139028948203519,0.140162394071553,0.142847010426271,0.146888204540571,0.148985700033256,0.395704378856972,0.000000000000000,0.000000000000000,0.373181788766005,0.000000000000000,0.000000000000000,0.426564717658407,0.000000000000000,0.000000000000000,0.418628854826653,0.000000000000000,0.000000000000000,0.423140246194210,0.000000000000000,0.000000000000000,0.435300158365287,0.000000000000000,0.000000000000000,0.455257149687242,0.000000000000000,0.000000000000000,0.476049552739298,0.000000000000000,0.000000000000000,0.492672959484492,0.000000000000000,0.000000000000000,27063.000000000000000,49.94,"100",0.004
110.000000000000000,KEBON JERUK,SUKABUMI SELATAN,JAKARTA BARAT,"109",110.000000000000000,KEBON JERUK,SUKABUMI SELATAN,JAKARTA BARAT,110.000000000000000,129.628541079999991,207.477479740999996,201.741343158000006,159.198823924000010,129.628541079999991,205.204491141000005,200.014874203999995,183.713909454999992,119.475928616999994,170.639739292999991,0.915343915344000,0.876719576720000,0.874074074074000,0.902645502646000,0.911640211640000,0.883597883598000,0.920105820106000,0.930158730159000,0.958201058201000,0.950264550265000,62.294942866800000,813761.737614999990910,24758.781042099999468,25312.400214400000550,25350.622034299998631,27090.312054699999862,27797.415722500001721,28221.439036700001452,28460.922626899999159,28625.754225100001349,28656.809453800000483,27796.221290599998611,0.108092015331000,0.116827734708000,0.108200077344000,0.112343432754000,0.106546717108000,0.116847058979000,0.116301667676000,0.115392638581000,0.109081550451000,0.111481232990000,880.024088959999972,-0.004738281973750,-0.074344071625200,48.578473006999999,539882.625327000045218,19.339953012100001,22.103884402300000,26.184941201099999,29.816917736099999,21.999730291100001,21.833670066300002,23.125720950100000,28.136365608700000,27.949766503399999,-0.129977181627000,-0.142058031020000,-0.127054901478000,-0.129353589115000,-0.126234522243000,-0.136724245596000,-0.135253550861000,-0.135230979191000,-0.126678854976000,-0.131903601869000,0.000000000000000,39.391312569999997,41.253825216899997,40.865702848900000,41.327106360999998,40.540142772700001,41.091324295299998,39.860580186100002,41.371936812400001,39.289060372300000,0.040298777620300,0.024337824211000,0.037644913932500,0.045193516290200,0.039556349194800,0.040495627176600,0.040163021463100,0.045438113015100,0.037778704008400,0.000000000000000,11812.231036299999687,0.035451033793000,3892.443411300000207,0.985165370153000,277.405664505999994,1.940271127870000,0.477858425994000,0.005220264716930,1.000000000000000,5.000000000000000,0.000000000000000,0.000000000000000,4.000000000000000,0.000000000000000,0.000000000000000,0.000000000000000,4.000000000000000,25.000000000000000,26.000000000000000,0.000000000000000,0.000000000000000,26.250000000000000,0.000000000000000,0.000000000000000,0.000000000000000,51.250000000000000,0.094870705926765,0.029657417893545,0.075103656238221,0.031497361477572,0.087608297877031,0.030665108793898,0.082672682350414,0.033322591040928,0.081663316051211,0.034260924769866,0.080241732415645,0.034916904482122,0.078694817658349,0.037010765250772,0.073899633211070,0.041076192064021,0.069677502524547,0.043443697226221,0.490869195922990,0.492084432717678,0.493022640594343,0.493071221398646,0.492942545762353,0.494187510491858,0.495284987065009,0.495248416138713,0.495520271576821,0.228128068070252,0.234946808510638,0.246694703971392,0.230948012232416,0.229848306368248,0.239284781421414,0.249045126609138,0.260618711447804,0.274114480703609,0.124528123820310,0.106601017715793,0.118273406670929,0.115995273391342,0.115924240821077,0.115158636897767,0.115705582909121,0.114975825275091,0.113121199750768,0.333609519185079,25.000000000000000,8.340237979626973,0.299842222100165,130.000000000000000,38.979488873021424,0.349492251551188,0.000000000000000,0.000000000000000,0.327053836038970,0.000000000000000,0.000000000000000,0.324914021154999,105.000000000000000,34.115972221274895,0.340426623143841,0.000000000000000,0.000000000000000,0.358919333280158,0.000000000000000,0.000000000000000,0.368914118627292,0.000000000000000,0.000000000000000,0.379788987812105,205.000000000000000,77.856742501481563,46543.000000000000000,49.55,"212",0.005
111.000000000000000,KEBON JERUK,KELAPA DUA,JAKARTA BARAT,"110",111.000000000000000,KEBON JERUK,KELAPA DUA,JAKARTA BARAT,111.000000000000000,127.244372218999999,203.436507895999995,198.069498651999993,156.726688951999989,127.244372218999999,201.859833600999991,197.153969780000011,180.166161445000000,118.002314560000002,167.876914058000011,0.803391959799000,0.766959798995000,0.759422110553000,0.792085427136000,0.813442211055000,0.779522613065000,0.816582914573000,0.871231155779000,0.920226130653000,0.900753768844000,84.397667253500003,537474.274992999969982,18884.367572300001484,18922.633767999999691,18936.097799800001667,20128.727565399996820,20509.263622499998746,20787.047857900000963,20950.033506200001284,21217.896875999998883,21312.145098799999687,20882.713347100001556,0.124666684143000,0.135834547860000,0.132753126478000,0.130881476888000,0.128620089621000,0.131854775661000,0.137558472074000,0.134391224117000,0.125123674827000,0.128334143442000,569.250540086000001,-0.007116958839640,-0.083871237004700,33.246574895400002,258387.294773000001442,19.446982952799999,20.861594625500000,26.822226981400000,31.011804962900001,24.086241734900000,22.415787183799999,24.073556669999999,30.082272889300000,30.941278496599999,-0.142415779172000,-0.157288202834000,-0.147088011614000,-0.146718192701000,-0.140842847732000,-0.146661015752000,-0.155108948814000,-0.149583942191000,-0.136752843171000,-0.144475942283000,0.000000000000000,39.406755421800000,41.140110327499997,40.992814763299997,41.341758214400002,40.624632269999999,40.833036387400000,39.964109451200002,41.356344908300002,39.141513926700000,0.016421811100700,0.004994622864230,0.013893152121700,0.019975100044800,0.016583387657200,0.011130854758900,0.014257505661200,0.020457490738100,0.013135017090100,0.000000000000000,10707.293341799999325,0.010828980473300,3507.712209029999940,0.965056517749000,227.405949934999995,2.485377768110000,0.372880990842000,0.003177536647570,0.000000000000000,0.000000000000000,0.000000000000000,0.000000000000000,2.000000000000000,0.000000000000000,0.000000000000000,0.000000000000000,0.000000000000000,0.000000000000000,0.000000000000000,0.000000000000000,0.000000000000000,45.000000000000000,0.000000000000000,0.000000000000000,0.000000000000000,0.000000000000000,0.087106317642212,0.043178669063401,0.067060848738867,0.045580420627198,0.078612920260517,0.046224256292906,0.073319051896897,0.048614470319950,0.073157428240267,0.049055703279471,0.071945609525098,0.049925585171154,0.072774029790929,0.052334513392559,0.068827930174564,0.056026600166251,0.065288947707761,0.057178730191048,0.497621990038572,0.497081056807125,0.498327759197324,0.499965448137655,0.498704574896025,0.500744148288459,0.499632623071271,0.500382377389859,0.500831382130374,0.221019762169561,0.227957799547852,0.238923674407545,0.227698984732233,0.218758367440615,0.228044308343730,0.235421569726176,0.240917499075102,0.244871120462914,0.130284986705613,0.112641269366065,0.124837176553423,0.121933522216847,0.122213131519738,0.121871194696252,0.125108543183488,0.124854530340815,0.122467677898809,0.383113404693049,0.000000000000000,0.000000000000000,0.339458378343765,0.000000000000000,0.000000000000000,0.391591785236119,0.000000000000000,0.000000000000000,0.381980308625105,0.000000000000000,0.000000000000000,0.365580017982626,90.000000000000000,32.902201618436344,0.386955036113236,0.000000000000000,0.000000000000000,0.396644663714446,0.000000000000000,0.000000000000000,0.406348963242344,0.000000000000000,0.000000000000000,0.406823773930293,0.000000000000000,0.000000000000000,29469.000000000000000,50.08,"24",0.001
112.000000000000000,MAMPANG PRAPATAN,TEGAL PARANG,JAKARTA SELATAN,"111",112.000000000000000,MAMPANG PRAPATAN,TEGAL PARANG,JAKARTA SELATAN,112.000000000000000,135.958875325999998,212.695420004999988,206.502958516999996,162.046955494999992,135.958875325999998,212.268538199000005,205.705839023000010,187.004738978999995,122.918487169000002,176.015978910000001,0.981308411215000,0.965165675446000,0.963466440102000,0.986406117247000,0.977909940527000,0.961767204758000,0.985556499575000,0.989804587935000,0.998300764656000,0.992353440952000,55.958126815900002,501040.005516999983229,35609.440798399999039,36538.050091199998860,36510.316137000001618,37835.807877200000803,38323.542933099997754,38746.246648300002562,38441.173152499999560,38694.604112900000473,38694.604112900000473,37984.041080499999225,0.095631063873900,0.104886498638000,0.095395386478600,0.096753218545900,0.092346219198800,0.101906018077000,0.104759207852000,0.102652300482000,0.099032290112100,0.099980117590100,3020.471167650000098,-0.018150208867500,-0.025991285695300,29.532029770200001,71312.069402299996000,26.376796524500001,26.447439692600000,33.918903085799997,31.893910990399998,24.672770619600001,24.472997719399999,26.270603673899998,30.423310531799999,31.769655857400000,-0.114866118239000,-0.127815458208000,-0.112978649689000,-0.114366583586000,-0.106849442968000,-0.120404127384000,-0.126552744640000,-0.121599116042000,-0.115548707333000,-0.118358854784000,0.000000000000000,39.374240247099998,41.044110270300003,41.200739423800002,41.599732884799998,41.339438966800003,40.538666949300001,39.789680968399999,41.119028114300001,39.122073240600002,0.044493209107700,0.036193944456300,0.047342748908600,0.044651051160300,0.047774909823500,0.052673976837800,0.047858485636800,0.046494835027600,0.047485277011400,0.000000000000000,13874.105344500001593,0.042097515698400,3597.169077189999825,0.988161781877000,208.140507931999991,1.448338627500000,0.472454557945000,0.005508534640080,0.000000000000000,1.000000000000000,0.000000000000000,2.000000000000000,1.000000000000000,2.000000000000000,0.000000000000000,0.000000000000000,3.000000000000000,0.000000000000000,100.000000000000000,0.000000000000000,15.833333333300001,50.000000000000000,35.000000000000000,0.000000000000000,0.000000000000000,36.666666666700003,0.083154478354185,0.034863633984191,0.063703276842078,0.036723681797941,0.080428683365771,0.037787832065313,0.076061188331295,0.040850447932523,0.076292731087252,0.040602246081698,0.077072345507016,0.040974226291173,0.077234868144633,0.043251526160995,0.073923036998591,0.047156521094387,0.068734578780402,0.047761720126895,0.485499659739308,0.486916206092674,0.491064883856128,0.490779327726898,0.492311489571764,0.494949746243407,0.495291762437903,0.495192901806678,0.494964499723047,0.255869312940756,0.252010723860590,0.240863834764499,0.230020204287799,0.225014578878676,0.226558794810992,0.227605931026823,0.229695290858726,0.246870614650575,0.118018112338376,0.100426958640019,0.118216515431084,0.116911636263818,0.116894977168950,0.118046571798189,0.120486394305628,0.121079558092978,0.116496298907297,0.312293221124899,0.000000000000000,0.000000000000000,0.269422831954223,100.000000000000000,26.942283195422252,0.331181474459336,0.000000000000000,0.000000000000000,0.314484405689175,31.666666666600001,9.958672846802907,0.318571028613502,50.000000000000000,15.928551430675109,0.339499509611134,70.000000000000000,23.764965672779404,0.349289670231076,0.000000000000000,0.000000000000000,0.352485196021537,0.000000000000000,0.000000000000000,0.356797169386431,110.000000000100016,39.247688632543067,39718.000000000000000,49.50,"337",0.008
113.000000000000000,MAMPANG PRAPATAN,KUNINGAN BARAT,JAKARTA SELATAN,"112",113.000000000000000,MAMPANG PRAPATAN,KUNINGAN BARAT,JAKARTA SELATAN,113.000000000000000,132.909185177000012,208.063100230999993,202.446956873999994,159.306860919999991,132.909185177000012,208.547691965000013,202.428051952000004,183.090167478000012,120.796247355999995,172.569442242000008,0.599455040872000,0.524069028156000,0.519527702089000,0.567665758401000,0.615803814714000,0.534059945504000,0.696639418710000,0.711171662125000,0.861035422343000,0.809264305177000,110.897410359000006,227545.307788000005530,15441.638813100002153,15680.273942300000272,15664.911165800000163,16126.818647699999929,16268.156192000000374,16246.648304899999857,16327.558928099999321,16299.905930299999454,16191.342309199999363,15282.890122000000702,0.136643067175000,0.155570037656000,0.137414631822000,0.140920533928000,0.126947608094000,0.141156471660000,0.151831855196000,0.160615539762000,0.137306123092000,0.142890984840000,3555.034065729999838,-0.018301653390100,-0.050440052711800,21.251818366799998,198175.615921999997227,45.157566911600000,53.883944898499998,55.250043738800002,53.256650030800003,45.418995470100000,38.797239210299999,40.376455222499999,47.060372817100003,49.494828797799997,-0.137877654267000,-0.155523405746000,-0.136413334602000,-0.141646091342000,-0.129781227141000,-0.142618961742000,-0.150734292568000,-0.157857337975000,-0.138463720527000,-0.144352364691000,0.000000000000000,37.681235968000003,40.139676192600000,40.321890359400001,40.581993958200002,39.954731409799997,39.797015992500000,39.511595349499999,40.591605186499997,38.546798030399998,-0.008710050313750,-0.021830609739300,-0.015252638803000,-0.007431160311140,-0.013684653583700,-0.015660636908700,-0.023575629203400,-0.009565212747120,-0.016489909136900,4494.758956009999565,12560.047339500000817,-0.020409033938700,3326.475540909999836,0.972885727565000,207.921508442000004,2.188774310480000,0.229800782258000,0.002011503802660,1.000000000000000,1.000000000000000,0.000000000000000,0.000000000000000,2.000000000000000,1.000000000000000,1.000000000000000,2.000000000000000,0.000000000000000,15.000000000000000,100.000000000000000,0.000000000000000,0.000000000000000,45.000000000000000,40.000000000000000,15.000000000000000,85.000000000000000,0.000000000000000,0.081450032658393,0.037099934683214,0.063746322327558,0.037986270022883,0.076336847453321,0.038867013844786,0.070007554772098,0.042558549483757,0.071234949252979,0.040975855764988,0.069752854096098,0.043532806423284,0.068174677976751,0.046371347785108,0.064393699791258,0.050730596495667,0.060849752043962,0.051936737702721,0.484193337687786,0.483295194508009,0.488123967991871,0.488919667590028,0.489819075836853,0.489587253795007,0.490543512409676,0.491302422670631,0.491690121967565,0.280186101469611,0.278486517831255,0.264347330148998,0.245283018867925,0.236884726427716,0.245587106676899,0.245176174496644,0.248285514345696,0.261811749097074,0.118549967341607,0.101732592350441,0.115203861298107,0.112566104255855,0.112210805017967,0.113285660519382,0.114546025761859,0.115124296286925,0.112786489746683,0.331323161617213,15.000000000000000,4.969847424258202,0.278609575458294,100.000000000000000,27.860957545829372,0.329730280981162,0.000000000000000,0.000000000000000,0.307412026077379,0.000000000000000,0.000000000000000,0.303127378660864,90.000000000000000,27.281464079477789,0.313772635192816,40.000000000000000,12.550905407712641,0.322612219501919,15.000000000000000,4.839183292528782,0.332106434000069,170.000000000000000,56.458093780011779,0.342419679957576,0.000000000000000,0.000000000000000,14922.000000000000000,49.17,"113",0.008
114.000000000000000,PASAR MINGGU,CILANDAK TIMUR,JAKARTA SELATAN,"113",114.000000000000000,PASAR MINGGU,CILANDAK TIMUR,JAKARTA SELATAN,114.000000000000000,146.355517287999987,232.058390427000006,223.292777583000003,174.318094746000014,146.355517287999987,225.312032947999995,217.774188960999993,203.141661274999990,131.759487766000007,188.880859783000005,0.524495677233000,0.409221902017000,0.390970220941000,0.473102785783000,0.513688760807000,0.388088376561000,0.593179634966000,0.617195004803000,0.769932756964000,0.709414024976000,219.570976809999991,938056.030844999942929,7640.807115960000374,7756.053482559999793,7770.088168890000816,8298.817986629999723,8542.265814910000699,8539.566836770000009,8498.812266839999211,8458.597492549999515,8371.690396419999161,8009.757427769999595,0.168442525234000,0.194502774124000,0.183445067082000,0.178378280062000,0.165496020093000,0.189108198850000,0.184665830690000,0.193788952770000,0.176489408765000,0.181744719352000,3558.072011769999790,-0.020851262753300,0.012352900313200,57.543532477500001,474705.275151000008918,19.105385058800000,21.451733489999999,29.312026833000001,33.142536813800000,23.937566647899999,24.952097478799999,22.764630360500000,28.846002879899999,31.488335456300000,-0.170953861158000,-0.198099423067000,-0.181639028067000,-0.176817768673000,-0.164622085368000,-0.189398479075000,-0.182941719789000,-0.190904998142000,-0.175723995290000,-0.184818872303000,0.000000000000000,38.032594718299997,39.499882042700001,40.042744789200000,40.622607577899998,39.551399915700003,39.522896717300000,39.433766110900002,40.733705138399998,38.486633216500003,-0.017803766848600,-0.035534080059800,-0.024602852631800,-0.019338006701500,-0.036968309600000,-0.029927081124600,-0.035571115831000,-0.022992485904100,-0.031804494870700,5285.385334229999899,18696.541124600000330,-0.036068268918000,2753.541717349999999,0.969367639673000,424.540361985000004,2.232542932650000,0.251120264174000,0.001521683624850,3.000000000000000,4.000000000000000,2.000000000000000,1.000000000000000,3.000000000000000,1.000000000000000,3.000000000000000,1.000000000000000,10.000000000000000,51.666666666700003,41.250000000000000,70.000000000000000,40.000000000000000,43.333333333299997,30.000000000000000,28.333333333300001,40.000000000000000,41.500000000000000,0.088874969551449,0.035007133660438,0.068081558928758,0.036090173330091,0.079452322102251,0.036164953818134,0.074976303317536,0.038262243285940,0.074494310998736,0.037831858407080,0.071961637397186,0.038648416907491,0.070899808551372,0.040331844288449,0.067573666903088,0.045876587787736,0.063685682515079,0.047848502207096,0.481713470438807,0.482719094098440,0.480128788864316,0.480821484992101,0.480720606826802,0.482231890501445,0.484460753031270,0.484428396414985,0.479799171075243,0.212317601685818,0.217121106191253,0.208995877502945,0.201299392906593,0.197286862890943,0.205823863636364,0.214331527936146,0.224808422258827,0.234086930611941,0.123882103211887,0.104171732258849,0.115617275920385,0.113238546603476,0.112326169405816,0.110610054304677,0.111231652839821,0.113450254690824,0.111534184722175,0.259019067632329,155.000000000099988,40.147955483036966,0.217027469160081,165.000000000000000,35.809532411413429,0.223477319667243,140.000000000000000,31.286824753414042,0.213199370757705,40.000000000000000,8.527974830308208,0.205890419477028,129.999999999899984,26.765754531993007,0.219523589651505,30.000000000000000,6.585707689545152,0.243842454493710,84.999999999899998,20.726608631940994,0.260669332697805,40.000000000000000,10.426773307912216,0.236855821360457,415.000000000000000,98.295165864589762,29677.000000000000000,47.98,"67",0.002
115.000000000000000,PASAR MINGGU,RAGUNAN,JAKARTA SELATAN,"114",115.000000000000000,PASAR MINGGU,RAGUNAN,JAKARTA SELATAN,115.000000000000000,148.280761799000004,234.161257489999997,224.987510555000000,175.591295997000003,148.280761799000004,227.145988703000000,219.286313505999999,204.445193004999993,133.165133386999997,190.717802053000014,0.451060662449000,0.382954968366000,0.380908075921000,0.410308894678000,0.444733903982000,0.382954968366000,0.515816896167000,0.525493114998000,0.625418682546000,0.576479344994000,170.838829680000003,1109415.200380000052974,9342.535603020000053,9473.692726370001765,9499.882247809999171,9954.322823779999453,10146.868185400000584,10233.398364200000287,10281.377567499999714,10354.289195200000904,10366.022100800000771,10019.901385499999378,0.187839080658000,0.209637878452000,0.199646469303000,0.195929021168000,0.184057638735000,0.204461686304000,0.202821706921000,0.205215237526000,0.191612171411000,0.201337355160000,2531.251359249999950,-0.020473400908700,0.006498731212290,29.570685281900001,78068.272533399998792,17.757030348200001,20.210761212900000,23.843009585899999,26.438309825600001,19.987147832200002,21.091669204599999,19.728740345500000,23.881912252999999,25.538988137000000,-0.185428110324000,-0.209941587573000,-0.194795024848000,-0.190598812503000,-0.178717832451000,-0.201995246744000,-0.199591841800000,-0.199877521810000,-0.186930252983000,-0.199631061880000,0.000000000000000,37.815665701599997,39.516112135800000,39.895604411000001,40.408657513599998,39.537216203100002,39.274842674900000,39.542153494099999,40.536924911100002,38.322013473699997,-0.034330087741900,-0.046578902230200,-0.039144320219000,-0.033554934948900,-0.047880066494900,-0.042362955175400,-0.047190009775400,-0.034851623513500,-0.047519845937700,0.000000000000000,19462.245446000000811,-0.048934122312700,2778.870646939999915,0.976177347838000,454.571328509000011,2.334691709280000,0.228331359660000,0.002045927406540,2.000000000000000,5.000000000000000,1.000000000000000,0.000000000000000,7.000000000000000,1.000000000000000,1.000000000000000,0.000000000000000,2.000000000000000,40.000000000000000,44.000000000000000,20.000000000000000,0.000000000000000,20.000000000000000,50.000000000000000,25.000000000000000,0.000000000000000,25.000000000000000,0.078090098856625,0.044540770064356,0.060495787570023,0.047152750209519,0.073140956831050,0.047567931636884,0.070307660540987,0.050567829857526,0.070327375468337,0.050508773007391,0.069652755135311,0.050823280078252,0.068231485228652,0.051861594496155,0.065627779125232,0.056532460182715,0.061663599866176,0.059488959518233,0.493221575955946,0.493560054695426,0.495569447075414,0.495498657856700,0.497123436316361,0.498981089012064,0.498664508296236,0.498281995310858,0.497971729675477,0.234120144873236,0.231723969763472,0.225570281786294,0.217052122885744,0.215238051826697,0.224285714285714,0.230247038460674,0.233974932855864,0.241266626777742,0.122630868920981,0.107648537779542,0.120708888467934,0.120875490398513,0.120836148475728,0.120476035213563,0.120093079724807,0.122160239307947,0.121152559384409,0.349235428463358,80.000000000000000,27.938834277068633,0.308333080740443,220.000000000000000,67.833277762897453,0.349450737567253,20.000000000000000,6.989014751345070,0.340494460637927,0.000000000000000,0.000000000000000,0.348449748823297,140.000000000000000,48.782964835261630,0.368408172407357,50.000000000000000,18.420408620367866,0.371709772626011,25.000000000000000,9.292744315650266,0.378870292738639,0.000000000000000,0.000000000000000,0.381924939704800,50.000000000000000,19.096246985240004,47824.000000000000000,49.80,"19",0.000
116.000000000000000,PASAR MINGGU,PEJATEN TIMUR,JAKARTA SELATAN,"115",116.000000000000000,PASAR MINGGU,PEJATEN TIMUR,JAKARTA SELATAN,116.000000000000000,143.817865750999999,224.020965518999986,216.127341169999994,168.931672456999991,143.817865750999999,221.107885348999986,213.630758168999989,195.900495229000001,128.764324703000000,184.677071780999995,0.790237874575000,0.745443311708000,0.736484399135000,0.778807537844000,0.775100401606000,0.776953969725000,0.827309236948000,0.824837812790000,0.879827000309000,0.851096694470000,76.585671458199997,1026352.882209999952465,22866.457476299998234,23004.756373299998813,23249.119085999995150,24226.916550699999789,24810.960764799998287,25054.283636200001638,25185.996871399998781,25354.451166999999259,25355.491008299999521,24691.379011699998955,0.132500021423000,0.148794032843000,0.143260802375000,0.139121593582000,0.135123602184000,0.140506171768000,0.145430003321000,0.142833474875000,0.134992688936000,0.142564193746000,289.554428896999980,-0.019811998633300,0.011294685318200,73.010942091700002,2439611.015970000065863,19.727697379599999,20.660443482500000,24.337101253299998,26.010924908300002,20.258145229299998,21.828604582600001,20.441995224700001,25.259744228999999,27.787231748800000,-0.148886211750000,-0.169368861382000,-0.156753182471000,-0.152622242616000,-0.145977606712000,-0.158265080463000,-0.161668203132000,-0.158175421890000,-0.150348025791000,-0.158843956615000,0.000000000000000,39.073671304500003,40.674206460999997,40.896380759300001,41.319937769600003,40.368282401700000,40.134738705899998,40.400457927600002,40.985641269200002,39.130562354299997,0.018542262496300,0.007356896624680,0.017899524759200,0.016567136936400,0.019556388588600,0.018739703310400,0.011734961068000,0.022829347298000,0.013350630305100,0.000000000000000,17284.543546299999434,0.011762070555700,3193.811547169999812,0.982905731678000,318.387951810000004,2.966915714120000,0.351904876983000,0.004457802336490,1.000000000000000,5.000000000000000,1.000000000000000,1.000000000000000,1.000000000000000,2.000000000000000,5.000000000000000,1.000000000000000,10.000000000000000,35.000000000000000,28.000000000000000,40.000000000000000,15.000000000000000,30.000000000000000,30.000000000000000,60.000000000000000,30.000000000000000,75.000000000000000,0.085038420973331,0.037968961880368,0.064897502795378,0.039821095788297,0.078788485750258,0.041118232803022,0.074628742264009,0.043922269876084,0.073959298866954,0.043564876942019,0.073889049447449,0.043722389661864,0.073425474032454,0.045318459582496,0.069745188101487,0.049212598425197,0.065023302824415,0.051729462631254,0.495510019587163,0.496459187476705,0.496809545610622,0.497380589821321,0.498609631586957,0.499662827023382,0.499501018469152,0.499029418197725,0.497669717558538,0.245309874129712,0.252338001029883,0.239696382428941,0.228637340908021,0.223942240509277,0.231753766442042,0.243573058137220,0.254855958928109,0.264104597111453,0.123007382853699,0.104718598583675,0.119906718553280,0.118551012140093,0.117524175808973,0.117611439109313,0.118743933614950,0.118957786526684,0.116752765455669,0.376083045949190,35.000000000000000,13.162906608221666,0.339926648160144,140.000000000000000,47.589730742420102,0.369774039701183,40.000000000000000,14.790961588047303,0.357970280578184,15.000000000000000,5.369554208672766,0.357795812944716,30.000000000000000,10.733874388341469,0.372722911423841,60.000000000000000,22.363374685430475,0.387236377230534,300.000000000000000,116.170913169160229,0.396802967763518,30.000000000000000,11.904089032905537,0.392244658240082,750.000000000000000,294.183493680061417,71236.000000000000000,49.77,"0",0.000
117.000000000000000,PASAR MINGGU,PASAR MINGGU,JAKARTA SELATAN,"116",117.000000000000000,PASAR MINGGU,PASAR MINGGU,JAKARTA SELATAN,117.000000000000000,146.155811193000005,228.727449341000010,220.208515801000004,171.997012355000010,146.155811193000005,224.072188318999991,216.346389584999997,199.782928301999988,130.893538911999997,187.631244982999988,0.722966934763000,0.670688114388000,0.658176943700000,0.728328865058000,0.769436997319000,0.710455764075000,0.841376228776000,0.857908847185000,0.940571939231000,0.902144772118000,76.973353443899995,697561.328286999952979,14306.161960100000215,14240.882877800000642,14294.612584000000425,14988.077296800000113,15222.077699499999653,15249.193626000000222,15383.266818100000819,15397.829074999999648,15396.824781400000575,14850.991223999999420,0.142466255221000,0.160715419205000,0.149075677032000,0.146407190439000,0.135809529247000,0.147324740892000,0.146952586931000,0.144504160639000,0.135539345453000,0.143750846561000,900.220011820999957,-0.019800036005500,0.010108257094500,15.294970087799999,58039.904761400001007,21.338756290999999,23.512114370799999,26.965734784799999,29.697422958899999,21.508014316600001,22.879144851100001,22.580126533400001,25.496761777300001,29.016739638699999,-0.151636090762000,-0.175352147726000,-0.155934907586000,-0.155771727828000,-0.143557250182000,-0.159903127287000,-0.157780646028000,-0.153324505632000,-0.147552367125000,-0.156095013487000,1.000000000000000,38.593260169499999,40.424917987100002,40.840550692900003,41.215297866000000,40.521512627200003,40.022230180999998,40.495133818299998,41.273996962500000,38.963965911700001,0.003520615794480,-0.005836133060920,0.005110760617190,0.010202218522000,0.004578673258740,0.008393595874610,-0.000613674247054,0.014454944138900,0.002429242754460,0.000000000000000,18368.396667699998943,-0.002235215912660,2660.280982140000106,0.983275173040000,258.287292031999982,2.669194128920000,0.345586102372000,0.002962665756640,1.000000000000000,2.000000000000000,2.000000000000000,0.000000000000000,0.000000000000000,1.000000000000000,0.000000000000000,0.000000000000000,6.000000000000000,10.000000000000000,25.000000000000000,15.000000000000000,0.000000000000000,0.000000000000000,50.000000000000000,0.000000000000000,0.000000000000000,15.833333333300001,0.071791255289140,0.062658674188998,0.055678504935539,0.064917272631468,0.068413294023050,0.064995979630126,0.066108068879066,0.068747113544897,0.066056375131718,0.066912539515279,0.066427289048474,0.064468744899625,0.065973128098095,0.065647012783720,0.061378905485617,0.068814819646468,0.057075232459848,0.070126796280642,0.493406205923836,0.495837285277690,0.498090324309837,0.499769083591740,0.500658587987355,0.502823567814591,0.503424210800939,0.503815798056226,0.503567202028741,0.214299783336616,0.221062362774932,0.215860014892033,0.208142977230364,0.206646767617938,0.213991620918810,0.214105430157929,0.218267365850154,0.228638184245661,0.134449929478138,0.120595777567007,0.133409273653176,0.134855182423963,0.132968914646997,0.130896033948099,0.131620140881815,0.130193725132085,0.127202028740490,0.361407409101910,10.000000000000000,3.614074091019104,0.346041259554352,50.000000000000000,17.302062977717583,0.388989733184367,30.000000000000000,11.669691995531023,0.395069635326374,0.000000000000000,0.000000000000000,0.393859759153533,0.000000000000000,0.000000000000000,0.409286054152880,50.000000000000000,20.464302707643977,0.415047674113968,0.000000000000000,0.000000000000000,0.417982905353258,0.000000000000000,0.000000000000000,0.419301772584813,94.999999999799996,39.833668395473410,29575.000000000000000,50.36,"11",0.000
118.000000000000000,PASAR MINGGU,JATI PADANG,JAKARTA SELATAN,"117",118.000000000000000,PASAR MINGGU,JATI PADANG,JAKARTA SELATAN,118.000000000000000,145.602512780000012,228.715286832999993,220.288941883000007,172.058836328000012,145.602512780000012,223.743791292999987,216.113345014999993,200.012176027000010,130.625375197000011,187.284828037000011,0.747587230883000,0.698589458055000,0.708240534521000,0.734966592428000,0.751299183370000,0.705270972532000,0.812175204157000,0.842242019302000,0.907943578322000,0.871195248701000,98.175903614500001,888992.933504999964498,17586.155159099998855,17889.264092199999141,17962.227040400000988,18906.576055000001361,19220.942128700004105,19459.843667499997537,19546.148411900001520,19491.113502399999561,19342.269088199998805,18618.893573699999251,0.144255471877000,0.158283495718000,0.148439006892000,0.149165524941000,0.139940036082000,0.153833076181000,0.152530035729000,0.150829335253000,0.143244396237000,0.148109159075000,1699.936373929999945,-0.018950251901300,0.009397724283140,16.856165843300001,101966.145816999996896,19.848085022799999,21.908687320399999,24.993301745000000,27.636974409099999,20.657546519200000,21.816301075399998,22.262319814500000,25.054590575799999,27.928741928699999,-0.154642129499000,-0.173524923168000,-0.154704128032000,-0.157488987469000,-0.145704664390000,-0.164794611913000,-0.162474761086000,-0.158956607111000,-0.152016683238000,-0.159314602694000,0.000000000000000,38.810205064700000,40.220024845799998,40.560409501499997,40.940956688100002,40.242057694400003,39.855566080599999,40.222916190299998,41.215032380099998,38.696807413499997,0.007445590440700,0.001206318096870,0.007577158153960,0.009503780277310,0.004490996990450,0.009118798342200,0.005213979542260,0.012459527255700,0.003549607807870,9899.309590900000330,18210.905899900000804,0.002140521047210,3218.285251440000138,0.981198968094000,319.636891456000001,2.464990074340000,0.362190081518000,0.003392149388150,2.000000000000000,5.000000000000000,1.000000000000000,2.000000000000000,4.000000000000000,2.000000000000000,3.000000000000000,1.000000000000000,6.000000000000000,42.500000000000000,46.000000000000000,30.000000000000000,23.333333333300001,28.750000000000000,32.500000000000000,21.666666666699999,40.000000000000000,30.000000000000000,0.080616216468175,0.044678024564756,0.062880089132352,0.048024697089272,0.076565153152358,0.047897325071118,0.072080865924817,0.051126873603609,0.072160089128851,0.050820585336590,0.071329536485996,0.051492075680980,0.069156559498599,0.054482448822435,0.064213657527160,0.058738575616486,0.059833844638019,0.062632957878944,0.499522222481180,0.499791096049394,0.502238295807881,0.503091039239930,0.503942237648370,0.504639406156012,0.504353034289504,0.504375754440421,0.504489777638444,0.225819207550154,0.224016871994033,0.219596184813576,0.214632370783790,0.209418693736832,0.217041724154337,0.231023573348557,0.242928016028240,0.255935960591133,0.125294241032931,0.110904786221624,0.124462478223476,0.123207739528426,0.122980674465441,0.122821612166976,0.123639008321034,0.122952233143646,0.122466802516963,0.386354906489426,85.000000000000000,32.840167051601220,0.347251722823074,230.000000000000000,79.867896249307123,0.394224660890884,30.000000000000000,11.826739826726524,0.390842226500803,46.666666666600001,18.239303903344734,0.389962118782096,115.000000000000000,44.845643659940997,0.401840409101970,65.000000000000000,26.119626591628084,0.417016209327867,65.000000000100002,27.106053606353040,0.427839433452230,40.000000000000000,17.113577338089211,0.440928968953050,180.000000000000000,79.367214411548915,44657.000000000000000,50.45,"9",0.000
119.000000000000000,PASAR MINGGU,PEJATEN BARAT,JAKARTA SELATAN,"118",119.000000000000000,PASAR MINGGU,PEJATEN BARAT,JAKARTA SELATAN,119.000000000000000,141.879787470999986,222.273124634999988,214.772571967000005,167.931414996999990,141.879787470999986,219.338276223000008,212.123593156999988,194.925365112000009,127.459229832000005,182.895964786000008,0.666186220813000,0.597290285385000,0.605073508216000,0.671663303546000,0.687806284232000,0.623522629000000,0.786970308446000,0.798789276449000,0.898818103200000,0.850100893629000,114.701297374999996,1087085.007609999971464,13562.487055999999939,13766.055853699999716,13874.820681799999875,14501.760631200000716,14798.510042699999758,14952.404157699998905,15071.558461900000111,15097.207481099998404,15035.844637700000021,14489.423128300000826,0.142179510885000,0.157823340024000,0.147559648807000,0.146023050050000,0.138456663602000,0.151548530802000,0.152856547018000,0.152363204176000,0.142766101268000,0.148871491290000,1613.136936350000042,-0.019530029937500,0.010559928024000,28.512788841700001,166991.551257999992231,19.978083664400000,21.043428326200001,25.052609941600000,25.353931975900000,20.218246442700000,21.691909108299999,22.395486495299998,25.982017227600000,28.350912519200001,-0.151838053595000,-0.171304602212000,-0.152304721564000,-0.153519598755000,-0.144218789363000,-0.160932255690000,-0.161834369937000,-0.160839586718000,-0.150529743799000,-0.159205969999000,0.000000000000000,39.690852198400002,40.664445670100001,40.846834704300001,41.061413517500000,40.039103648299999,39.950588238599998,40.224450932800003,40.832862211299997,39.017031201800002,-0.000513616848333,-0.008427538535990,0.000265762293747,0.002064864089020,-0.004425820365420,-0.000271904247041,-0.005626902472730,0.006337441828650,-0.003582146746230,0.000000000000000,16515.702019799999107,-0.008207277439760,3064.606896920000054,0.972911015750000,426.106286785000009,2.311322568880000,0.347793404117000,0.003130473791360,3.000000000000000,3.000000000000000,2.000000000000000,0.000000000000000,4.000000000000000,7.000000000000000,2.000000000000000,1.000000000000000,5.000000000000000,41.666666666700003,53.333333333299997,15.000000000000000,0.000000000000000,37.500000000000000,35.000000000000000,17.500000000000000,15.000000000000000,29.000000000000000,0.077407486025614,0.045779381589188,0.059389259389259,0.048016848016848,0.073971253302288,0.047911162853177,0.071281263712154,0.051711276875823,0.071329309071959,0.050614496026404,0.070959264126150,0.052023868507787,0.069698924731183,0.054387096774193,0.066420504847660,0.058452635442983,0.062046248991664,0.060858653759971,0.497146226415094,0.497461097461097,0.499686562486007,0.500351031154015,0.499413731706258,0.500398526528942,0.501806451612903,0.503573665003995,0.503786860267097,0.234955423476969,0.233760540498723,0.224816310153723,0.215764077693683,0.209255046226826,0.215891370582732,0.226976833237603,0.235636311404769,0.246609185463350,0.123186867614802,0.107406107406107,0.121882416155465,0.122992540587977,0.121943805098363,0.122983132633937,0.124086021505376,0.124873140290643,0.122904902751635,0.375704288665041,125.000000000100016,46.963036083167715,0.333766339253436,159.999999999900012,53.402614280516389,0.377094482368549,30.000000000000000,11.312834471056467,0.374636132681109,0.000000000000000,0.000000000000000,0.359195977958232,150.000000000000000,53.879396693734805,0.375036304584082,245.000000000000000,91.883894623100204,0.398331262854492,35.000000000000000,13.941594199907234,0.420423571143343,15.000000000000000,6.306353567150150,0.427974413612909,145.000000000000000,62.056289973871799,44628.000000000000000,50.38,"71",0.002
120.000000000000000,PASAR MINGGU,KEBAGUSAN,JAKARTA SELATAN,"119",120.000000000000000,PASAR MINGGU,KEBAGUSAN,JAKARTA SELATAN,120.000000000000000,151.204512326000014,237.762660868000012,227.914642211000000,177.810798780999988,151.204512326000014,230.039050201000009,221.729535215999988,206.839995065000011,135.386200014999986,193.642926802999995,0.617355107269000,0.554274735831000,0.534422030099000,0.595581171950000,0.609990393852000,0.572206211976000,0.666026256804000,0.696765930195000,0.799871918028000,0.753121998079000,193.781856718999990,916192.775811000028625,17664.169057800001610,17828.797876900000119,18023.261176299998624,19128.934205900000961,19680.332914400001755,20115.988217400001304,20432.305599099996471,20722.742467700001725,20912.173445199998241,20522.527943199998845,0.167294239176000,0.187088900984000,0.179052368136000,0.172883825363000,0.162465562728000,0.180403674566000,0.179255928607000,0.176964506876000,0.166755388650000,0.172925067504000,1386.822095380000064,-0.019844291701200,-0.009350655578860,82.231906581499999,101502.891239999997197,15.688719658200000,18.683087634500001,21.998491641200001,24.711571907100002,18.125318508100001,18.075886646499999,18.487660505499999,21.181120393000000,21.446373190599999,-0.174622389115000,-0.198830766526000,-0.183776792968000,-0.178214156595000,-0.166110943560000,-0.188787767485000,-0.188856739918000,-0.182773765719000,-0.173356348926000,-0.183111108421000,0.000000000000000,37.763303535299997,39.534238735800002,39.756269466699997,40.384002273599997,39.705575582199998,39.323196404999997,39.657263259099999,40.265212167900003,38.127428399499998,-0.008258684761810,-0.020541969058900,-0.009010199490230,-0.005056993084790,-0.014150790015300,-0.010635992189200,-0.013362837210200,-0.001878526006180,-0.012360277773100,0.000000000000000,20583.762619699999050,-0.017345312735200,2544.013101439999900,0.986931001590000,319.949594186000013,2.062178935490000,0.325393836467000,0.004208458838410,3.000000000000000,2.000000000000000,0.000000000000000,0.000000000000000,0.000000000000000,2.000000000000000,0.000000000000000,0.000000000000000,1.000000000000000,26.666666666699999,35.000000000000000,0.000000000000000,0.000000000000000,0.000000000000000,20.000000000000000,0.000000000000000,0.000000000000000,100.000000000000000,0.088790322580645,0.031995967741935,0.070182086516025,0.033685008276660,0.083112539226187,0.034894864423023,0.078774816898321,0.037551825537433,0.077908618194164,0.037632006861676,0.076931196453389,0.038298471227768,0.075592791105098,0.041022705590536,0.071642201519475,0.044724810065661,0.067853014327250,0.047430553122920,0.493004032258064,0.493927125506073,0.496307570889002,0.496356230936421,0.497006951021210,0.498003272170716,0.498291443340098,0.497799855615525,0.497092514099555,0.253588184990871,0.259539767649687,0.253714163913461,0.234833619069258,0.228219200193697,0.239025260736804,0.238386045694886,0.241486008610086,0.251198316511438,0.120786290322580,0.103867094792685,0.118007403649210,0.116326642435754,0.115540625055840,0.115229667681157,0.116615496695634,0.116367011585136,0.115283567450170,0.363423948602333,80.000000000100002,29.073915888223020,0.329671887379955,70.000000000000000,23.077032116596818,0.376328612233908,0.000000000000000,0.000000000000000,0.352203035427128,0.000000000000000,0.000000000000000,0.347107851209262,0.000000000000000,0.000000000000000,0.363764550574868,40.000000000000000,14.550582022994714,0.368602055156012,0.000000000000000,0.000000000000000,0.368178941210459,0.000000000000000,0.000000000000000,0.371141417947530,100.000000000000000,37.114141794752982,57094.000000000000000,49.71,"211",0.004
121.000000000000000,KEBAYORAN LAMA,KEBAYORAN LAMA UTARA,JAKARTA SELATAN,"120",121.000000000000000,KEBAYORAN LAMA,KEBAYORAN LAMA UTARA,JAKARTA SELATAN,121.000000000000000,134.813702183000004,216.266678331000008,209.700441742000010,164.619668757999989,134.813702183000004,212.189123776999992,206.084477803999988,191.294280560999994,123.087319816999994,176.657158162000002,0.759800153728000,0.668716372022000,0.665641813989000,0.682167563413000,0.719830899308000,0.657571099154000,0.751345119139000,0.767102229055000,0.862797847809000,0.830899308224000,115.881789136999998,773191.522425999981351,20812.210047900000063,21339.112393300001713,21387.563183700000081,22346.629275499999494,22845.845454999998765,22876.559795299999678,22895.594034400000965,23149.960683900000731,23156.017032700001437,22248.429905699998926,0.131106413118000,0.151375778344000,0.139199182169000,0.143858208661000,0.136975922811000,0.149249517040000,0.150618611123000,0.151299487421000,0.140384391665000,0.143636011640000,1113.639664089999997,-0.014144966041600,-0.057582829241400,22.136219242500001,770444.841210000100546,21.052277973500001,25.485717914999999,31.112617214699998,32.190743188799999,22.368738330900001,22.091795191199999,25.608172547500001,29.207548579600001,30.921492670399999,-0.141556836823000,-0.160456994325000,-0.143461535183000,-0.150881122365000,-0.142919460639000,-0.157967246572000,-0.157347274813000,-0.159031435850000,-0.146011115026000,-0.152331864948000,1.000000000000000,38.739514816099998,40.456078396999999,40.514425211700001,41.138678764600002,40.736213734499998,40.501482283400001,39.381078717900003,40.443818787300003,39.259313083000002,0.010827527318800,-0.002393857237630,0.000803872252052,0.008432252266090,0.001932020825080,0.003840874815310,-0.000613436150559,0.009104713637780,0.002301157797310,31152.730526300001657,14196.280100699999821,-0.003568470340440,3109.871714410000095,0.989736029994000,305.545897944999979,2.294061608720000,0.327459861681000,0.002378847115740,6.000000000000000,7.000000000000000,1.000000000000000,1.000000000000000,8.000000000000000,9.000000000000000,5.000000000000000,6.000000000000000,8.000000000000000,42.083333333299997,37.142857142899999,10.000000000000000,10.000000000000000,28.750000000000000,30.555555555600002,28.000000000000000,21.666666666699999,22.500000000000000,0.078312520272462,0.042774894583198,0.059911003236246,0.045388349514563,0.073426641113499,0.046228003949126,0.068981840904357,0.050311488136941,0.069588896032676,0.049033697666503,0.068510750859691,0.049692022824321,0.068225137347236,0.050977314347647,0.065479748916455,0.053934389478404,0.062551040248882,0.055415127357573,0.489356957508920,0.489886731391586,0.493253576475599,0.494877961030846,0.495537233841383,0.497071382685259,0.497458608962141,0.497608728142281,0.496947307019249,0.239810513307550,0.242329367564183,0.239602973365408,0.233191327821832,0.229632907657942,0.239219561423796,0.243522885458436,0.248717948717949,0.255663777568008,0.121087414855660,0.105299352750809,0.119654645062625,0.119293329041298,0.118622593699179,0.118202773684012,0.119202451694883,0.119414138394859,0.117966167606455,0.327341718737227,252.499999999799968,82.653783981084402,0.290614490109181,260.000000000300020,75.559767428474359,0.347170024048240,10.000000000000000,3.471700240482398,0.349411132179222,10.000000000000000,3.494111321792220,0.347898432962608,230.000000000000000,80.016639581399858,0.366277796799609,275.000000000400007,100.726394120039103,0.375886236691045,140.000000000000000,52.624073136746262,0.382850860466528,130.000000000200004,49.770611860725211,0.382197095415636,180.000000000000000,68.795477174814437,51430.000000000000000,49.69,"265",0.005
122.000000000000000,KEBAYORAN LAMA,PONDOK PINANG,JAKARTA SELATAN,"121",122.000000000000000,KEBAYORAN LAMA,PONDOK PINANG,JAKARTA SELATAN,122.000000000000000,141.946478842999994,228.487348392000001,220.486637913999999,172.217740770999995,141.946478842999994,221.273791619000008,214.211294307999992,201.427086540999994,128.828820099000012,185.105737280999989,0.510476689366000,0.423127291776000,0.436223153483000,0.473677317968000,0.503797799895000,0.424044002095000,0.588135149293000,0.640911471975000,0.733892090100000,0.688056574123000,67.072627235200002,2050683.146200000075623,9170.198765209999692,9363.486469749999742,9354.506614469999477,9837.799481190000733,10052.579954099997849,10169.318072699999902,10265.741108800000802,10404.708049499999106,10407.063421400000152,10096.890387499999633,0.158331370546000,0.178318110063000,0.164614204110000,0.164696120519000,0.155296932799000,0.175449651282000,0.174470077489000,0.169669874793000,0.165031165596000,0.168423759967000,1117.761856919999900,-0.015155502823200,-0.034312390417400,27.443891372200000,1658339.767340000020340,22.521699047199998,24.897060217000000,26.523253571500000,31.661749920799998,23.427625600700001,21.145681721199999,23.785608873899999,29.944828389600001,30.903055447300002,-0.157997719318000,-0.181265334704000,-0.163351401115000,-0.162638759729000,-0.154921341566000,-0.177119540624000,-0.173865212866000,-0.172021117566000,-0.162776567864000,-0.170265275692000,2.000000000000000,38.431726490300001,39.662124329800001,39.774703053800003,40.614862861100001,39.618166355100001,40.252298500000002,38.400616492399998,40.433397610999997,38.273107963500003,-0.021100714936500,-0.029815611002800,-0.025179836388900,-0.020855238296000,-0.032134680520700,-0.028371822991500,-0.030296829701900,-0.024960935381300,-0.032511935473800,63731.952473199999076,17353.046182199999748,-0.034395539886800,2886.089932490000592,0.987229044318000,402.304290665999986,2.363790537200000,0.297343537860000,0.001588260651020,1.000000000000000,5.000000000000000,2.000000000000000,0.000000000000000,2.000000000000000,0.000000000000000,5.000000000000000,0.000000000000000,2.000000000000000,10.000000000000000,36.000000000000000,17.500000000000000,0.000000000000000,20.000000000000000,0.000000000000000,22.000000000000000,0.000000000000000,55.000000000000000,0.076502216772003,0.059129641857686,0.059343772129987,0.061515461483988,0.070868498234273,0.061575986113605,0.067743494369353,0.066147290113784,0.068905616676317,0.065851187029531,0.068659926865993,0.066293826629383,0.067841933247499,0.069002108122639,0.064672183322724,0.072650116698493,0.061905872747419,0.075013121828891,0.499921391063736,0.500023605319065,0.503785838271383,0.504151595472052,0.504342790966995,0.504954470495447,0.506105066568571,0.506400735554141,0.505759024902315,0.201022357435970,0.203878943621621,0.206315824612355,0.195730406604680,0.193680279445616,0.201335649734623,0.207637831132327,0.212226733291693,0.218891566265060,0.135631858629689,0.120859233613975,0.132444484347878,0.133890784483137,0.134756803705848,0.134953753495376,0.136844041370138,0.137322300021217,0.136918994576310,0.390601925274747,10.000000000000000,3.906019252747472,0.354348170469484,180.000000000000000,63.782670684507103,0.411288788557472,35.000000000000000,14.395107599511508,0.406290024499194,0.000000000000000,0.000000000000000,0.407642689071826,40.000000000000000,16.305707562873039,0.419991668825567,0.000000000000000,0.000000000000000,0.438795482799477,110.000000000000000,48.267503107942474,0.446734804471740,0.000000000000000,0.000000000000000,0.448726914425371,110.000000000000000,49.359960586790855,68588.000000000000000,50.58,"344",0.005
123.000000000000000,KEBAYORAN LAMA,CIPULIR,JAKARTA SELATAN,"122",123.000000000000000,KEBAYORAN LAMA,CIPULIR,JAKARTA SELATAN,123.000000000000000,133.000793391999991,213.380945736000001,207.099346631000003,162.833575284999995,133.000793391999991,209.817903027000000,203.964193848000008,188.896713589999990,121.786852604000003,174.615411531999996,0.829408686552000,0.789638932496000,0.793301936159000,0.821036106750000,0.829408686552000,0.791732077446000,0.856096284668000,0.854526425955000,0.939298796442000,0.902145473574000,72.163820262000002,698746.230571000021882,26251.140958500000124,26931.868350400000054,26977.959267599999293,28305.732227199998306,28997.686893800000689,29317.959677099999681,29550.186990499998501,29653.005190299998503,29751.687025800005358,29051.459630500001367,0.118503092324000,0.133747158895000,0.122115574218000,0.125809044168000,0.124054282340000,0.132616881371000,0.131613401999000,0.133129697730000,0.121386031160000,0.126517233079000,917.544214294999961,-0.011608711649900,-0.061049804927000,30.864464646999998,492087.471419000008609,22.021819243400000,23.386281135099999,29.356281225600000,31.161493793700000,22.110205052700000,22.109467100000000,25.067242466200000,27.033540383900000,28.249141526300001,-0.132647596380000,-0.150912505616000,-0.130093288113000,-0.138655214667000,-0.136618735022000,-0.146148067621000,-0.145248485364000,-0.148165777667000,-0.131865058192000,-0.140695422792000,2.000000000000000,39.134571099900000,40.922070941199998,40.669898171000000,41.387074163800001,40.812529290800001,40.887127026400002,39.594380692500003,40.843088948599998,39.404577913399997,0.024717940417800,0.015748207465800,0.023831519852000,0.029204586507600,0.025302621196300,0.029889389554200,0.024975156325500,0.033561246663200,0.026119020068200,6225.711887510000452,13450.068009099999472,0.017559568314300,3537.871662019999803,0.993456921235000,220.913163520000012,2.218033392600000,0.399735087923000,0.003447362306990,1.000000000000000,3.000000000000000,4.000000000000000,1.000000000000000,5.000000000000000,12.000000000000000,17.000000000000000,11.000000000000000,21.000000000000000,35.000000000000000,36.666666666700003,11.250000000000000,4.166666666670001,26.000000000000000,61.666666666700003,25.441176470599999,32.727272727299997,28.095238095199999,0.079623494306339,0.042367860982513,0.060979082247289,0.043806811959260,0.074401903887103,0.044194396893658,0.071016648666273,0.046400260835898,0.071812959790386,0.045772447848433,0.072048472244441,0.045872660374340,0.071659160655215,0.047487146785700,0.068005322846531,0.050467735208246,0.065067935888048,0.051785859572044,0.495578910415341,0.496834957835944,0.499018830111478,0.499296965744911,0.500292250327522,0.500639897616381,0.502052528795185,0.502214542493396,0.502217069400374,0.240651252694967,0.236696002133488,0.226232806213156,0.218975444345827,0.223526496034607,0.236533226223948,0.245208768731380,0.250209944751381,0.258033237874039,0.121991355288852,0.104785894206549,0.118596300780761,0.117416909502171,0.117585407638819,0.117921132618781,0.119146307440915,0.118473058054777,0.116853795460092,0.368855690408589,35.000000000000000,12.909949164300603,0.325939887990055,110.000000000100016,35.853387678938610,0.365614814920597,45.000000000000000,16.452666671426851,0.356493490138438,4.166666666670001,1.485389542244681,0.367850447831506,130.000000000000000,47.820558218095833,0.384589911081395,740.000000000399950,284.596534200386259,0.405705730159367,432.500000000199975,175.467728294007259,0.410149599109027,360.000000000299963,147.653855679372811,0.414032504961104,589.999999999199986,244.279177926720251,49164.000000000000000,50.22,"213",0.004
124.000000000000000,KEBAYORAN LAMA,GROGOL UTARA,JAKARTA SELATAN,"123",124.000000000000000,KEBAYORAN LAMA,GROGOL UTARA,JAKARTA SELATAN,124.000000000000000,128.855529587999996,204.857020467000012,199.359453244000008,157.586837263000007,128.855529587999996,203.936642667000001,199.226195813000004,180.964705779000013,118.850148720000007,169.295083134000009,0.601722282024000,0.543595263724000,0.526641550054000,0.563509149623000,0.597685683531000,0.513455328310000,0.689181916039000,0.713939720129000,0.826964477933000,0.774488697524000,64.747280074599999,1009204.612459999974817,14778.916876799999955,14972.123118400000749,15047.712414800000261,15692.337934600000153,15989.252690900000744,15907.918607999999949,15834.143454700000802,16038.839269300000524,15999.835192399999869,15214.008866899997884,0.140837159813000,0.151505149289000,0.138895584110000,0.144701375360000,0.141713492383000,0.152950300207000,0.153764594658000,0.154976769255000,0.144144901238000,0.151992209987000,2354.145386780000081,-0.013912682240700,-0.073079843797100,43.064574518299999,251781.205514000001131,25.446363472900000,29.100024560500000,36.482969742599998,37.793942815599998,28.841074066499999,24.749774449899999,29.320593707899999,34.210440832099998,31.750902256100002,-0.146426463202000,-0.161125155612000,-0.141445872846000,-0.147641591295000,-0.145344108101000,-0.157234687100000,-0.157574572243000,-0.159429915952000,-0.146341388339000,-0.156850340890000,1.000000000000000,38.563465459000000,41.178497768900002,40.635808753699997,41.064217491599997,40.661975883399997,40.475533123900000,39.812789753399997,41.003347420099999,38.995807937599999,-0.006497836027720,-0.015308282763200,-0.011513579371900,-0.006275435809160,-0.015820746790800,-0.010166376382100,-0.017475097322900,-0.007220852482800,-0.015660976206900,18170.031155000000581,10808.587754199999836,-0.013605045717800,3144.759357739999814,0.985961660075000,247.979171070999996,1.884597284730000,0.303366073937000,0.001933875290840,4.000000000000000,1.000000000000000,1.000000000000000,0.000000000000000,3.000000000000000,3.000000000000000,4.000000000000000,5.000000000000000,4.000000000000000,21.250000000000000,60.000000000000000,50.000000000000000,0.000000000000000,30.000000000000000,25.000000000000000,28.750000000000000,27.000000000000000,27.500000000000000,0.079284300658346,0.045942889454340,0.061384825590741,0.047681240958045,0.073314065510597,0.048246628131021,0.069626716084868,0.051870201580878,0.070590918594264,0.050386786535647,0.070461532586072,0.051671790563119,0.068921313576896,0.054650680541417,0.063911408432073,0.059205926261882,0.061051711117294,0.061628045629795,0.493154004604386,0.493610352033435,0.496069364161850,0.496747475511516,0.496835382890160,0.496954305027784,0.496814085887720,0.497042538314719,0.496601613736635,0.253542625415774,0.252189180779660,0.247266610597140,0.234734555271983,0.235214370445687,0.244308528712198,0.248231699660988,0.249665691600501,0.256288998357964,0.125227190112686,0.109066066548786,0.121560693641618,0.121496917665746,0.120977705129911,0.122133323149191,0.123571994118313,0.123117334693955,0.122679756747089,0.376287965066178,85.000000000000000,31.984477030625108,0.334024255837252,60.000000000000000,20.041455350235125,0.377670548986946,50.000000000000000,18.883527449347284,0.368461017400992,0.000000000000000,0.000000000000000,0.368103911588890,90.000000000000000,33.129352043000083,0.381532596846079,75.000000000000000,28.614944763455952,0.388688806971670,115.000000000000000,44.699212801742043,0.390373591958043,135.000000000000000,52.700434914335766,0.393461756982021,110.000000000000000,43.280793268022272,50318.000000000000000,49.66,"5",0.000
125.000000000000000,KEBAYORAN LAMA,GROGOL SELATAN,JAKARTA SELATAN,"124",125.000000000000000,KEBAYORAN LAMA,GROGOL SELATAN,JAKARTA SELATAN,125.000000000000000,131.296644751000002,209.669068102000011,203.713789917000014,160.536903833999986,131.296644751000002,207.373172678999993,202.031427323999992,185.397144203000011,120.486418729999997,172.365364832000012,0.667901234568000,0.629629629630000,0.643827160494000,0.662654320988000,0.662345679012000,0.625925925926000,0.737037037037000,0.767901234568000,0.862654320988000,0.818827160494000,124.161751563999999,955528.197133000008762,17274.557798500001809,17557.775685000000522,17616.707191400000738,18437.588409600000887,18764.138286099998368,18952.719106500000635,19053.249323299998650,19165.565841299998283,19138.526679599999625,18580.410648599998240,0.142848684480000,0.152998000378000,0.137555469539000,0.146300047089000,0.141392356290000,0.153235919226000,0.152965317019000,0.150383208932000,0.140291186670000,0.145176065308000,1902.029752729999927,-0.014191293391300,-0.059393496476400,50.839404668500002,764673.104572999873199,24.577358575600002,27.843561403500001,32.690732204100001,33.625183286400002,25.337980938299999,24.312388412400001,27.923704240199999,31.392122329399999,30.442958003699999,-0.150959608773000,-0.164548487419000,-0.141557173948000,-0.152400959772000,-0.148193194513000,-0.159754113478000,-0.160111410693000,-0.159606173409000,-0.147050836948000,-0.154324646011000,0.000000000000000,38.706663089999999,40.901394097500003,40.467973923400002,40.977328699300003,40.676759973400003,40.469648062399997,39.675856179500002,40.799449182499998,38.834090849600003,0.001887353351970,-0.004600453754040,0.001876268193330,0.003578091179130,-0.001789543444810,0.000260082986271,-0.000994672182444,0.006991432091130,-0.001474694939130,0.000000000000000,12306.616579999999885,-0.004828608839410,3597.483632009999837,0.981850802746000,274.449063260999992,1.760658901510000,0.324674946408000,0.002283430738530,1.000000000000000,0.000000000000000,0.000000000000000,0.000000000000000,1.000000000000000,4.000000000000000,2.000000000000000,2.000000000000000,1.000000000000000,20.000000000000000,0.000000000000000,0.000000000000000,0.000000000000000,50.000000000000000,40.000000000000000,15.000000000000000,22.500000000000000,50.000000000000000,0.078955161997275,0.043001836166558,0.060390798717015,0.045199630059623,0.072762141124711,0.045349427491680,0.069241995972584,0.048994069722330,0.070473542699321,0.048872386735683,0.070065316667576,0.049742554081837,0.069510011395084,0.051476839039919,0.066329765074535,0.057200818707095,0.063788503516857,0.058769753167037,0.491816225394381,0.492551998268364,0.494274916802978,0.494910306859539,0.495088983593364,0.495988210250532,0.496228769873569,0.496531362640149,0.495494318923860,0.266596909924752,0.271921053775595,0.266725518632953,0.249413990212608,0.241819145034435,0.246570901797111,0.255597165176774,0.264135783870644,0.274947906995936,0.121956998163833,0.105590428776638,0.118111568616391,0.118236065694914,0.119345929435004,0.119807870749413,0.120986850435003,0.123530583781630,0.122558256683894,0.372996233647539,20.000000000000000,7.459924672950772,0.338925866936219,0.000000000000000,0.000000000000000,0.377838435119601,0.000000000000000,0.000000000000000,0.363841148235930,0.000000000000000,0.000000000000000,0.359935497151337,50.000000000000000,17.996774857566848,0.371706654137362,160.000000000000000,59.473064661977901,0.385873469375232,30.000000000000000,11.576204081256973,0.403592584945216,45.000000000000000,18.161666322534717,0.405989908568478,50.000000000000000,20.299495428423917,53599.000000000000000,49.55,"25",0.000
126.000000000000000,KEBAYORAN LAMA,KEBAYORAN LAMA SELATAN,JAKARTA SELATAN,"125",126.000000000000000,KEBAYORAN LAMA,KEBAYORAN LAMA SELATAN,JAKARTA SELATAN,126.000000000000000,136.727656303000003,219.333305399000011,212.446178357000008,166.519859513000000,136.727656303000003,214.673756787000002,208.301627787999990,193.832698940999990,124.505853486999996,178.825693446000002,0.811345079502000,0.747743876235000,0.760636012033000,0.771809196390000,0.794155565105000,0.751181779115000,0.835410399656000,0.844005156854000,0.920928233777000,0.877094972067000,153.256618483000011,772187.929188000038266,21832.953824799998984,22722.596584299997630,22786.349485700000514,23789.008752099998674,24343.465803099999903,24428.469671599999856,24590.266807500000141,24715.840704099999130,24731.295952899999975,23634.939240600004268,0.128950560461000,0.142989579359000,0.133201384950000,0.136279313503000,0.128995229657000,0.143309975455000,0.142829401887000,0.142859816457000,0.133136923855000,0.137656933195000,1097.206351889999951,-0.012896723060400,-0.052404891262900,26.525258513400001,512143.344958000001498,22.264114831800001,25.005796624100000,30.658434229299999,31.901158814599999,21.918370023800001,21.537019075700002,24.710011806499999,30.014839875600000,32.302634539400003,-0.141871779992000,-0.154896810155000,-0.140204900700000,-0.144673879292000,-0.136085203594000,-0.152842566718000,-0.153580957775000,-0.153068929558000,-0.141191009768000,-0.148066978018000,0.000000000000000,39.219547286699999,40.069962989099999,40.450536875499999,41.027424707800002,40.993936071000000,40.167790452699997,39.334040403000003,40.542695950999999,39.400327443700000,0.016613960302400,0.009449389409650,0.012496683935700,0.018541160716400,0.013369035235300,0.017421823854600,0.011230957613000,0.018978727728700,0.012938713237000,0.000000000000000,14999.448966699999801,0.005710815993700,3263.869717809999656,0.993088280382000,274.837925803000019,2.511350614730000,0.359217750571000,0.002849556360920,4.000000000000000,0.000000000000000,0.000000000000000,2.000000000000000,0.000000000000000,0.000000000000000,0.000000000000000,0.000000000000000,0.000000000000000,16.250000000000000,0.000000000000000,0.000000000000000,27.500000000000000,0.000000000000000,0.000000000000000,0.000000000000000,0.000000000000000,0.000000000000000,0.076582991476608,0.049418666439943,0.059666376989762,0.052290213866339,0.070632423104253,0.052664704090955,0.064619169493879,0.055453048429657,0.066173708456079,0.054904209256806,0.065954354401540,0.055289311387830,0.065814671512878,0.057275178801735,0.063117603405851,0.060090614381127,0.060078469838156,0.062019780938368,0.493867834293366,0.495071959982195,0.497330220282205,0.496855345911950,0.497439648866130,0.499214361472287,0.500625317544065,0.501230324571339,0.501307830635933,0.235076054721133,0.236647109698230,0.230273278436341,0.223113435590911,0.219812478093235,0.230238980581469,0.238014884042921,0.247636888228581,0.255354940002243,0.126001657916551,0.111956590856101,0.123297127195208,0.120072217923536,0.121077917712885,0.121243665789370,0.123089850314613,0.123208217786978,0.122098250776524,0.363310651820961,65.000000000000000,23.615192368362493,0.334430558359297,0.000000000000000,0.000000000000000,0.372199865163545,0.000000000000000,0.000000000000000,0.353036198729280,55.000000000000000,19.416990930110394,0.355861330822305,0.000000000000000,0.000000000000000,0.378182911771681,0.000000000000000,0.000000000000000,0.400017794568388,0.000000000000000,0.000000000000000,0.414184968223144,0.000000000000000,0.000000000000000,0.419792443804886,0.000000000000000,0.000000000000000,48936.000000000000000,50.13,"241",0.005
127.000000000000000,CILANDAK,CILANDAK BARAT,JAKARTA SELATAN,"126",127.000000000000000,CILANDAK,CILANDAK BARAT,JAKARTA SELATAN,127.000000000000000,145.853650504000001,233.064788517000011,224.287518674000012,175.032782206000007,145.853650504000001,225.344262544000003,217.968341978000012,204.469435994000008,131.737644053999986,188.979015159999989,0.614236163475000,0.498718142060000,0.495551198914000,0.562207811793000,0.576534459358000,0.497210073895000,0.674257276429000,0.722213844066000,0.837882672297000,0.781480922938000,70.000821018099998,1803746.368629999924451,9821.821599330000026,9883.939911150000626,9978.644878360000803,10449.114715499999875,10609.671882099999493,10696.399907600001825,10728.816840800000136,10738.830448500000784,10688.932132399999318,10177.898698299999523,0.152385526098000,0.168951290650000,0.156964766692000,0.158742874897000,0.147122021863000,0.168499123201000,0.164831057158000,0.165632766672000,0.156508806605000,0.160880004916000,3002.776733530000001,-0.020200179204000,0.000660792916854,26.653905043100000,671933.356366000021808,23.010346397799999,25.658459689899999,29.759345332900001,35.540470760100000,25.321545045699999,23.775426764300001,24.550556167100002,32.601076848700004,35.263337470499998,-0.158196366160000,-0.179311330516000,-0.161038135761000,-0.161446002251000,-0.150396046566000,-0.174692447741000,-0.166700689959000,-0.171887382568000,-0.160160861349000,-0.167284891975000,0.000000000000000,38.812877559299999,39.529527640799998,40.196761297899997,40.792361412600002,39.637747124199997,40.030607253900001,39.205368289399999,40.726447827400001,38.045428149199999,-0.009304008994600,-0.022476613086500,-0.015091820126300,-0.012180333641700,-0.022979343459100,-0.019956401795200,-0.022178213218800,-0.013999279022800,-0.022425957635300,14934.111700400000700,18632.695153199998458,-0.023522065934600,3595.484531850000167,0.990652418238000,398.976008176999983,2.182997552280000,0.301655033655000,0.001424646898490,2.000000000000000,5.000000000000000,3.000000000000000,1.000000000000000,10.000000000000000,0.000000000000000,12.000000000000000,6.000000000000000,9.000000000000000,25.000000000000000,44.000000000000000,15.000000000000000,5.000000000000000,22.500000000000000,0.000000000000000,29.583333333300001,25.416666666699999,33.333333333299997,0.071931451335943,0.051291297479222,0.054563390822193,0.054206211518182,0.064581099957769,0.054673033817367,0.061092270284105,0.058612746352700,0.063119813401457,0.058312044809038,0.063988989780745,0.060461290220521,0.062791396014098,0.062917832250723,0.058448054113276,0.067832134521031,0.054312299893276,0.070454242262540,0.498866680403874,0.499574786542844,0.501916642302570,0.501439723573074,0.503213112673151,0.504540133514728,0.505128569848118,0.505168389463154,0.505936499466382,0.217397983677388,0.214675685244191,0.213566621803499,0.207110172474481,0.199800531914894,0.206361101429069,0.212040564281863,0.213382058644392,0.220768126215533,0.123222748815165,0.108769602340375,0.119254133775136,0.119705016636805,0.121431858210495,0.124450280001266,0.125709228264821,0.126280188634307,0.124766542155816,0.367868357391754,50.000000000000000,18.393417869587704,0.330320064137059,220.000000000000000,72.670414110153047,0.371836083372435,45.000000000000000,16.732623751759586,0.363326268049134,5.000000000000000,1.816631340245668,0.371174642154225,225.000000000000000,83.514294484700628,0.394379661539679,0.000000000000000,0.000000000000000,0.407372539749469,354.999999999599993,144.617251610898393,0.410571586768710,152.500000000200004,62.612166982310335,0.418977990589616,299.999999999699980,125.693397176758978,59968.000000000000000,50.59,"14",0.000
128.000000000000000,CILANDAK,LEBAK BULUS,JAKARTA SELATAN,"127",128.000000000000000,CILANDAK,LEBAK BULUS,JAKARTA SELATAN,128.000000000000000,148.445853180999990,239.456227267999992,229.846102854999998,179.063139812999992,148.445853180999990,228.976283443000000,221.318897257999993,210.042840783000003,134.537932328000011,192.864171510999995,0.540117814341000,0.423115986187000,0.446475726183000,0.491570180784000,0.513101767215000,0.434084907577000,0.600446881983000,0.643103798497000,0.748730448913000,0.713386146659000,130.205731278999991,1239071.161910000024363,9224.551347329997952,9422.882168269999966,9478.798222510000414,10046.175001400000838,10234.920212999999421,10426.404170200001317,10624.050304799999140,10772.627248900000268,10856.843673400000625,10605.107314999999289,0.165698679612000,0.192573266431000,0.178660269919000,0.178113899599000,0.167811300033000,0.190851618959000,0.182347981930000,0.185681888566000,0.177301159487000,0.177398194998000,826.455644581999991,-0.024557756674000,0.002542302121160,47.594905761500002,1168074.351960000116378,18.033681840500002,21.609709731100001,21.266899086599999,26.793744971599999,20.475394105800000,18.793449764900000,20.684030005299999,26.023624872100001,28.195518238300000,-0.166106683506000,-0.196072371275000,-0.177761576206000,-0.176500734024000,-0.168471451854000,-0.192895881260000,-0.182578641503000,-0.188839882182000,-0.177220828581000,-0.182244014924000,0.000000000000000,37.468658759800000,39.100461416199998,39.590916032400003,40.404385810699999,39.871685972700000,39.801228446099998,38.889821873800003,40.382119154900003,38.096224199300003,-0.018810749138100,-0.032624754429300,-0.025896037427900,-0.022443216074500,-0.034757939606000,-0.030639979778800,-0.031953095100000,-0.023890047384300,-0.030438721741000,6061.267328650000309,20070.145931700004439,-0.037955722202200,3135.581045890000041,0.990258591324000,416.748105575000011,3.008521936620000,0.279119699579000,0.001676339295390,4.000000000000000,9.000000000000000,0.000000000000000,0.000000000000000,4.000000000000000,1.000000000000000,8.000000000000000,0.000000000000000,1.000000000000000,15.000000000000000,30.000000000000000,0.000000000000000,0.000000000000000,52.500000000000000,15.000000000000000,23.437500000000000,0.000000000000000,40.000000000000000,0.073122290309298,0.052268268462228,0.055523451796205,0.055114128864490,0.066609114453178,0.056158844109228,0.065023971457242,0.060363474188873,0.065318273356098,0.060721477979161,0.066100966702470,0.062298603651987,0.065994364526175,0.064193555221288,0.062560437250368,0.068824889636325,0.058708330643252,0.072029612413110,0.499406592874270,0.500024077819513,0.502226361942842,0.502285650574200,0.502604850713598,0.504726100966702,0.504459651278575,0.505381542989279,0.506725202832117,0.222622693151947,0.220651944209636,0.209799722887013,0.202343364578194,0.198649695092440,0.207946201554072,0.215579667690000,0.219554587379203,0.227132021078003,0.125390558771526,0.110637580660695,0.122767958562406,0.125387445646115,0.126039751335259,0.128399570354457,0.130187919747463,0.131385326886693,0.130737943056362,0.382538606127295,60.000000000000000,22.952316367637692,0.344416062103972,270.000000000000000,92.992336768072320,0.379257758911994,0.000000000000000,0.000000000000000,0.378841575923498,0.000000000000000,0.000000000000000,0.378671751270888,210.000000000000000,79.521067766886517,0.407854608944678,15.000000000000000,6.117819134170174,0.419088124038455,187.500000000000000,78.579023257210352,0.432166134034135,0.000000000000000,0.000000000000000,0.446645689095439,40.000000000000000,17.865827563817557,46467.000000000000000,50.67,"90",0.002
129.000000000000000,CILANDAK,PONDOK LABU,JAKARTA SELATAN,"128",129.000000000000000,CILANDAK,PONDOK LABU,JAKARTA SELATAN,129.000000000000000,150.828326247000007,241.307178948999990,231.260900697000011,180.218545678999988,150.828326247000007,231.055136013000009,223.278848028999988,210.819557658999997,136.093463589000010,194.809276301000011,0.604230377166000,0.518858307849000,0.504077471967000,0.560397553517000,0.582313965341000,0.507390417941000,0.651885830785000,0.674821610601000,0.796636085627000,0.739041794088000,119.760575295999999,970658.171166000072844,14379.119863700001588,14638.793759000000136,14734.990483100000347,15694.953626300000906,16048.533847599999717,16256.101183900000251,16537.533862000000227,16711.031525300000794,16795.489958699999988,16259.823080999998638,0.164953226185000,0.189586781128000,0.178655081525000,0.177395485703000,0.167348730204000,0.186847138066000,0.182352310718000,0.187760307747000,0.170818314280000,0.177345479131000,2314.259480260000146,-0.022394293761900,0.014784722875800,45.390062584399999,769078.987158000003546,14.687205743800000,17.377726465900000,19.615483276399999,24.920429385599999,18.082864031700002,18.743082256800001,19.171818917800000,23.479552812900000,25.447370773300001,-0.170773927469000,-0.198188383360000,-0.181567416636000,-0.178050909887000,-0.169439041222000,-0.191907445995000,-0.185220546013000,-0.189918064578000,-0.174366589202000,-0.183534185301000,2.000000000000000,37.089593286800003,39.472950206199997,40.003590727199999,40.485836114300000,39.529988040100001,39.807865367300003,39.146688192200003,40.706658652800002,38.461909143900002,-0.009875114516980,-0.024542519484000,-0.015250938511100,-0.011580357643600,-0.023355071332300,-0.019359641735400,-0.023129402814100,-0.009255145923820,-0.018545617573800,9242.405790260001595,20700.364145899999130,-0.022843914492600,3545.868429269999979,0.977587844306000,386.458185215000015,2.264092200830000,0.272241707230000,0.001982623384100,8.000000000000000,8.000000000000000,1.000000000000000,0.000000000000000,4.000000000000000,1.000000000000000,3.000000000000000,0.000000000000000,1.000000000000000,60.555555555600002,50.625000000000000,50.000000000000000,0.000000000000000,60.000000000000000,30.000000000000000,33.333333333299997,0.000000000000000,100.000000000000000,0.076880952846610,0.049011362969627,0.059747022363845,0.050673246934929,0.071160160525356,0.050711419190077,0.066024440281866,0.053269110694853,0.063508277562522,0.053099682986967,0.064418399321365,0.053234769662240,0.063458342613374,0.054069797323922,0.060343651984181,0.056559389063139,0.057700772982586,0.059109397284877,0.500909428722301,0.502729904599064,0.503976650857351,0.504219070555704,0.505213103205354,0.505427349687516,0.506004899861228,0.506494613391518,0.505925025971511,0.248617689172816,0.251125112511251,0.247393924586693,0.228218233685962,0.221843601526599,0.231168085717019,0.241407992740746,0.247556331025684,0.257553540420606,0.125892315816237,0.110420269298774,0.121871579715433,0.119293550976719,0.116607960549489,0.117653168983605,0.117528139937296,0.116903041047320,0.116810170267463,0.420496204594511,484.444444444800013,203.707050225935035,0.392532017668061,405.000000000000000,158.975467155564672,0.427175553728480,50.000000000000000,21.358777686424020,0.401505482310166,0.000000000000000,0.000000000000000,0.393640631304260,240.000000000000000,94.473751513022407,0.407598830580383,30.000000000000000,12.227964917411480,0.421591055180896,99.999999999899984,42.159105518047447,0.429384457554575,0.000000000000000,0.000000000000000,0.436167273278541,100.000000000000000,43.616727327854093,56793.000000000000000,50.59,"381",0.007
130.000000000000000,CILANDAK,GANDARIA SELATAN,JAKARTA SELATAN,"129",130.000000000000000,CILANDAK,GANDARIA SELATAN,JAKARTA SELATAN,130.000000000000000,140.757784211999990,225.074708335999986,217.457941524000006,170.058699732000008,140.757784211999990,219.550628125999992,212.725304885000014,198.264018913000001,127.524977911999997,183.166926417000013,0.683831672204000,0.634551495017000,0.641196013289000,0.665005537099000,0.677187153931000,0.645071982281000,0.721483942414000,0.735326688815000,0.770764119601000,0.753045404208000,75.580302182400004,560343.484287000028417,15525.748524000000543,15809.069668100002673,15797.186441300000297,16552.709492199999659,16872.305749700000888,16973.000460999999632,17052.430450600000768,17105.592254700000922,16942.354244499998458,16381.966286200000468,0.165407279335000,0.178638288126000,0.167827975252000,0.170288067524000,0.163216539313000,0.175036757914000,0.172227788643000,0.170848392172000,0.165574393550000,0.168396475516000,2502.005531559999781,-0.015675472936400,-0.015495209786000,31.069485029999999,270569.401603000005707,21.347081413400002,23.718607406800000,26.286805411000000,30.336889031500000,21.233557749700001,21.356767016100001,23.088270047000002,29.005437450300001,28.962835873500001,-0.172073078652000,-0.187559687967000,-0.170980686237000,-0.172085212337000,-0.166887432011000,-0.182676113995000,-0.176700301774000,-0.177903401081000,-0.169061987664000,-0.175520569620000,1.000000000000000,39.775050989500002,39.766439820199999,40.429974451200003,40.866967407499999,39.573780139699998,40.120053195200001,39.335379653399997,40.700739876699998,38.411220064500000,-0.011185170491000,-0.017335847316200,-0.011877974693900,-0.008106234894560,-0.010562083220800,-0.006370320431940,-0.011117024244300,-0.003825994695660,-0.011374945716800,2693.841239389999828,16530.626109799999540,-0.019369952587600,3034.565612349999810,0.988584575137000,247.298400869999995,2.355925729310000,0.337351996480000,0.002189640122400,5.000000000000000,6.000000000000000,1.000000000000000,0.000000000000000,6.000000000000000,2.000000000000000,6.000000000000000,1.000000000000000,3.000000000000000,25.000000000000000,20.000000000000000,15.000000000000000,0.000000000000000,25.833333333300001,28.750000000000000,25.000000000000000,50.000000000000000,26.666666666699999,0.076512244332793,0.049649879336947,0.059783039037137,0.049964367725077,0.072205849013829,0.050819919897227,0.068169181154317,0.056974459724951,0.067801606603287,0.057189181221903,0.068329359985329,0.056592701265359,0.066617915904936,0.060731261425960,0.064232714385913,0.060651925135664,0.061772229221548,0.063910205016607,0.501760493729477,0.500989785414522,0.506763394543943,0.506246061459762,0.506706463261847,0.506620209059233,0.505630712979890,0.504374469341799,0.502691558813423,0.235189704903483,0.238496463808609,0.242683646790925,0.228234906515114,0.227812346487637,0.239592252803262,0.243733268435142,0.239126886984904,0.249316911177435,0.126162123669740,0.109747406762214,0.123025768911056,0.125143640879268,0.124990787825190,0.124922061250688,0.127349177330896,0.124884639521577,0.125682434238155,0.412305317215183,125.000000000000000,51.538164651897851,0.366734030563676,120.000000000000000,44.008083667641088,0.442434901953945,15.000000000000000,6.636523529309180,0.429760522437026,0.000000000000000,0.000000000000000,0.431728467133141,154.999999999799996,66.917912405550467,0.443420573360568,57.500000000000000,25.496682968232637,0.448262787029626,150.000000000000000,67.239418054443917,0.429046022068782,50.000000000000000,21.452301103439083,0.431603850417503,80.000000000100002,34.528308033443430,26193.000000000000000,50.27,"4",0.000
131.000000000000000,CILANDAK,CIPETE SELATAN,JAKARTA SELATAN,"130",131.000000000000000,CILANDAK,CIPETE SELATAN,JAKARTA SELATAN,131.000000000000000,141.383499884000003,224.730506622000007,217.081860860000006,169.761137455000011,141.383499884000003,219.832156556999990,212.887942516999999,197.622598310000001,127.764693804000004,183.408708590000003,0.732588454376000,0.659962756052000,0.671508379888000,0.725512104283000,0.753445065177000,0.629050279330000,0.828305400372000,0.852886405959000,0.925512104283000,0.895344506518000,71.200792326900000,960800.554475000011735,12795.500213100000110,12898.919341099999656,13013.224693199999820,13431.088214499999594,13611.548312400000214,13694.451095200000054,13718.317047799999273,13753.487925400000677,13774.841672500000641,13208.758024299999306,0.138246267743000,0.149576599523000,0.138311103806000,0.141415956326000,0.132677953554000,0.149110036623000,0.144589204639000,0.147194415572000,0.140265858291000,0.141188465490000,3738.930349910000132,-0.018747365435900,0.005190353305840,37.835627720200002,317984.184023000008892,18.856739018399999,21.940775481799999,26.456149406300000,28.113033465099999,21.279436993499999,23.564316070099999,24.568576693200001,29.791149920500001,33.534583016600003,-0.152560751286000,-0.167553939673000,-0.147002800433000,-0.148677932728000,-0.141678547732000,-0.161371772185000,-0.153594499577000,-0.161301776122000,-0.149906514360000,-0.154555944660000,0.000000000000000,39.787589285099997,39.838125672799997,40.536612535000003,41.051531333500002,39.509446764099998,39.927837207200000,39.530104625699998,40.807618025200000,38.938325972199998,0.003434844260190,-0.004228360868970,0.001188049046290,0.006725345966450,-0.006177570219780,0.001030310602380,-0.001579238918590,0.003605732495960,-0.003740346418940,0.000000000000000,16616.893249799999467,-0.002719485314690,3025.567085829999996,0.985650872778000,311.648313997000002,1.727971535340000,0.396529290837000,0.001993435318250,1.000000000000000,3.000000000000000,3.000000000000000,0.000000000000000,3.000000000000000,5.000000000000000,1.000000000000000,1.000000000000000,3.000000000000000,40.000000000000000,26.666666666699999,16.666666666699999,0.000000000000000,33.333333333299997,24.500000000000000,30.000000000000000,30.000000000000000,43.333333333299997,0.077644691141624,0.046418021878144,0.060006435006435,0.048712998712999,0.069455701727040,0.050065465428019,0.066719985234858,0.053923528868929,0.066774696548140,0.053749961781882,0.065559760712978,0.055029910877793,0.065209449585972,0.056867998051632,0.062068755889237,0.061855983464543,0.058484166481757,0.063746156528354,0.496964975492583,0.497232947232947,0.499282997693123,0.502753083761420,0.504846057418901,0.506165303381760,0.506697515830492,0.508374114714733,0.507021269851333,0.225917973725390,0.228740562192053,0.223838622317895,0.210269532582736,0.204677173360447,0.211102476602358,0.221806790622474,0.231799163179916,0.241627543035994,0.124062713019768,0.108719433719434,0.119521167155059,0.120643514103787,0.120524658330022,0.120589671590771,0.122077447637604,0.123924739353780,0.122230323010111,0.367438242597634,40.000000000000000,14.697529703905346,0.330625117491022,80.000000000100002,26.450009399314844,0.367211877490244,50.000000000100002,18.360593874548918,0.377248837950633,0.000000000000000,0.000000000000000,0.383883548342117,99.999999999899984,38.388354834173349,0.398923441098025,122.500000000000000,48.868121534508106,0.417481511165389,30.000000000000000,12.524445334961682,0.443284257427595,30.000000000000000,13.298527722827856,0.440757393257035,129.999999999899984,57.298461123370522,31547.000000000000000,50.70,"85",0.003
132.000000000000000,KEBAYORAN BARU,MELAWAI,JAKARTA SELATAN,"131",132.000000000000000,KEBAYORAN BARU,MELAWAI,JAKARTA SELATAN,132.000000000000000,134.898454952999998,213.868874363000003,207.536896280999997,163.041927791999996,134.898454952999998,211.736289177999993,205.702255334999990,188.556776581999998,122.721508772000007,175.834358463999990,0.558107167711000,0.535838552540000,0.513569937370000,0.542797494781000,0.569241475296000,0.492693110647000,0.687543493389000,0.729993041058000,0.814892136395000,0.766875434934000,190.532627866000013,467567.837035999982618,2449.680048159999842,2512.912707139999839,2491.054504040000211,2500.422305369999776,2517.596607810000023,2457.486549270000069,2327.898630849999790,2295.111326190000000,2294.330676080000103,2197.530062320000070,0.139684648836000,0.142336909153000,0.128151830550000,0.138081405657000,0.129940426178000,0.144874810688000,0.145776060381000,0.144373401407000,0.141207970601000,0.145529824294000,3712.166263309999977,-0.016674306108500,-0.032892893403300,20.797382247800002,5338.117954870001086,34.987266679699999,34.288912149100000,39.884793792200000,40.661812147399999,33.722067866700002,34.324172898000000,36.819661968500000,42.503907103700001,48.446067391299998,-0.140425685377000,-0.147994244192000,-0.128724581717000,-0.135779655814000,-0.131232137490000,-0.146037560960000,-0.147327846814000,-0.149129628482000,-0.142250237446000,-0.147335237256000,0.000000000000000,37.864975691500000,39.903268935699998,40.070661923000003,40.564466519699998,39.899289852499997,40.246099958300000,39.748523066499999,40.562245944399997,38.540618788400003,-0.013448137887600,-0.017605966548300,-0.012474423839900,-0.010455357398200,-0.020065270307600,-0.014371423859400,-0.019630008860700,-0.018840722463600,-0.022524609548700,31841.755910100000619,13635.703671999999642,-0.014905274662100,3409.343907959999797,0.959813665149000,330.674220287000026,1.977507846920000,0.356766505039000,0.000881354227111,0.000000000000000,4.000000000000000,0.000000000000000,0.000000000000000,1.000000000000000,4.000000000000000,1.000000000000000,1.000000000000000,6.000000000000000,0.000000000000000,22.500000000000000,0.000000000000000,20.000000000000000,30.000000000000000,30.625000000000000,25.000000000000000,15.000000000000000,27.500000000000000,0.048151599875738,0.098788443616030,0.040112817298652,0.105296145408963,0.051514205432407,0.104277240087418,0.052403100775194,0.109147286821705,0.050508259212198,0.110864040660737,0.048289738430583,0.116029510395707,0.048979591836735,0.118707482993197,0.050017012589316,0.124872405580129,0.049023090586146,0.125754884547069,0.517552034793414,0.517706048260733,0.522635029659694,0.518759689922481,0.518742058449809,0.522132796780684,0.520068027210884,0.524668254508336,0.521847246891652,0.106582024724357,0.119174434087883,0.127860026917900,0.119262981574539,0.120837624442156,0.124367317425886,0.123443223443223,0.126647144948755,0.144495412844037,0.146940043491768,0.145408962707615,0.155791445519825,0.161550387596899,0.161372299872935,0.164319248826290,0.167687074829932,0.174889418169445,0.174777975133215,0.429877579293535,0.000000000000000,0.000000000000000,0.439951382594496,90.000000000000000,39.595624433504661,0.507386612117668,0.000000000000000,0.000000000000000,0.490097307349619,0.000000000000000,0.000000000000000,0.491166689624694,30.000000000000000,14.735000688740813,0.523652661209682,122.500000000000000,64.147450998186073,0.519100692349412,25.000000000000000,12.977517308735303,0.570157485263705,15.000000000000000,8.552362278955576,0.571340979315559,165.000000000000000,94.271261587067258,2815.000000000000000,52.18,"0",0.000
133.000000000000000,KEBAYORAN BARU,GUNUNG,JAKARTA SELATAN,"132",133.000000000000000,KEBAYORAN BARU,GUNUNG,JAKARTA SELATAN,133.000000000000000,132.693457499000004,211.060090088000010,204.979654458999988,161.365907773000004,132.693457499000004,209.053767327000003,203.530939335999989,186.321350212999988,121.301650967000000,173.632132990999992,0.494416873449000,0.487593052109000,0.504342431762000,0.522952853598000,0.514267990074000,0.444168734491000,0.658808933002000,0.694168734491000,0.799627791563000,0.754342431762000,259.781318681000016,469039.759046999970451,7463.444413860000168,7482.415699789999962,7501.386985719999757,7786.658914929999810,7923.673757769999611,7901.891910960000132,7917.349995790000321,7911.728874039999937,7827.412047669999993,7378.424947270000303,0.151064305668000,0.161968848009000,0.143346485380000,0.148299836785000,0.146475215112000,0.157226350272000,0.155035482503000,0.153184314113000,0.146855406687000,0.153124336477000,3046.111547439999867,-0.018235736654600,-0.037126598846300,39.926074115900001,223960.333033000002615,31.415235235600001,33.849050508700003,42.645199775099996,40.229401535199997,32.225748118399999,31.547285657100002,36.617432768500002,39.642736378700000,40.454342412899997,-0.151487502800000,-0.163185694360000,-0.138254983600000,-0.144752487885000,-0.143440993071000,-0.156439063019000,-0.153208874610000,-0.154443152942000,-0.144795841424000,-0.153549643960000,0.000000000000000,37.601108560599997,40.298529977599998,40.119401571399997,40.471986544300002,40.130633416999999,40.029441289899999,39.529806966800002,40.201077477399998,38.476380112900003,-0.020520469952200,-0.019577514497100,-0.017824046286900,-0.019004028259900,-0.026029443741300,-0.019786059349900,-0.024503420124500,-0.020869362004000,-0.026856044369500,0.000000000000000,12704.462016400000721,-0.021952755877300,3281.602780749999965,0.980836259091000,252.265535461000013,1.792302498270000,0.318393851524000,0.001253511398330,2.000000000000000,3.000000000000000,0.000000000000000,0.000000000000000,3.000000000000000,0.000000000000000,0.000000000000000,0.000000000000000,1.000000000000000,16.250000000000000,33.333333333299997,0.000000000000000,0.000000000000000,26.666666666699999,0.000000000000000,0.000000000000000,0.000000000000000,40.000000000000000,0.062071556014649,0.073434125269978,0.047864368677407,0.074653428250281,0.058743909041689,0.075257173795344,0.057373414915314,0.081759333155981,0.056909123243820,0.080028454561622,0.058750443734469,0.081735889243876,0.058170515097691,0.084014209591474,0.056104129263914,0.086804308797127,0.052566422245500,0.091419864774783,0.501455535731055,0.500749344323717,0.501353546291283,0.502615943956726,0.502223012626712,0.503549875754349,0.504262877442273,0.504667863554758,0.504713836777450,0.195310089478556,0.197655618431689,0.194301543332014,0.183320373250389,0.186564262103830,0.199206656346749,0.200367824992740,0.197786050156740,0.205444007451873,0.135505681284627,0.122517796927688,0.134001082837033,0.139132748071295,0.136937577805442,0.140486332978345,0.142184724689165,0.142908438061041,0.143986287020283,0.393660726677602,32.500000000000000,12.793973617022065,0.356726312885515,99.999999999899984,35.672631288515795,0.387909727476220,0.000000000000000,0.000000000000000,0.397948730751368,0.000000000000000,0.000000000000000,0.393026179309149,80.000000000100002,31.442094344771224,0.424067887807282,0.000000000000000,0.000000000000000,0.434253049405803,0.000000000000000,0.000000000000000,0.435973652398569,0.000000000000000,0.000000000000000,0.447231948332489,40.000000000000000,17.889277933299542,10501.000000000000000,50.47,"35",0.003
134.000000000000000,KEBON JERUK,DURI KEPA,JAKARTA BARAT,"133",134.000000000000000,KEBON JERUK,DURI KEPA,JAKARTA BARAT,134.000000000000000,121.835283884999996,193.723659223999988,189.040690568999992,150.976079472000009,121.835283884999996,194.080564933999995,191.489676804999988,171.236617421999995,115.138441033999996,161.651929886999994,0.855685131195000,0.822643343052000,0.816326530612000,0.839650145773000,0.862487852284000,0.827016520894000,0.906462585034000,0.934159378037000,0.965014577259000,0.953595724004000,75.729177625800006,1643344.960130000021309,18068.351899199999025,18230.415776699999697,18355.164106000000174,19663.114929399998800,19916.152479299998959,20140.590521500002069,20201.602804800000740,20244.093502100000478,20248.451522300001670,19723.037707600000431,0.101279159314000,0.110937056054000,0.103884940910000,0.105948013325000,0.097989342148300,0.109467444738000,0.107570447570000,0.108248080204000,0.102154883813000,0.104085247060000,1386.431893729999956,-0.012974361460700,-0.086447483433300,41.752124815199998,138587.495098999992479,30.110546843000002,24.651388628399999,34.783943940299999,39.509228831500003,29.480689936099999,27.628399517799998,28.946784369700001,38.229476349599999,28.162632031000001,-0.112604108045000,-0.124199310845000,-0.115639010755000,-0.118200485191000,-0.109236728077000,-0.119963235034000,-0.121372286253000,-0.118075427049000,-0.111545747049000,-0.116902292105000,4.000000000000000,40.449355300999997,40.964939896399997,41.169248093400000,41.620543850700003,41.086099926300001,41.126011484199999,40.688257194999998,41.237070744000000,39.148565250300003,0.017759132273000,0.011204096187400,0.015006330493200,0.020878733408300,0.015145271794200,0.020553838836200,0.015340158602100,0.021788201189700,0.017106154632900,0.000000000000000,7249.364550010000130,0.013064296354900,3263.633016459999908,0.987672726401000,290.113537568000027,2.414437725930000,0.438466701702000,0.003047619608160,10.000000000000000,7.000000000000000,3.000000000000000,4.000000000000000,7.000000000000000,2.000000000000000,6.000000000000000,9.000000000000000,5.000000000000000,31.500000000000000,50.000000000000000,22.500000000000000,6.428571428570000,23.571428571399998,25.000000000000000,23.333333333300001,19.166666666699999,46.000000000000000,0.080814570229042,0.059120586873048,0.061731143064892,0.063615723634421,0.073582579545927,0.062570126470058,0.068763676148796,0.067806345733042,0.069728443146165,0.070458725522017,0.067657210656887,0.073198684068601,0.065510467682041,0.077189064097734,0.060842076943772,0.081355932203390,0.057560315421690,0.085732830647277,0.499798299741525,0.499948062740210,0.500935019600781,0.500246170678337,0.502231418370659,0.503033653327581,0.503861471395512,0.504654291094969,0.504398502989877,0.231630227736291,0.237117128960168,0.253317006634013,0.235829251224633,0.236276634163958,0.245479427468928,0.250662340368529,0.253918448901058,0.263208061002179,0.139935157102090,0.125346866699313,0.136152706015985,0.136570021881838,0.140187168668182,0.140855894725488,0.142699531779775,0.142198009147162,0.143293146068967,0.433703875770485,315.000000000000000,136.616720867702753,0.401010058204836,350.000000000000000,140.353520371692468,0.453308395565687,67.500000000000000,30.598316700683878,0.431788587535179,25.714285714279999,11.103135108044986,0.454211564041207,164.999999999799996,74.944908066708265,0.470633811430711,50.000000000000000,23.531690571535545,0.486151728331771,139.999999999799996,68.061241966350735,0.493092935820746,172.500000000299991,85.058531429226548,0.504264360528722,230.000000000000000,115.980802921606141,72411.000000000000000,50.44,"187",0.003
135.000000000000000,KEBON JERUK,KEDOYA UTARA,JAKARTA BARAT,"134",135.000000000000000,KEBON JERUK,KEDOYA UTARA,JAKARTA BARAT,135.000000000000000,120.638589025000002,192.429440367000012,187.741815709000008,150.259603072000004,120.638589025000002,192.259049248999986,189.815831804999988,170.363363375000006,114.509858528999999,160.642777795000001,0.795774647887000,0.723298122066000,0.748826291080000,0.799882629108000,0.838321596244000,0.773180751174000,0.882042253521000,0.912852112676000,0.958920187793000,0.943661971831000,99.415330339999997,1201120.233939999947324,16578.657733399999415,16815.297675999998319,16916.290454800000589,18017.639810900000157,18354.942490599998564,18617.655732300001546,18711.717634100001305,18902.151730199999292,19066.182485299999826,18731.520139799999015,0.106440304041000,0.116183738716000,0.111347721100000,0.109721456642000,0.104002932324000,0.113741628630000,0.113929949550000,0.115773054583000,0.108920385317000,0.110768080091000,299.769887408999978,-0.015270546450400,-0.089516998084800,47.478162760399997,925495.217463000095449,29.268488124699999,25.338323008700002,34.533691647900000,39.368740321700002,30.089021146600000,27.271175350400000,27.425451975700000,38.112176621700002,33.413299666299999,-0.118407481865000,-0.129673689208000,-0.122257500798000,-0.120727425780000,-0.111476386968000,-0.121882446344000,-0.126792189983000,-0.122099716614000,-0.116196025747000,-0.121707731835000,2.000000000000000,40.122463960799998,40.612241423800000,40.787872530500003,41.165371135599997,40.667281044799999,40.513442980699999,40.425470524399998,40.916056513299999,38.720786701500003,0.008857238308760,0.003175094372120,0.007883734257000,0.013148777893500,0.008387588240790,0.009267684627780,0.005740495554970,0.011248122141500,0.008172588555760,1747.220360320000054,6585.509028629999193,0.002008021164270,3100.557584700000461,0.990350548436000,337.876325597999994,2.453990912210000,0.390424077893000,0.003038364410680,5.000000000000000,5.000000000000000,2.000000000000000,1.000000000000000,5.000000000000000,1.000000000000000,0.000000000000000,4.000000000000000,1.000000000000000,23.500000000000000,30.000000000000000,23.333333333300001,2.500000000000000,18.000000000000000,30.000000000000000,0.000000000000000,28.750000000000000,50.000000000000000,0.080649276727708,0.051482855404424,0.061984196663740,0.054999512242708,0.073472303634232,0.055520955451348,0.069928435286079,0.059948933721725,0.070873958517993,0.061726644212019,0.070835170649969,0.064961636828645,0.071238999860316,0.069946919960888,0.068029566030224,0.072980318163721,0.063148621266849,0.076891903797022,0.494494494494495,0.495483367476344,0.494852725674091,0.495378861437767,0.496596348165219,0.497980421553929,0.498952367649113,0.498710381000190,0.499074971368161,0.227444109297374,0.226875864453665,0.235482283464567,0.222540458259894,0.218935262034622,0.226230924838463,0.236738741541573,0.246751749058199,0.254314454151020,0.132132132132132,0.116983708906448,0.128993259085580,0.129877369007804,0.132600602730012,0.135796807478614,0.141185919821204,0.141009884193945,0.140040525063871,0.375672351384893,117.500000000000000,44.141501287724928,0.340238597293353,150.000000000000000,51.035789594002892,0.377861407438545,46.666666666600001,17.633532347106897,0.369847058811455,2.500000000000000,0.924617647028638,0.380875727558584,90.000000000000000,34.278815480272527,0.405685198776982,30.000000000000000,12.170555963309473,0.437269782712035,0.000000000000000,0.000000000000000,0.445855341043075,115.000000000000000,51.273364219953649,0.453440872546291,50.000000000000000,22.672043627314551,56755.000000000000000,49.91,"25",0.000
136.000000000000000,KEBON JERUK,KEDOYA SELATAN,JAKARTA BARAT,"135",136.000000000000000,KEBON JERUK,KEDOYA SELATAN,JAKARTA BARAT,136.000000000000000,122.554443398999993,195.622143453999996,190.844262592999996,152.037392960000005,122.554443398999993,195.023994447999996,191.572773512999987,173.273616284000013,115.341758962000000,162.627549891999990,0.668370824813000,0.573278800273000,0.599863667348000,0.619291070211000,0.641785957737000,0.605316973415000,0.697000681663000,0.758691206544000,0.869120654397000,0.841172460804000,116.746755161999999,898546.644393999944441,13604.969069200000376,13761.987872499999867,13853.742136499999106,14901.813854899999569,15177.844465100000889,15387.074899699999150,15415.100260699997307,15538.335067100000742,15526.049977399999989,15210.092825600000651,0.131461769353000,0.150228661953000,0.140940409342000,0.139691047196000,0.133495893742000,0.141956473944000,0.148976477627000,0.147858152292000,0.132260791227000,0.136121329607000,656.405039503000012,-0.016198858654600,-0.087278822324300,41.553941407000003,612190.513684000005014,25.641101081199999,24.002037787199999,31.277433358500002,35.397020089300000,27.927270744499999,25.380555806499999,26.299059731300002,36.324941272600000,28.613689205499998,-0.138009182941000,-0.156493622539000,-0.145501209726000,-0.144800836968000,-0.137915540450000,-0.146852821378000,-0.156555427719000,-0.150447384917000,-0.136412406654000,-0.141549660584000,0.000000000000000,39.741865931200003,40.866051641299997,40.907320549600001,41.365139937899997,40.732586077999997,40.583295217500002,40.602595376300002,41.246049294800002,39.079563685600000,-0.001285801289660,-0.009461073048200,-0.007371373202030,-0.003250280904950,-0.007384452505020,-0.010596183707000,-0.009964678378590,0.001729457635820,-0.004416518700100,0.000000000000000,8130.341160500000115,-0.015684371128300,3082.236906239999826,0.978513484126000,365.423548492999998,1.842135852300000,0.342019169042000,0.002577181537380,2.000000000000000,2.000000000000000,0.000000000000000,0.000000000000000,2.000000000000000,0.000000000000000,1.000000000000000,3.000000000000000,5.000000000000000,32.500000000000000,30.000000000000000,0.000000000000000,0.000000000000000,22.500000000000000,0.000000000000000,20.000000000000000,23.333333333300001,39.000000000000000,0.088040840237677,0.049404413200547,0.068974117386244,0.052956825361636,0.081229389942292,0.053173948887057,0.076539774883015,0.056987479448590,0.074525948103792,0.058283433133732,0.072771648444699,0.060443802455607,0.072466274645451,0.063917576715916,0.067504079916918,0.068320063300529,0.063050556551150,0.072364269668593,0.495634223226490,0.494734800199523,0.495749175597692,0.497685595042367,0.498328343313373,0.498617786964859,0.499011711222019,0.499208743385589,0.499356369418713,0.243996432893815,0.256230071510386,0.268784023754767,0.250277422108408,0.246116314284112,0.255797747797971,0.265652606007067,0.271560842926615,0.276348825531440,0.137445253438224,0.121930942747880,0.134403338829349,0.133527254331605,0.132809381237524,0.133215450900306,0.136383851361367,0.135824143217447,0.135414826219743,0.414447836456403,65.000000000000000,26.939109369666195,0.379920029059475,60.000000000000000,22.795201743568519,0.433046731770724,0.000000000000000,0.000000000000000,0.423074070627043,0.000000000000000,0.000000000000000,0.420697892270202,45.000000000000000,18.931405152159090,0.433767738010247,0.000000000000000,0.000000000000000,0.455120479981461,20.000000000000000,9.102409599629221,0.461041219881682,69.999999999899998,32.272885391671657,0.465884923024680,195.000000000000000,90.847559989812524,39619.000000000000000,49.94,"115",0.003
137.000000000000000,KALI DERES,KALIDERES,JAKARTA BARAT,"136",137.000000000000000,KALI DERES,KALIDERES,JAKARTA BARAT,137.000000000000000,118.910737894999997,192.592493544999996,187.492189399000011,150.322681899999992,118.910737894999997,189.059295335000002,185.813118736000007,171.724164046999988,113.580902064000000,160.222163190999993,0.669666824570000,0.596557713564000,0.608716248224000,0.643770724775000,0.712142744355000,0.641560082110000,0.751302700142000,0.804989736302000,0.890731091110000,0.874151271120000,97.026232437299996,1955986.242689999984577,14039.848075700001573,14200.802944900000512,14282.701614499999778,15533.743765499999427,15863.647951000000830,16119.825568399999611,16309.382792899999913,16534.293239300001005,16608.019807399999991,16354.862314399999377,0.122846648404000,0.140602064929000,0.133103060960000,0.130324932647000,0.115747980720000,0.133151773766000,0.132612341977000,0.129384113112000,0.119878048607000,0.119807339544000,1133.263284209999938,-0.010264587769000,-0.098405933699100,23.379322150099998,243613.790640000021085,22.613858912200001,17.269158354000002,24.403869051800001,28.243334402799999,23.867970053099999,24.627090997400000,24.617647576100001,30.587038761300001,28.164978286299998,-0.130342758455000,-0.148428836816000,-0.137941965382000,-0.137421133242000,-0.126769061909000,-0.137767309100000,-0.140641113999000,-0.135082998973000,-0.124061385765000,-0.127554125517000,1.000000000000000,39.207060244899999,40.242023812699998,40.617652067700000,40.793491165900001,40.396049990599998,40.252144007500000,39.674376470200002,40.948463945699999,38.840993871800002,0.000722038183193,-0.007083638461060,-0.000318558744309,0.008441705255490,0.002086522935460,0.001462277092090,0.000176101451119,0.010898584133000,0.007033148724290,17683.010822299998836,5813.097378060000665,-0.008486139977510,3381.760246169999846,0.981466685977000,324.917149651999978,2.408024390240000,0.335992046088000,0.002144999603870,4.000000000000000,1.000000000000000,1.000000000000000,0.000000000000000,0.000000000000000,0.000000000000000,1.000000000000000,0.000000000000000,1.000000000000000,18.750000000000000,40.000000000000000,25.000000000000000,0.000000000000000,0.000000000000000,0.000000000000000,25.000000000000000,0.000000000000000,20.000000000000000,0.086019891161569,0.028710827547382,0.066906313746952,0.030934374844520,0.081783663853244,0.030730346073789,0.077327957892379,0.033999664034940,0.076187222412026,0.035310843426607,0.075987974380201,0.036381856999695,0.075190716664876,0.038336735790265,0.072728245173022,0.042188586404236,0.067575494242885,0.045850532261569,0.492600237693126,0.492225981392109,0.492108694160434,0.492535976258469,0.493238700860729,0.493758441897956,0.494423552165037,0.495148954377708,0.494633934390615,0.261717691682471,0.269030109615651,0.281799606869439,0.258545821762181,0.257546595805446,0.272123595643278,0.282758953450501,0.293789637429700,0.297940735727752,0.114730718708951,0.097840688591472,0.112514009927033,0.111327621927319,0.111498065838633,0.112369831379896,0.113527452455141,0.114916831577258,0.113426026504454,0.353156407574192,75.000000000000000,26.486730568064402,0.312953827144497,40.000000000000000,12.518153085779870,0.365304951219928,25.000000000000000,9.132623780498188,0.340232046663808,0.000000000000000,0.000000000000000,0.343952876471977,0.000000000000000,0.000000000000000,0.364849890325075,0.000000000000000,0.000000000000000,0.383259500378279,25.000000000000000,9.581487509456970,0.403081333954634,0.000000000000000,0.000000000000000,0.400266927686825,20.000000000000000,8.005338553736498,92060.000000000000000,49.46,"381",0.004
138.000000000000000,KALI DERES,SEMANAN,JAKARTA BARAT,"137",138.000000000000000,KALI DERES,SEMANAN,JAKARTA BARAT,138.000000000000000,120.823450504999997,195.807616822999989,190.669114740999987,152.186952093999992,120.823450504999997,191.918936758000001,187.609495376000012,174.588041876999995,114.603003342999997,162.259830767000011,0.548001989720000,0.499751285027000,0.530260321671000,0.545183220030000,0.611009782789000,0.579671696236000,0.651467418339000,0.678328635384000,0.746310727906000,0.748300447687000,108.406749555999994,1718198.739619999891147,14597.865985599999476,14789.197238799999468,14884.489900000000489,16138.959042599999520,16572.904292399998667,16895.146402999998827,17144.100811399999657,17382.052740399998584,17531.425385400001687,17347.366957599999296,0.159771948040000,0.170465827748000,0.159701854259000,0.159893223755000,0.145106103710000,0.155966895474000,0.159120639869000,0.155986975849000,0.151950575544000,0.150601040937000,636.843015754000021,-0.008933179560260,-0.092354824664400,36.442393908400000,168568.471748999989359,17.575401174100001,13.988251780300001,21.023247536800000,24.948793319899998,21.043513269500000,20.590335961600001,20.838179969300000,26.805874835099999,22.833893540700000,-0.161095362983000,-0.173749616000000,-0.160665089375000,-0.161124260835000,-0.149306850246000,-0.158323188514000,-0.164006221132000,-0.157600787112000,-0.152021066175000,-0.155151550451000,2.000000000000000,38.787446917399997,40.082954274700000,40.196629415899999,40.580896284600001,40.050770789700003,40.158394455900002,39.679002625999999,40.808890090799999,38.340966011200003,-0.017118669588300,-0.020046521138800,-0.018872119423200,-0.007947118097400,-0.009670078561640,-0.013139259315200,-0.016917027245100,-0.007873614673270,-0.009343788346770,0.000000000000000,7668.946075859999837,-0.026987666383800,3306.444813250000607,0.976266601039000,348.242465997000011,2.198015185700000,0.311727303005000,0.001966832523260,0.000000000000000,0.000000000000000,1.000000000000000,1.000000000000000,0.000000000000000,0.000000000000000,0.000000000000000,1.000000000000000,0.000000000000000,0.000000000000000,0.000000000000000,30.000000000000000,10.000000000000000,0.000000000000000,0.000000000000000,0.000000000000000,40.000000000000000,0.000000000000000,0.090144503568456,0.020792878218546,0.069458887204480,0.022113083678915,0.084269273433167,0.021931040857830,0.079924834873018,0.024721225146561,0.080696254925551,0.025452819567545,0.080100941980116,0.027117279787674,0.079669563351572,0.028312412831241,0.077267553796896,0.031347395517546,0.072927416580667,0.033829979360165,0.486028799838600,0.486362554343060,0.488352745424293,0.489192199930236,0.489133434143865,0.489666499880349,0.490430211350713,0.491134016232143,0.491142070863433,0.316544154959187,0.325062244165928,0.331532597266036,0.306642541316785,0.309069078083374,0.317653283459044,0.324746329813672,0.333553025763930,0.342563138615770,0.110937381787002,0.091571970883395,0.106200314290997,0.104646060019579,0.106149074493096,0.107218221767790,0.107981976182813,0.108614949314442,0.106757395940832,0.360326316936627,0.000000000000000,0.000000000000000,0.319054911122446,0.000000000000000,0.000000000000000,0.377584842816486,30.000000000000000,11.327545284494587,0.352324953356980,10.000000000000000,3.523249533569797,0.358578515940080,0.000000000000000,0.000000000000000,0.373778436506855,0.000000000000000,0.000000000000000,0.387998772868206,0.000000000000000,0.000000000000000,0.403303172183888,40.000000000000000,16.132126887355518,0.407826566921527,0.000000000000000,0.000000000000000,93024.000000000000000,49.11,"413",0.004
139.000000000000000,KALI DERES,TEGAL ALUR,JAKARTA BARAT,"138",139.000000000000000,KALI DERES,TEGAL ALUR,JAKARTA BARAT,139.000000000000000,114.310085337999993,182.992157924999987,178.306024412999989,144.830928132999986,114.310085337999993,181.941395859000011,180.940327231999987,162.450133475000001,110.789620878999997,154.151181081000004,0.705169112955000,0.638640714742000,0.644065092534000,0.669591576260000,0.729738353542000,0.649329929802000,0.707402680281000,0.759891512444000,0.850670070198000,0.818921506063000,74.863681521399997,2146045.624419999774545,16698.788184100001672,16684.985310500000196,16785.011329500001011,18129.626327900001343,18578.847123200001079,19006.377688600001420,19239.592475000001286,19432.832705400000123,19508.479622999999265,19173.446236600000702,0.111105405129000,0.127381575895000,0.123690904352000,0.119174630276000,0.103163823929000,0.123581624056000,0.130735445267000,0.123073643846000,0.112906813044000,0.119088668106000,4283.257844460000342,-0.021197115241500,-0.095934739520700,15.860297835600001,431320.361485000001267,15.139495686300000,12.654719060800000,18.841659463900001,23.903352352399999,18.738571610800001,19.297011623700001,16.340456202799999,23.671277111599998,21.442242011099999,-0.117593704849000,-0.129401344826000,-0.128895905741000,-0.122785292921000,-0.116078717425000,-0.125399408852000,-0.135469108896000,-0.125481507169000,-0.117394198925000,-0.124023551425000,0.000000000000000,38.564777203100000,39.066608632099999,40.081417576200003,40.147872156600002,40.184160754899999,39.714865136800000,38.351341568300001,39.983191449700001,38.306964720400003,0.008356126234460,-0.003727463123970,0.003402638812290,0.013470330465500,-0.001187568351340,-0.002525999947930,0.000344724093101,0.011527740028200,0.007096065974760,0.000000000000000,2295.730934359999992,-0.006487602713720,2101.133019599999898,0.985147975650000,383.955596979999996,2.213020892480000,0.378368048321000,0.002492044635840,3.000000000000000,0.000000000000000,5.000000000000000,0.000000000000000,3.000000000000000,1.000000000000000,6.000000000000000,5.000000000000000,15.000000000000000,40.000000000000000,0.000000000000000,22.000000000000000,0.000000000000000,14.333333333300001,30.000000000000000,14.166666666699999,19.000000000000000,19.666666666699999,0.088946904746557,0.025967468144997,0.068381818958520,0.028012730146525,0.084370705083204,0.027428142025174,0.079822081568461,0.030267360072557,0.079252650243332,0.032236767646282,0.079214378220239,0.033038600937305,0.078269853422749,0.035173005433228,0.073996820700365,0.038767240349539,0.069502617801047,0.040585265519820,0.494252132619953,0.493998034943825,0.495258906236096,0.496193664791641,0.496482061342287,0.496277800035405,0.496997426365456,0.497183655091933,0.496278982797307,0.324253671529156,0.332479133985558,0.343301381575987,0.315505333100192,0.319045434664334,0.329214818242043,0.339748788653898,0.349947393394261,0.360451399400779,0.114914372891554,0.096394549105045,0.111798847108378,0.110089441641018,0.111489417889614,0.112252979157544,0.113442858855977,0.112764061049904,0.110087883320867,0.429656355112501,120.000000000000000,51.558762613500072,0.386752061391908,0.000000000000000,0.000000000000000,0.447484612406950,110.000000000000000,49.223307364764537,0.419330001011265,0.000000000000000,0.000000000000000,0.428608915814824,42.999999999899998,18.430183379994578,0.440127863342216,30.000000000000000,13.203835900266490,0.458852389986790,85.000000000200004,39.002453148968939,0.468904040863897,95.000000000000000,44.545883882070193,0.467188458684389,295.000000000499995,137.820595312128432,106960.000000000000000,49.63,"411",0.004
140.000000000000000,KALI DERES,KAMAL,JAKARTA BARAT,"139",140.000000000000000,KALI DERES,KAMAL,JAKARTA BARAT,140.000000000000000,113.600285713999995,181.813839809999990,177.193807888999999,144.111684507000007,113.600285713999995,180.565354477999989,179.287448960999996,161.490234617999988,110.185370505999998,153.257675682000013,0.579408543264000,0.435925520263000,0.454545454545000,0.557502738226000,0.617196056955000,0.505841548010000,0.558415480102000,0.612084702446000,0.737677984666000,0.704819277108000,94.642555697299997,1254917.872399999992922,12785.226187000000209,11827.790340499997910,11966.095776599999226,13170.505616200000077,13602.092669100000421,14141.319220700001097,14492.639725799999724,14730.146382499999163,14866.805325400000584,14831.405719700000191,0.132395351346000,0.161931027581000,0.157546813503000,0.145239806347000,0.126250895253000,0.148285492251000,0.162304571090000,0.152893230834000,0.140281699681000,0.146597497319000,5658.954526019999321,-0.026798687711700,-0.107831294876000,21.069934116599999,207904.568868000002112,13.308641462700001,12.178862902300001,19.565366171699999,23.905548466199999,18.384931393799999,16.905031855800001,15.027933841499999,20.188700605200001,18.601919521500001,-0.136695905074000,-0.158980848273000,-0.156279337150000,-0.144689567587000,-0.137531412327000,-0.145641479791000,-0.160924998792000,-0.148818850624000,-0.138057495149000,-0.145768237890000,0.000000000000000,38.289775920399997,38.852413800400001,39.703000531800001,40.261747475000000,39.837554862399998,39.682757813599999,38.814218881000002,40.112717427000000,38.019327335000000,-0.014492421643500,-0.034419815159800,-0.018309964646400,-0.012696216463100,-0.023512925626300,-0.029201273792000,-0.026873938188000,-0.014577879440900,-0.017984980585300,0.000000000000000,1126.088946439999972,-0.038486982731000,2485.684545699999944,0.986832601003000,345.927683890000026,1.929899536780000,0.252970535269000,0.002074168407120,1.000000000000000,2.000000000000000,1.000000000000000,1.000000000000000,0.000000000000000,0.000000000000000,4.000000000000000,4.000000000000000,2.000000000000000,50.000000000000000,25.000000000000000,15.000000000000000,6.250000000000000,0.000000000000000,0.000000000000000,31.875000000000000,16.250000000000000,20.000000000000000,0.095320955645652,0.020550209678261,0.071412600402470,0.021688653445933,0.087525198068539,0.021455471692216,0.081298229686791,0.024935693750946,0.082171445204483,0.025993305195750,0.081826831588963,0.026712299586747,0.082170152715485,0.029048078132204,0.078632241987956,0.030137744860525,0.076197216324605,0.032443833867588,0.486923384781360,0.487968903183640,0.489100370353007,0.490376758965048,0.491660602532382,0.491798855390034,0.492126699361473,0.492240603585519,0.491264587930006,0.420066485343004,0.418850806451613,0.413062144467103,0.382693762464755,0.379260069254602,0.385645886734052,0.394531002596745,0.401372668574019,0.410227148373380,0.115871165323913,0.093101253848403,0.108980669760755,0.106233923437737,0.108164750400233,0.108539131175710,0.111218230847689,0.108769986848481,0.108641050192193,0.488173251672525,50.000000000000000,24.408662583626263,0.431825338529854,50.000000000000000,21.591266926492704,0.475551316812629,15.000000000000000,7.133269752189440,0.443983115011130,6.250000000000000,2.774894468819562,0.453459990786190,0.000000000000000,0.000000000000000,0.462045249570191,0.000000000000000,0.000000000000000,0.480649813646257,127.500000000000000,61.282851239897781,0.481943958231287,65.000000000000000,31.326357285033684,0.484931340427230,40.000000000000000,19.397253617089198,72063.000000000000000,49.13,"251",0.003
141.000000000000000,KALI DERES,PEGADUNGAN,JAKARTA BARAT,"140",141.000000000000000,KALI DERES,PEGADUNGAN,JAKARTA BARAT,141.000000000000000,116.787642263999999,188.456405116000013,183.500005600000009,147.947827463000010,116.787642263999999,185.796349142999986,183.594722469000004,167.833196238999989,112.327975191999997,157.601247158999996,0.581610001168000,0.470265217899000,0.494683958406000,0.514195583596000,0.620866923706000,0.528800093469000,0.624839350391000,0.686411964014000,0.783385909569000,0.776959925225000,78.569083275899999,2341929.600500000175089,10359.315403900000092,10525.619322200000170,10599.313238599999750,11578.220662899999297,11937.889010700000654,12331.185954900000070,12583.400428200002352,12888.816391899999871,13064.841076400001839,13132.098269199999777,0.131625583845000,0.155940196142000,0.154209385409000,0.148780152386000,0.129040906335000,0.147723570444000,0.158260517445000,0.148231533371000,0.139696117880000,0.139038038100000,2793.383397829999922,-0.009704017126720,-0.098545034224700,17.238255039599998,291514.098016000003554,19.949186281900001,17.557798984200002,23.256395026500002,30.141856106799999,24.699084762599998,24.915936314300001,21.423227927700001,30.239246640600001,28.140634100800000,-0.137611966357000,-0.160506243964000,-0.157736171704000,-0.152063922596000,-0.138207014478000,-0.148576916556000,-0.162466824753000,-0.150426679292000,-0.140573779438000,-0.142417728974000,0.000000000000000,38.611691547400000,39.899099754799998,40.268879584499999,40.422385804500003,40.319346607600004,39.789043177099998,39.304804248600000,40.552953679300003,38.449725962199999,-0.013349048801900,-0.027918749838300,-0.023531422449400,-0.010707434145900,-0.021550927156000,-0.026383641288400,-0.023179878905800,-0.013279032025700,-0.015939903805300,0.000000000000000,3972.597417949999908,-0.027487969898300,2529.913570640000216,0.983409589889000,373.649803061999989,2.691799577900000,0.300928400005000,0.002064477986090,6.000000000000000,0.000000000000000,0.000000000000000,1.000000000000000,1.000000000000000,0.000000000000000,1.000000000000000,0.000000000000000,1.000000000000000,25.000000000000000,0.000000000000000,0.000000000000000,1.666666666670000,40.000000000000000,0.000000000000000,25.000000000000000,0.000000000000000,20.000000000000000,0.082980768030751,0.031961760704881,0.062561967083085,0.033313503866746,0.079396414794645,0.033072384842296,0.075628865071854,0.035938290895486,0.076433867393898,0.037125021305608,0.075037581426424,0.038447887088692,0.073901566497141,0.040910341734868,0.069839227002624,0.044240224418593,0.065610339205153,0.046774500095029,0.497048435608472,0.497446956176879,0.498048559110506,0.498195382820925,0.498838844383842,0.499509353599466,0.500514691643650,0.501080869119318,0.501375426382178,0.296431410401999,0.301489414420615,0.306540502525414,0.278694192018965,0.276536179173047,0.287550886715643,0.295696040722691,0.299856431423572,0.306883949300719,0.114942528735632,0.095875470949831,0.112468799636941,0.111567155967340,0.113558888699506,0.113485468515116,0.114811908232009,0.114079451421217,0.112384839300182,0.417591324263874,150.000000000000000,62.638698639581101,0.373878749729114,0.000000000000000,0.000000000000000,0.427697262090791,0.000000000000000,0.000000000000000,0.396834874091251,1.666666666670000,0.661391456820074,0.403889426324878,40.000000000000000,16.155577052995103,0.419407600731506,0.000000000000000,0.000000000000000,0.437738447752276,25.000000000000000,10.943461193806900,0.443617471889595,0.000000000000000,0.000000000000000,0.448251126117548,20.000000000000000,8.965022522350958,99969.000000000000000,50.14,"14",0.000
142.000000000000000,PALMERAH,PALMERAH,JAKARTA BARAT,"141",142.000000000000000,PALMERAH,PALMERAH,JAKARTA BARAT,142.000000000000000,125.900640163000006,199.453864113000009,194.464284999000000,154.311734741000009,125.900640163000006,199.810334355999998,195.895154028999997,176.061433818000012,117.123604736999994,165.733338107000009,0.921957137080000,0.883946623534000,0.900525677315000,0.921148402750000,0.938536190861000,0.899312575819000,0.931661949050000,0.951880307319000,0.972907399919000,0.957137080469000,65.124649073599997,1048298.124809999950230,32416.766940099998465,32390.479645199997321,32409.968501799998194,34726.423060100001749,35202.766973400001007,35436.180023200002324,35608.407127899998159,35691.801304900000105,35620.644316899997648,34671.129094900003111,0.097470749217800,0.112466489444000,0.101756502512000,0.102409644495000,0.098932983178200,0.107049213190000,0.107648608675000,0.109169895668000,0.099344234952800,0.103774864300000,2052.205174969999916,-0.009584190400300,-0.081155671285500,21.434323581400001,252745.399238000012701,27.232308929900000,24.886065277699998,33.097252241299998,38.186142745700003,28.690832711700001,23.531790951200001,26.736688106500001,33.707048008500003,30.246974443100001,-0.116696872179000,-0.133104666872000,-0.115416359961000,-0.117863677951000,-0.113131033369000,-0.122674023366000,-0.126886101671000,-0.125220644925000,-0.114251862482000,-0.122101326064000,2.000000000000000,40.508755140200002,41.345307219600002,41.259118462499998,41.993328306499997,41.075658455999999,41.423710276300000,40.386293316900002,41.412667689499997,39.872006918700002,0.039379430278800,0.032973789586600,0.037987724624200,0.045002435844500,0.039269308839700,0.042814872693600,0.036231238997000,0.045953416940400,0.039728850453900,0.000000000000000,9013.049139070000820,0.035525421682000,3210.171611480000138,0.979792860060000,210.032683695999992,2.222778238620000,0.458783451200000,0.004724915743350,0.000000000000000,6.000000000000000,5.000000000000000,1.000000000000000,0.000000000000000,0.000000000000000,1.000000000000000,0.000000000000000,0.000000000000000,0.000000000000000,30.000000000000000,12.000000000000000,15.000000000000000,0.000000000000000,0.000000000000000,30.000000000000000,0.000000000000000,0.000000000000000,0.082934542299835,0.042243864215151,0.064663189248906,0.044316100071320,0.077303576089794,0.044179065518141,0.073038843326338,0.047842824220108,0.072749597114573,0.047924180799632,0.071761321691317,0.049003385688466,0.070958730158730,0.051669841269841,0.066379957502576,0.054661356609367,0.062184632277968,0.056903448456169,0.493227548764447,0.493700093694500,0.494400939702427,0.494805010879221,0.494947944644821,0.494934195453504,0.495390476190476,0.495578486633670,0.495568511595074,0.227058898318553,0.236441706338094,0.246061086171992,0.229077492902129,0.230389420806320,0.241191603064285,0.249876039497358,0.258380776131211,0.269938650306748,0.125178406514986,0.108979289320226,0.121482641607935,0.120881667546446,0.120673777914205,0.120764707379783,0.122628571428571,0.121041314111943,0.119088080734137,0.348713882601563,0.000000000000000,0.000000000000000,0.317754851249938,180.000000000000000,57.195873224988866,0.365950027392567,60.000000000000000,21.957001643554040,0.348919448645981,15.000000000000000,5.233791729689720,0.350617134973297,0.000000000000000,0.000000000000000,0.362155577505167,0.000000000000000,0.000000000000000,0.379135726562750,30.000000000000000,11.374071796882513,0.384961194852147,0.000000000000000,0.000000000000000,0.391798977162817,0.000000000000000,0.000000000000000,76498.000000000000000,49.56,"273",0.004
143.000000000000000,PALMERAH,SLIPI,JAKARTA BARAT,"142",143.000000000000000,PALMERAH,SLIPI,JAKARTA BARAT,143.000000000000000,124.771040417999998,196.416203405999994,191.765687238999988,152.453258546000001,124.771040417999998,198.065020959000009,194.430127526000007,173.091384293000004,116.385455550000003,164.032139416000007,0.815187557182000,0.754803293687000,0.785910338518000,0.801463860933000,0.809698078683000,0.766697163769000,0.842634949680000,0.904849039341000,0.932296431839000,0.929551692589000,70.628428093599993,371531.667879000015091,19468.933154099999228,19707.884977999998227,19705.833889400000771,20841.111439000000246,21089.293161699999473,21079.037718600000517,21058.526832399998966,21196.975314100000105,21090.318705999998201,20473.966576499999064,0.112447241033000,0.127857620808000,0.116199402365000,0.115441792132000,0.114469610833000,0.123070709019000,0.125767933155000,0.120409463572000,0.114471871130000,0.114752852231000,700.403114219000031,-0.014158169850600,-0.074729487186500,18.836222670700000,5374.030129560000205,33.288331900499998,28.236636143199998,37.333730444399997,43.019027710000003,35.436580909400000,27.564520688000002,30.671818360400000,40.525988363600000,30.905272603400000,-0.125333785823000,-0.142412959439000,-0.126490012779000,-0.124180342736000,-0.122504040866000,-0.132822039330000,-0.140109905194000,-0.130015032040000,-0.125149310951000,-0.127291236073000,0.000000000000000,41.440071460200002,41.288323709700002,41.447675147100000,42.108954540299997,41.216468676399998,41.488128279599998,40.604249375099997,41.205145999700001,39.959457691399997,0.018532820475600,0.010694523895500,0.013323478983400,0.018022363640700,0.012721959978300,0.015539687066900,0.014006933079000,0.021100823400000,0.018159308139100,0.000000000000000,7972.160283469999740,0.009609012151960,3522.226164229999995,0.980724324756000,174.845129925999998,1.990027761570000,0.368666500481000,0.002949466184950,1.000000000000000,0.000000000000000,3.000000000000000,0.000000000000000,2.000000000000000,0.000000000000000,0.000000000000000,0.000000000000000,0.000000000000000,10.000000000000000,0.000000000000000,18.333333333300001,0.000000000000000,25.000000000000000,0.000000000000000,0.000000000000000,0.000000000000000,0.000000000000000,0.082062756933965,0.047457979913618,0.063283892792089,0.050377309393703,0.072630646589902,0.050044286979628,0.069052713479868,0.054269597354600,0.069816094190912,0.053663520482631,0.070760689588000,0.054007986753677,0.072233780057090,0.057332236682955,0.067736445416971,0.061706783369803,0.062412342215989,0.064916850330595,0.485195399906333,0.485402029664325,0.488436177541580,0.487891460805291,0.490999318867374,0.492646342651213,0.494508684503362,0.495696571845368,0.496092967341214,0.201060695344726,0.209707277565660,0.221146973112663,0.203592490396581,0.214332176929748,0.221433217692975,0.232988802756245,0.241433273973342,0.251894463189336,0.129520736847583,0.113661202185792,0.122674933569530,0.123322310834468,0.123479614673543,0.124768676341677,0.129566016740045,0.129443228786774,0.127329192546584,0.283759103942682,10.000000000000000,2.837591039426817,0.251309537077990,0.000000000000000,0.000000000000000,0.306319875525639,54.999999999899998,16.847593153879505,0.286235630633763,0.000000000000000,0.000000000000000,0.317046527729337,50.000000000000000,15.852326386466824,0.338115126650377,0.000000000000000,0.000000000000000,0.374670187777010,0.000000000000000,0.000000000000000,0.390523418708074,0.000000000000000,0.000000000000000,0.398266043391114,0.000000000000000,0.000000000000000,19964.000000000000000,49.61,"100",0.005
144.000000000000000,PALMERAH,KOTA BAMBU UTARA,JAKARTA BARAT,"143",144.000000000000000,PALMERAH,KOTA BAMBU UTARA,JAKARTA BARAT,144.000000000000000,123.105851849999993,193.472986221000014,189.058174009999988,150.713422938999997,123.105851849999993,195.706820784999991,192.681494579999992,170.413153310000013,115.563369843000004,162.142257956999998,0.923489932886000,0.881879194631000,0.869798657718000,0.907382550336000,0.895302013423000,0.848322147651000,0.932885906040000,0.970469798658000,0.990604026846000,0.981208053691000,48.077311454700002,323869.138614000054076,44810.502319300001545,44044.240621999997529,44158.652977600002487,46415.286148899998807,47490.160121100001561,47750.598772600002121,47994.477741099995910,47839.418890799999645,47588.012793599998986,45599.345402500002820,0.085333568942800,0.090903183537800,0.083696458303700,0.083603323766000,0.082533548999900,0.092357722084800,0.090831186697400,0.089210825763500,0.086837459535600,0.090231163939800,479.375931847999993,-0.015499163851900,-0.074153011126800,18.139359896799998,19336.470396900000196,33.828129373599999,25.308305745500000,35.807726152500003,42.309167538899999,37.730295186399999,30.696193959100000,30.750848672699998,41.223317761600001,30.476346600399999,-0.100041232848000,-0.107549875232000,-0.095003435665700,-0.095562335157500,-0.096786815828100,-0.103842378845000,-0.108733119841000,-0.101093780209000,-0.099130384511500,-0.105677376107000,1.000000000000000,41.389649247599998,41.216355262299999,41.341134404599998,41.856327400399998,41.304153678200002,41.464569091800001,40.658258181699999,40.870945940699997,39.782854731400001,0.035816687971600,0.025448105689800,0.034911358472900,0.035170887478400,0.030093364961600,0.037964994698500,0.034117405633900,0.039836241561800,0.033700465283900,0.000000000000000,6798.222776120000162,0.031764217761300,3374.195354329999645,0.971713641374000,157.193750542000004,1.651497261650000,0.475809766970000,0.004644230193500,0.000000000000000,1.000000000000000,1.000000000000000,1.000000000000000,0.000000000000000,0.000000000000000,0.000000000000000,1.000000000000000,0.000000000000000,0.000000000000000,25.000000000000000,20.000000000000000,25.000000000000000,0.000000000000000,0.000000000000000,0.000000000000000,30.000000000000000,0.000000000000000,0.090815873124380,0.039887890077588,0.070671257627928,0.041455016534279,0.082317073170732,0.042391022314478,0.078425156913713,0.045330628288848,0.076767867839465,0.045776979097702,0.077412879144318,0.045575734763652,0.077537919315250,0.047580086852539,0.074657555914081,0.050868368605865,0.070320237702212,0.053846153846154,0.489899853026626,0.490266934851532,0.491729372080955,0.492645660305585,0.494593146063873,0.495938019510053,0.495090943419976,0.495428806428142,0.495212941564873,0.260193259486213,0.275148495880437,0.277837003271698,0.264282130313239,0.266659543398511,0.281142816732082,0.290985057715459,0.299574317133735,0.307196048071960,0.130703763201968,0.112126274162207,0.124708095485210,0.123755785202561,0.122544846937167,0.122988613907970,0.125118006167789,0.125525924519946,0.124166391548366,0.378108247657811,0.000000000000000,0.000000000000000,0.345948840551688,25.000000000000000,8.648721013792189,0.391730337948318,20.000000000000000,7.834606758966364,0.380506093737015,25.000000000000000,9.512652343425369,0.391693055936783,0.000000000000000,0.000000000000000,0.416399949552352,0.000000000000000,0.000000000000000,0.427317107707610,0.000000000000000,0.000000000000000,0.439538799968403,30.000000000000000,13.186163999052091,0.442570354651071,0.000000000000000,0.000000000000000,30290.000000000000000,49.52,"265",0.009
145.000000000000000,PALMERAH,JATI PULO,JAKARTA BARAT,"144",145.000000000000000,PALMERAH,JATI PULO,JAKARTA BARAT,145.000000000000000,122.392970474999998,192.272619224000010,187.940359795000006,150.015020096999990,122.392970474999998,194.687691946999990,191.960208254000008,169.331133437999995,115.235233679000004,161.371356676000005,0.911827956989000,0.868817204301000,0.866666666667000,0.894623655914000,0.925806451613000,0.889247311828000,0.938709677419000,0.955913978495000,0.972043010753000,0.966666666667000,52.800097632400004,388537.973431000020355,40763.651364700002887,40440.735034400000586,40539.907839999999851,42669.704310900000564,43343.353734099997382,43567.097258900008455,43384.474165699990408,43473.971575600000506,43159.521216499997536,41615.086183299994445,0.082567878427000,0.087097202676500,0.083301516292800,0.082820738767900,0.078013567446200,0.090244421129500,0.089278067363700,0.088292072917700,0.084462433821100,0.088930512737400,356.058907482999984,-0.015250092715800,-0.076400257708600,20.054155599400001,569279.734066999983042,33.197422848599999,25.776372122000001,35.085219810500000,41.552787922800000,36.392380985000003,32.194666149100001,29.750241044599999,40.506810793100001,29.580410573999998,-0.096524894400800,-0.101289131851000,-0.095620629301600,-0.095854847198300,-0.094761312684900,-0.105167081693000,-0.108447262087000,-0.100697955986000,-0.097794076538000,-0.105020900923000,1.000000000000000,41.307751487399997,41.147712264600003,41.210018563200002,41.697372215100003,41.272129171600000,41.388334790300000,40.690814963599998,40.833684192200003,39.607915554500003,0.030548263047300,0.023051588173700,0.031963151953900,0.036290242200700,0.028355193624000,0.036118701713200,0.030844446159800,0.035106061562600,0.027863170482900,0.000000000000000,6270.473008689999915,0.022124312732500,2427.865285110000059,0.986436231202000,181.900110383999987,1.691147672700000,0.455422752995000,0.004811084020770,2.000000000000000,0.000000000000000,2.000000000000000,1.000000000000000,2.000000000000000,1.000000000000000,0.000000000000000,1.000000000000000,0.000000000000000,10.000000000000000,0.000000000000000,17.500000000000000,15.000000000000000,15.000000000000000,10.000000000000000,0.000000000000000,20.000000000000000,0.000000000000000,0.084066032657456,0.048238531012620,0.064588305489260,0.049433174224344,0.076925257220600,0.050055270542218,0.072911434789888,0.053016351358893,0.074535713294284,0.051217277850262,0.075016726137377,0.052938224799286,0.074945751961275,0.055166082457019,0.070868127557025,0.061648825870089,0.066261733848702,0.063704263419454,0.495215024822059,0.494301909307876,0.492928204982852,0.494196104693342,0.494100991033506,0.494591882247993,0.495215044789406,0.495572493414784,0.496672382225581,0.284066550984995,0.294156706507304,0.298753864295503,0.272551224387806,0.291036414565826,0.297601199400300,0.303397073962005,0.311859214803701,0.318035426731079,0.132304563670076,0.114021479713604,0.126980527762818,0.125927786148781,0.125752991144546,0.127954950936663,0.130111834418294,0.132516953427114,0.129965997268156,0.440197310952206,20.000000000000000,8.803946219044114,0.395851483069836,0.000000000000000,0.000000000000000,0.427254867290870,35.000000000000000,14.953920355180452,0.404596328371090,15.000000000000000,6.068944925566350,0.423009925029715,30.000000000000000,12.690297750891451,0.438882937724661,10.000000000000000,4.388829377246615,0.454636208766659,0.000000000000000,0.000000000000000,0.472237162558649,20.000000000000000,9.444743251172984,0.478604614531313,0.000000000000000,0.000000000000000,34409.000000000000000,49.67,"129",0.004
146.000000000000000,PALMERAH,KEMANGGISAN,JAKARTA BARAT,"145",146.000000000000000,PALMERAH,KEMANGGISAN,JAKARTA BARAT,146.000000000000000,124.049248241000001,196.175517869000004,191.447271231000002,152.354350212000014,124.049248241000001,197.228687589999993,194.006601332000002,173.056559794999998,116.178145126000004,163.586584726000012,0.811336717428000,0.723773265651000,0.741539763113000,0.777495769882000,0.785532994924000,0.730964467005000,0.842216582064000,0.884094754653000,0.933164128596000,0.904822335025000,70.165080954800004,765394.805265999981202,17898.302622700000938,17610.632650600000488,17619.191426699999283,18594.891893700001674,18765.591926699999021,18751.327300000000832,18734.685235500000999,18697.121718499998678,18577.774341699998331,18092.777033499998652,0.113491765737000,0.129659260376000,0.119001544107000,0.119018779609000,0.114777381852000,0.125331273884000,0.128592635880000,0.126714782114000,0.116827191097000,0.125012700252000,1780.937184370000068,-0.010101914563400,-0.078009972987500,16.312096023399999,266059.643322999996599,33.833488412100003,26.056726369200000,36.487322300700001,41.656877997400002,31.691421534900002,26.640664301299999,29.978881919100001,37.786604209899998,30.852373429899998,-0.123927404862000,-0.142235377673000,-0.128679235549000,-0.128294573282000,-0.124147305131000,-0.136354901443000,-0.141771761885000,-0.136660256407000,-0.126987093775000,-0.136862368745000,0.000000000000000,41.163462806100000,41.182668212700001,41.165342681699997,41.829245398499999,41.198159148499997,41.567280571100000,40.593543830100003,40.999829407299998,39.739344181600003,0.014584635960100,0.003148255276370,0.008511354030220,0.012863399516700,0.005623897001260,0.007423048936840,0.006341027703630,0.015745509237100,0.005928165515040,3470.337783599999966,7769.409878639999988,0.005496058166640,3505.818556239999907,0.975282686909000,263.867564130000005,1.967776414500000,0.359716090163000,0.002811082223480,0.000000000000000,2.000000000000000,0.000000000000000,0.000000000000000,0.000000000000000,0.000000000000000,0.000000000000000,0.000000000000000,4.000000000000000,0.000000000000000,35.000000000000000,0.000000000000000,0.000000000000000,0.000000000000000,0.000000000000000,0.000000000000000,0.000000000000000,26.250000000000000,0.074574074574075,0.056025056025056,0.056942382944272,0.056510592362704,0.069194773314240,0.057457744137878,0.066512947853849,0.060609131911012,0.065980322547926,0.058981641140075,0.066800335016878,0.059973097129514,0.065459539189258,0.061721173897564,0.062117683192137,0.065572931330142,0.058605555701558,0.069380568184805,0.496746496746497,0.497692619079746,0.498376249776255,0.498124968327168,0.498301044730703,0.499099007639400,0.498982757743757,0.499321747587725,0.499855457149615,0.226261710486552,0.228296010677740,0.225390147531198,0.214802557774288,0.213648603163918,0.222053531264057,0.231858805013771,0.238480855506334,0.248407826863779,0.130599130599131,0.113452975306976,0.126652517452118,0.127122079764861,0.124961963688001,0.126773432146392,0.127180713086822,0.127690614522279,0.127986123886363,0.384109312136137,0.000000000000000,0.000000000000000,0.345759904428618,70.000000000000000,24.203193310003272,0.382537212639624,0.000000000000000,0.000000000000000,0.371111613963488,0.000000000000000,0.000000000000000,0.365144049168593,0.000000000000000,0.000000000000000,0.383785422195195,0.000000000000000,0.000000000000000,0.394499003968629,0.000000000000000,0.000000000000000,0.404931047740473,0.000000000000000,0.000000000000000,0.419460160067824,105.000000000000000,44.043316807121499,38051.000000000000000,49.99,"65",0.002
147.000000000000000,PALMERAH,KOTA BAMBU SELATAN,JAKARTA BARAT,"146",147.000000000000000,PALMERAH,KOTA BAMBU SELATAN,JAKARTA BARAT,147.000000000000000,123.706932537000000,194.464534543000013,189.981326663999994,151.292895361999996,123.706932537000000,196.551804550000014,193.281092935000004,171.304132347000007,115.844271681999999,162.792384626999990,0.870286576169000,0.790346907994000,0.808446455505000,0.835595776772000,0.828054298643000,0.782805429864000,0.840120663650000,0.880844645551000,0.915535444947000,0.929110105581000,58.591911764700001,245654.168501000007382,42966.098690400001942,42638.074079199999687,42689.327924700002768,45086.299433000000136,45781.643270400003530,46053.288651599999866,47462.769403099999181,48689.444772299997567,48281.122469800000545,45496.330197099996440,0.091623736624100,0.108576511228000,0.098948879428700,0.095921249703400,0.094196602831400,0.107035803082000,0.111354127813000,0.110238128793000,0.104249919595000,0.106403268789000,536.070281253999951,-0.014848220660500,-0.071306931735600,17.891450222400000,275205.812467999989167,33.688090144199997,25.562630578699999,36.112461793300000,42.478572534900003,37.348131100700002,29.281089305100000,31.331738362100001,41.367265118200002,31.336310763099998,-0.107087218092000,-0.125798354594000,-0.113000728634000,-0.107394571398000,-0.107743989588000,-0.117845720824000,-0.124943199729000,-0.121084578206000,-0.113911273995000,-0.119675837730000,0.000000000000000,41.427301210600000,41.291495351000002,41.417747187000003,42.011918743300001,41.311978124800000,41.495199880300000,40.653435280799997,41.015112389099997,39.887570581900000,0.034711939322100,0.023894668072900,0.026274321231800,0.032127114328000,0.025761428742100,0.028939018206800,0.024232564660100,0.032285377072400,0.027908071957000,0.000000000000000,7214.291430880000007,0.026124639854600,3192.764737859999968,0.981964537034000,122.431929625999999,1.681799088590000,0.408807926468000,0.004544509594150,1.000000000000000,0.000000000000000,0.000000000000000,0.000000000000000,0.000000000000000,0.000000000000000,0.000000000000000,0.000000000000000,0.000000000000000,10.000000000000000,0.000000000000000,0.000000000000000,0.000000000000000,0.000000000000000,0.000000000000000,0.000000000000000,0.000000000000000,0.000000000000000,0.084425211363545,0.037183956405017,0.065233921639252,0.038259895145476,0.081242895035998,0.038726790450928,0.076389148038960,0.040452289435385,0.078720878468616,0.041623386259089,0.080558655195997,0.041431193981498,0.079967718165550,0.043159409102074,0.075300778485492,0.047239915074310,0.070822380773564,0.050244085617724,0.489922666987218,0.489174370672750,0.492231906025009,0.492405866328320,0.491653064252856,0.492206903999136,0.492859398575389,0.493312101910828,0.492902741269245,0.272490281271438,0.278561857972309,0.284704672977256,0.261847693536857,0.281837597889359,0.284071982776130,0.291356066613799,0.302058039090800,0.313774116262452,0.121609167768562,0.103493816784728,0.119969685486926,0.116841437474345,0.120344264727705,0.121989849177495,0.123127127267624,0.122540693559802,0.121066466391288,0.366642315307760,10.000000000000000,3.666423153077603,0.319528465634218,0.000000000000000,0.000000000000000,0.389253089137029,0.000000000000000,0.000000000000000,0.357799832289713,0.000000000000000,0.000000000000000,0.383692150888939,0.000000000000000,0.000000000000000,0.393888208723222,0.000000000000000,0.000000000000000,0.408635760329750,0.000000000000000,0.000000000000000,0.421102488412745,0.000000000000000,0.000000000000000,0.426949079920618,0.000000000000000,0.000000000000000,26630.000000000000000,49.29,"253",0.010
148.000000000000000,KEMBANGAN,KEMBANGAN UTARA,JAKARTA BARAT,"147",148.000000000000000,KEMBANGAN,KEMBANGAN UTARA,JAKARTA BARAT,148.000000000000000,121.183371350000002,194.367831888000012,189.537135978999999,151.356655074999992,121.183371350000002,192.875524199000012,189.454671334000011,172.557174761999988,114.686756709999997,161.634197301000000,0.577413866440000,0.438749468311000,0.489153551680000,0.519140791153000,0.570820927265000,0.521905572097000,0.626116546151000,0.670353041259000,0.814972352191000,0.799659719268000,96.011148522300005,1262366.855629999889061,14365.955684700000347,14316.889993500000855,14508.605206300000646,15688.575242700000672,16031.556391300000541,16361.134228999999323,16536.095303400001285,16744.325309799998649,16818.043518999998923,16704.833411999999953,0.145451675505000,0.173556098662000,0.158396848383000,0.153440138634000,0.145194324666000,0.155428700051000,0.158208864619000,0.157407199390000,0.145807436648000,0.146803993265000,1185.950458049999952,-0.016492105945700,-0.090291555671000,31.370230168100001,2382679.853000000119209,23.555115045800001,22.266631548199999,27.184421836900000,32.221158407099999,24.458041796200000,21.975946760999999,21.984335300000001,32.249562224000002,25.957664810800001,-0.150737534076000,-0.176614516982000,-0.160768642346000,-0.155707510412000,-0.145158498148000,-0.155412919133000,-0.160574155140000,-0.158183380918000,-0.144944524082000,-0.149945039926000,3.000000000000000,39.003479568700001,40.457030896500001,40.424533117199999,40.769164029499997,39.994023767800002,40.043367672000002,39.981087594999998,40.734438160400003,38.407960609699998,-0.009266581573570,-0.020911856320600,-0.018984370482100,-0.010493986916500,-0.014842974178500,-0.018831420223300,-0.021680270078700,-0.009389529749550,-0.012803722896400,0.000000000000000,7734.676981540001179,-0.031480023267100,3117.133659009999974,0.986700669171000,451.268860001999997,2.927115112960000,0.299963961901000,0.003182564033910,2.000000000000000,0.000000000000000,0.000000000000000,0.000000000000000,4.000000000000000,0.000000000000000,2.000000000000000,9.000000000000000,5.000000000000000,25.000000000000000,0.000000000000000,0.000000000000000,0.000000000000000,20.000000000000000,0.000000000000000,52.500000000000000,41.666666666700003,41.000000000000000,0.088921209689553,0.029807579785011,0.068923422085849,0.031607773268666,0.082595960212363,0.032632574601819,0.077648885504845,0.035622042071632,0.078264431375991,0.036893999239299,0.077494246551549,0.038978708622212,0.077045126431195,0.042167555282380,0.072993012367114,0.045455192337797,0.069576181333639,0.047998395277531,0.489844024274036,0.490745323171335,0.491807530359431,0.492721816634568,0.494631206296264,0.495578167291465,0.495404451178547,0.495211123286891,0.495200160472247,0.289886476950219,0.304367909537711,0.310874111973450,0.281901359799147,0.277659381143546,0.287304251470660,0.293047422945756,0.299521454777476,0.309400562372188,0.118728789474564,0.100531195354515,0.115228534814182,0.113270927576477,0.115158430615290,0.116472955173761,0.119212681713575,0.118448204704911,0.117574576611170,0.376704280238529,50.000000000000000,18.835214011926453,0.348350443865862,0.000000000000000,0.000000000000000,0.401408883738867,0.000000000000000,0.000000000000000,0.371219063704249,0.000000000000000,0.000000000000000,0.383566961409054,80.000000000000000,30.685356912724359,0.403086904013275,0.000000000000000,0.000000000000000,0.415467597555944,105.000000000000000,43.624097743374087,0.419035470532900,375.000000000300020,157.138301449963365,0.427014248846459,205.000000000000000,87.537921013524084,69794.000000000000000,49.52,"257",0.004
149.000000000000000,KEMBANGAN,MERUYA UTARA,JAKARTA BARAT,"148",149.000000000000000,KEMBANGAN,MERUYA UTARA,JAKARTA BARAT,149.000000000000000,124.863981025000001,200.993291203000013,195.846396547000012,155.161941273999986,124.863981025000001,198.246299808999993,193.018942162000002,178.678947464999993,116.595364125000003,165.744392489000006,0.614057239057000,0.545664983165000,0.570286195286000,0.613846801347000,0.657196969697000,0.610058922559000,0.720538720539000,0.773148148148000,0.858796296296000,0.846801346801000,106.069773565000006,1362020.868969999952242,10912.143623100000696,11244.682068899999649,11556.125773600000684,12427.883723299999474,12642.623446600002353,12919.936334300000453,13109.077945000000909,13252.000740900000892,13377.384089299997868,13129.461627299999236,0.149523026091000,0.165904743150000,0.157452554179000,0.151448124704000,0.141806546675000,0.152722185460000,0.155263284556000,0.152397416934000,0.142340011785000,0.141995203767000,1955.279074450000053,-0.022342124962800,-0.096577263408800,21.461139139600000,294699.143303000018932,21.562254947600000,22.446109388099998,28.383639798400001,33.566051801500002,25.454667412900001,23.352577562800001,26.463859262200000,32.464906184500002,27.787172336600001,-0.156007123954000,-0.174149625826000,-0.161840155511000,-0.157074349032000,-0.148311658180000,-0.159829585140000,-0.161440286721000,-0.158420816762000,-0.145555303144000,-0.149799729704000,0.000000000000000,39.751818308899999,40.502885065500003,40.267463225800000,40.912115268000001,39.805673918399997,39.904916732399997,39.771126416999998,40.841244051600000,38.722280540600003,-0.008950594108470,-0.014315206536300,-0.009181594253550,-0.003655255438300,-0.008223500869990,-0.011131154522400,-0.008463874537890,-0.002517026249110,-0.005667602718860,0.000000000000000,10394.609244999999646,-0.019112381720700,2789.898291590000099,0.985334716929000,368.534687775000009,2.213108116890000,0.321685975319000,0.002689693045370,3.000000000000000,2.000000000000000,4.000000000000000,2.000000000000000,0.000000000000000,2.000000000000000,4.000000000000000,1.000000000000000,1.000000000000000,25.000000000000000,25.000000000000000,18.125000000000000,10.833333333300001,0.000000000000000,30.000000000000000,39.375000000000000,35.000000000000000,17.500000000000000,0.084798280005059,0.048016525441592,0.066678972844368,0.050968085979161,0.080977991379639,0.051779379791738,0.075421822272216,0.056017997750281,0.076554760594386,0.058869932122546,0.073949519056918,0.060931510812179,0.072490207651446,0.064656328808284,0.067788802267895,0.068834160170092,0.063021265841066,0.071235151821497,0.494751486025041,0.494482730330626,0.495594461608880,0.495856767904012,0.497046413502110,0.498499312938454,0.499847972670852,0.500407512402551,0.500938729826335,0.220149519401922,0.235532671101795,0.244434876210980,0.227989971980534,0.225029437891214,0.235812113219032,0.248234611614555,0.255775025108805,0.257592688669833,0.132814805446651,0.117647058823529,0.132757371171377,0.131439820022497,0.135424692716932,0.134881029869097,0.137146536459730,0.136622962437987,0.134256417662563,0.371410082338919,75.000000000000000,27.855756175418907,0.345006037670327,50.000000000000000,17.250301883516350,0.402007131688703,72.500000000000000,29.145517047430992,0.382738894780901,21.666666666600001,8.292676053560672,0.397682411276041,0.000000000000000,0.000000000000000,0.416488393943339,60.000000000000000,24.989303636600315,0.443967185819851,157.500000000000000,69.924831766626582,0.453929483242615,35.000000000000000,15.887531913491513,0.452714037459458,17.500000000000000,7.922495655540510,55394.000000000000000,50.09,"138",0.002
150.000000000000000,KEMBANGAN,MERUYA SELATAN,JAKARTA BARAT,"149",150.000000000000000,KEMBANGAN,MERUYA SELATAN,JAKARTA BARAT,150.000000000000000,127.034105939000000,205.253724099999999,199.773369472000013,157.699110665999996,127.034105939000000,201.458343506000006,195.385004653000010,182.700151661999996,117.924786975000004,168.394434883000002,0.496969696970000,0.433766233766000,0.414718614719000,0.475613275613000,0.510533910534000,0.477633477633000,0.574603174603000,0.619624819625000,0.746897546898000,0.714862914863000,105.779131355999994,896167.374737999867648,11581.421551199999158,11164.515071300000272,11457.291952400000810,12456.827675000000454,12817.193447600000582,13125.892711799999233,13413.470447300000160,13692.599571400000059,13795.607641700000386,13730.943269499999587,0.180921752258000,0.201418103746000,0.194891641713000,0.183077206204000,0.175279444746000,0.187213802041000,0.189807851177000,0.185505163600000,0.170114359053000,0.171355321620000,2925.006447310000112,-0.022577316539300,-0.098578370340900,33.405533470100004,32951.598546300003363,16.549377869499999,17.054299578900000,21.812034960799998,26.149581475500000,20.052279258300000,18.503327443900002,22.642815651599999,26.548938338199999,24.957249059500000,-0.185558336452000,-0.205861997059000,-0.195991976463000,-0.183485343207000,-0.177619224077000,-0.193082870071000,-0.192819002636000,-0.189131141586000,-0.171583912376000,-0.178527868452000,0.000000000000000,39.922436036199997,40.220820305499998,40.125058747700002,40.701218747699997,39.748256988100003,39.992585195300002,39.478887459200003,40.847882223600003,38.549717039900003,-0.022197623779400,-0.038189428244100,-0.024413772562700,-0.018950131897500,-0.026555165502400,-0.026961054444500,-0.027868272473400,-0.014408042536700,-0.020283608882300,0.000000000000000,11866.166542599999957,-0.035460748637100,3015.274850379999862,0.986360032199000,317.723875770999996,2.306578676540000,0.285751059692000,0.003023305694130,2.000000000000000,2.000000000000000,3.000000000000000,0.000000000000000,0.000000000000000,2.000000000000000,2.000000000000000,2.000000000000000,1.000000000000000,21.250000000000000,17.500000000000000,17.500000000000000,0.000000000000000,0.000000000000000,15.000000000000000,22.500000000000000,15.000000000000000,50.000000000000000,0.089789859712440,0.036090575702893,0.068720043109561,0.038117927337701,0.081674709795226,0.038893961132125,0.077679748504209,0.042465267214278,0.078056146952518,0.044684854186265,0.078635625863030,0.046004021415247,0.077507238122360,0.049005648108595,0.072877164056059,0.050524084324579,0.068156001514578,0.053128549791745,0.496711100762559,0.497092940809439,0.497404460675623,0.499467599634925,0.499331583898599,0.499333801690932,0.499121932697328,0.499917559769167,0.499195380537675,0.257064600173692,0.265830422356304,0.259641016527457,0.250471994965387,0.245818791009354,0.254254418312437,0.259103903390419,0.266885020734832,0.277430253121123,0.125880435415333,0.106837970447262,0.120568670927351,0.120145015718487,0.122741001138783,0.124639647278277,0.126512886230955,0.123401248380638,0.121284551306323,0.403593266417198,42.500000000000000,17.152713822730906,0.363749945507453,35.000000000000000,12.731248092760858,0.396219300973163,52.500000000000000,20.801513301091052,0.398080778668675,0.000000000000000,0.000000000000000,0.399354839081534,0.000000000000000,0.000000000000000,0.413380014252733,30.000000000000000,12.401400427581985,0.422245542757967,45.000000000000000,19.001049424108530,0.426921941268398,30.000000000000000,12.807658238051927,0.427880579778055,50.000000000000000,21.394028988902747,42256.000000000000000,49.92,"20",0.000
151.000000000000000,KEMBANGAN,SRENGSENG,JAKARTA BARAT,"150",151.000000000000000,KEMBANGAN,SRENGSENG,JAKARTA BARAT,151.000000000000000,126.800121160000003,203.499586875999995,198.148151352000014,156.729842512000005,126.800121160000003,201.218173022000002,196.119772441000009,180.572941912000005,117.738517923000003,167.638685785999996,0.581213307241000,0.484540117417000,0.509393346380000,0.534637964775000,0.570254403131000,0.522700587084000,0.618982387476000,0.686105675147000,0.798238747554000,0.756555772994000,92.213547546699999,1453278.590749999973923,10453.091267399999197,10753.989649200000713,10957.441727900000842,11761.812675600000148,12163.449465300000156,12502.975210499998866,12670.214136000000508,12847.548849700000574,12961.455676899999162,12730.569391299999552,0.152218545297000,0.178429334251000,0.171089277333000,0.164317988092000,0.154112457707000,0.166156324227000,0.172013541114000,0.162847184923000,0.154334980883000,0.159410684613000,747.392770219999989,-0.013769993629000,-0.089940652543200,28.443909519900000,759177.542632000055164,18.239112713000001,18.976135791400001,24.039671200200001,28.647511130900000,23.303871186799999,21.168020004900001,24.512050347799999,28.824798734800002,28.002820817100002,-0.160481128318000,-0.188013161433000,-0.176069479057000,-0.168303890144000,-0.158558582816000,-0.173574757436000,-0.178937810940000,-0.168535983811000,-0.157789737164000,-0.166823364383000,0.000000000000000,39.943754678700003,40.862619911899998,40.736635397400001,41.210065065899997,40.516831476400000,40.456280324600002,39.851935652000002,41.204016315300002,39.037948178699999,-0.008115702168490,-0.022985005682500,-0.016396937890500,-0.009587209537700,-0.018143816388800,-0.019814552488800,-0.016311589960600,-0.007359666564840,-0.015520020284000,0.000000000000000,10979.196453200000178,-0.028140569363300,3185.341867470000125,0.982963805073000,339.556542277999995,1.963517119200000,0.317838167207000,0.002519113028210,1.000000000000000,1.000000000000000,1.000000000000000,2.000000000000000,0.000000000000000,0.000000000000000,0.000000000000000,0.000000000000000,0.000000000000000,20.000000000000000,40.000000000000000,15.000000000000000,13.750000000000000,0.000000000000000,0.000000000000000,0.000000000000000,0.000000000000000,0.000000000000000,0.088675279087328,0.037184432335354,0.068501382045427,0.040299643472339,0.082010038999086,0.040603832733108,0.077479655726169,0.044441637646379,0.078833731217526,0.046218929925572,0.077949073272129,0.047895375021653,0.076497317981482,0.049694215723120,0.072032104576934,0.053355233079906,0.068183777260581,0.056012412723041,0.492785567052389,0.493129832151584,0.496482618350096,0.497555078399884,0.498156859991574,0.499514983544085,0.500000000000000,0.501092165196336,0.499801741229204,0.232684335553589,0.247485945933839,0.247979520162485,0.231902939500041,0.229482861105607,0.225930479926615,0.234450955903545,0.243156657567486,0.251542112646285,0.125859711422682,0.108801025517766,0.122613871732194,0.121921293372548,0.125052661143098,0.125844448293782,0.126191533704602,0.125387337656840,0.124196189983622,0.353765825596842,20.000000000000000,7.075316511936848,0.325405721739292,40.000000000000000,13.016228869571689,0.383801630058381,15.000000000000000,5.757024450875718,0.371581275812603,27.500000000000000,10.218485084846593,0.381181295619619,0.000000000000000,0.000000000000000,0.387913370549016,0.000000000000000,0.000000000000000,0.400801516218045,0.000000000000000,0.000000000000000,0.414502413424364,0.000000000000000,0.000000000000000,0.412197865259028,0.000000000000000,0.000000000000000,58005.000000000000000,49.98,"0",0.000
152.000000000000000,KEMBANGAN,JOGLO,JAKARTA BARAT,"151",152.000000000000000,KEMBANGAN,JOGLO,JAKARTA BARAT,152.000000000000000,128.841034763000010,208.271823821999988,202.523229084999997,159.553672290999998,128.841034763000010,204.140002922999997,197.819535932000008,185.321795199999997,119.084048539999998,170.435685841000009,0.575763747454000,0.459674134420000,0.453156822811000,0.532993890020000,0.576578411405000,0.508350305499000,0.613645621181000,0.643584521385000,0.781670061100000,0.740325865580000,100.361592271999996,1231439.671469999942929,10048.563563600000634,10157.126264200000151,10369.452051199999914,11132.819250900000043,11415.310825399999885,11705.344650700000784,11848.647415400000682,12007.034681700002693,12085.199826100000791,11855.046900899998946,0.171587820737000,0.197389900328000,0.195039227537000,0.179689739513000,0.170561394008000,0.187842181427000,0.191960887832000,0.188292694632000,0.167912943814000,0.174217211001000,2553.323042489999807,-0.017956191427200,-0.084149311903100,35.367933980600000,146485.175868999998784,16.581108514000000,17.470282912700000,20.922389035999998,25.082960769900001,19.273135936700001,17.330712156299999,21.514496084800001,24.783444753200001,24.739399469799999,-0.177808445668000,-0.201876723045000,-0.194889461586000,-0.181149844158000,-0.175397874629000,-0.193001974286000,-0.194593629372000,-0.192041725478000,-0.170860118177000,-0.180599932790000,0.000000000000000,39.612839411000003,40.394144365300001,40.199211395399999,40.972903015699998,40.457854702399999,40.311060200699998,39.564556221600000,41.150696736000000,38.725682361899999,-0.014133915931800,-0.036861789761700,-0.019323327302400,-0.011937509587400,-0.025768851312500,-0.026262817234600,-0.027417657365500,-0.010340629190400,-0.017865971119600,0.000000000000000,12677.958721099999821,-0.033932877648900,3216.602453399999831,0.985388950186000,402.548460492000004,2.185349146580000,0.278925304756000,0.002722303299330,3.000000000000000,2.000000000000000,3.000000000000000,3.000000000000000,1.000000000000000,1.000000000000000,2.000000000000000,7.000000000000000,16.000000000000000,18.333333333300001,32.500000000000000,8.333333333330000,16.666666666699999,80.000000000000000,50.000000000000000,25.000000000000000,26.785714285699999,36.718750000000000,0.085799149434081,0.041943250601922,0.065616045845272,0.045580780251267,0.078628618353521,0.047710942311640,0.073058903615905,0.051896047731550,0.075466172019916,0.052679878941716,0.074630608387022,0.054685390224142,0.073836489959075,0.057218996859237,0.070654537889820,0.058683359494676,0.065105070368228,0.061654135338346,0.497153529398528,0.496914260524576,0.497556969821392,0.498818724222160,0.500263594650005,0.501080205238995,0.501798800799467,0.502467991754449,0.502988239830345,0.248023411027826,0.267278498142361,0.269320734616364,0.253185856591582,0.247267219807718,0.259806043813317,0.266641081403778,0.273679993252362,0.283450591279430,0.127742400036003,0.111196826096539,0.126339560665161,0.124954951347455,0.128146050961632,0.129315998611164,0.131055486818312,0.129337897384496,0.126759205706574,0.401813920186070,54.999999999899998,22.099765610193689,0.375948454627004,65.000000000000000,24.436649550755259,0.422933249034342,24.999999999989999,10.573331225854327,0.409944642729249,50.000000000100002,20.497232136503467,0.421195637619528,80.000000000000000,33.695651009562262,0.442573182591064,50.000000000000000,22.128659129553188,0.458879596758691,50.000000000000000,22.943979837934545,0.465762543675426,187.499999999900012,87.330476939095874,0.472283276652822,587.500000000000000,277.466425033533199,51870.000000000000000,50.30,"178",0.003
153.000000000000000,KEMBANGAN,KEMBANGAN SELATAN,JAKARTA BARAT,"152",153.000000000000000,KEMBANGAN,KEMBANGAN SELATAN,JAKARTA BARAT,153.000000000000000,123.100262792999999,197.791177604000012,192.855567798000010,153.274840385000005,123.100262792999999,195.617440724000005,191.051635180999995,175.733571454000014,115.587484059999994,163.719844375000008,0.499112601065000,0.389666732400000,0.433247880103000,0.462630644843000,0.495957404851000,0.436600276080000,0.567738118714000,0.625123249852000,0.759021889174000,0.723723131532000,117.932258426000004,1132580.671420000027865,6411.720161059999555,6476.476050899999791,6614.636733669999558,7130.022651430000224,7252.881428730000152,7400.356314829999974,7479.527043160000176,7611.478257050000138,7674.460012919999826,7527.428660309999941,0.155553695127000,0.178191205758000,0.167436965059000,0.161590802637000,0.155563864415000,0.166830001261000,0.172404554828000,0.172379936054000,0.161618192245000,0.162488515180000,1294.811220000000048,-0.019733603504600,-0.090419475389800,20.174918818700000,1444190.646179999923334,23.119916374700001,23.969574393900000,28.964965920499999,33.685801340700003,26.087571319799999,24.517536052800001,24.901584470900001,34.183729808000002,27.709662108200000,-0.155883565769000,-0.179173507308000,-0.164821429870000,-0.160599969871000,-0.153450081221000,-0.165305516626000,-0.172422218490000,-0.170175042508000,-0.157641573071000,-0.162304315347000,0.000000000000000,39.278742746399999,40.571606334700000,40.342962980599999,40.882011333599998,39.909084278900004,39.984600144100000,40.007579468899998,40.896262627200002,38.743921253200000,-0.022913397611800,-0.033584515955500,-0.028842534205900,-0.023347365904100,-0.033510666901100,-0.037696668728700,-0.036828894881500,-0.025875849700100,-0.032052989813600,94320.042357300000731,9303.207830840001407,-0.042032926978300,2977.856862290000208,0.983586712845000,473.086825972999975,2.364780533570000,0.249691740799000,0.001976159361150,1.000000000000000,1.000000000000000,1.000000000000000,1.000000000000000,2.000000000000000,1.000000000000000,1.000000000000000,4.000000000000000,7.000000000000000,15.000000000000000,30.000000000000000,25.000000000000000,7.500000000000000,20.000000000000000,20.000000000000000,7.500000000000000,40.000000000000000,38.214285714299997,0.081940830023284,0.049308313929599,0.063164247158615,0.051865759211453,0.078131317843924,0.052315635594538,0.074698058400856,0.057667023390919,0.074498052142643,0.061162721006892,0.072671746671806,0.066148782874255,0.071353650719655,0.069547229182449,0.067676125527365,0.073599953765243,0.065551070913001,0.077983678519871,0.500239693192713,0.499815603312435,0.501197474417592,0.500963155480813,0.501528318849266,0.502238562575978,0.502884447293281,0.503380916604057,0.503196535368117,0.228825691623138,0.243043429802727,0.248198922850948,0.229826423362662,0.224621377480775,0.233634947466110,0.242155236887458,0.248499245610093,0.252846934447091,0.131249143952883,0.115030006370068,0.130446953438462,0.132365081791775,0.135660773149535,0.138820529546061,0.140900879902104,0.141276079292608,0.143534749432872,0.410004700372366,15.000000000000000,6.150070505585484,0.378580804159930,30.000000000000000,11.357424124797886,0.434121698484261,25.000000000000000,10.853042462106526,0.418512315086148,7.500000000000000,3.138842363146107,0.425398062267207,40.000000000000000,17.015922490688272,0.447782813768832,20.000000000000000,8.955656275376631,0.466338349284848,7.500000000000000,3.497537619636359,0.477080358646212,160.000000000000000,76.332857383393844,0.486626843106169,267.500000000099988,130.172680530948895,33943.000000000000000,50.32,"0",0.000
154.000000000000000,TEBET,TEBET TIMUR,JAKARTA SELATAN,"153",154.000000000000000,TEBET,TEBET TIMUR,JAKARTA SELATAN,154.000000000000000,133.214763572000010,205.672552223999986,200.126902070000000,157.295266257000009,133.214763572000010,208.142483513999991,201.918942998000006,180.472058099000009,120.602671309000002,172.114534423000009,0.929340511440000,0.896366083445000,0.899730820996000,0.919919246299000,0.919246298789000,0.895693135935000,0.936069986541000,0.954239569314000,0.967698519515000,0.956931359354000,115.338089479999994,541796.994940000004135,15504.657540099999096,15969.343913700000485,15883.962514999999257,16219.443409100002100,16502.788758899998356,16397.006495000001451,16297.268931900000098,16258.733964299999570,16186.197554799999125,15757.779385899999397,0.100567637252000,0.107071148746000,0.103366766849000,0.102183063526000,0.096474055178300,0.103915650478000,0.107363601856000,0.102321370511000,0.100745039489000,0.101593150969000,661.500531141000010,-0.019650358796700,-0.045945831712000,27.553138441900000,192876.203204999997979,27.472204608700000,25.612412884699999,33.453067742099996,34.144186411200003,26.027829132099999,26.057308929200001,30.502858623600002,35.894647095899998,42.082797435899998,-0.115962534283000,-0.131488020463000,-0.117320769864000,-0.119355843346000,-0.110873009042000,-0.122104088900000,-0.126875312921000,-0.122126532538000,-0.120144681098000,-0.120347020992000,0.000000000000000,41.077650748200000,41.618149906500001,41.650893134500002,42.218033265599999,41.810424536100001,41.768386959600001,39.883194834900003,41.797312657100001,40.191247029600000,0.032636136234100,0.022801419079100,0.033152116137600,0.035315809576500,0.026783353310300,0.033511243848600,0.028732219537600,0.030883573834900,0.026594310733900,0.000000000000000,12263.554328000000169,0.029324509313000,3282.682675019999806,0.983202503298000,194.249395101999994,2.307494185420000,0.406709541599000,0.003115287460520,0.000000000000000,3.000000000000000,0.000000000000000,0.000000000000000,2.000000000000000,3.000000000000000,0.000000000000000,2.000000000000000,1.000000000000000,0.000000000000000,26.666666666699999,0.000000000000000,0.000000000000000,10.000000000000000,21.666666666699999,0.000000000000000,32.500000000000000,20.000000000000000,0.061603974449965,0.074237047551455,0.048235182190086,0.077252402245267,0.059675766328147,0.076958911767446,0.057689666224074,0.081223387207545,0.058061840468181,0.080687525920464,0.057582641754370,0.080903148036534,0.059392136815689,0.084255042290176,0.053729810475212,0.087480160582579,0.050731239510909,0.091776552385519,0.514927844807192,0.515792978784131,0.514255101090096,0.514536880179479,0.516934703469886,0.518429227131531,0.518821451807789,0.518952478760153,0.517333972668425,0.156470710427918,0.152702772205935,0.138475647034848,0.138568360057945,0.132001409088622,0.144966375082166,0.156036273367445,0.164603206819566,0.167977498828064,0.135841022001420,0.125487584435353,0.136634678095593,0.138913053431619,0.138749366388645,0.138485789790904,0.143647179105865,0.141209971057791,0.142507791896428,0.436346118395507,0.000000000000000,0.000000000000000,0.409730519525930,80.000000000100002,32.778441562115340,0.415407052178339,0.000000000000000,0.000000000000000,0.423386319094919,0.000000000000000,0.000000000000000,0.430744527049739,20.000000000000000,8.614890540994782,0.452860760733001,65.000000000100002,29.435949447690373,0.480864368112767,0.000000000000000,0.000000000000000,0.484110526008624,65.000000000000000,31.467184190560570,0.481235229950562,20.000000000000000,9.624704599011245,20855.000000000000000,51.73,"44",0.002
155.000000000000000,TEBET,TEBET BARAT,JAKARTA SELATAN,"154",155.000000000000000,TEBET,TEBET BARAT,JAKARTA SELATAN,155.000000000000000,133.256398614000005,206.199919525000013,200.670516689999999,157.752192438000009,133.256398614000005,208.329017466000010,202.033478717999998,181.025742774000008,120.667216330000002,172.248589796000005,0.854018589393000,0.816839803171000,0.820667031165000,0.842536905413000,0.841990158557000,0.797703663204000,0.880809185347000,0.898851831602000,0.943685073811000,0.935483870968000,58.984083674399997,653212.269760999944992,14891.112178900000799,15200.439440399999512,15026.824930000000677,15428.461314899997888,15729.841433300000062,15715.169784600000639,15581.902308299999277,15693.773630100000446,15637.532309899999746,14997.481632400000308,0.110535764996000,0.122280184630000,0.117744642402000,0.112174971694000,0.106237356933000,0.114662214303000,0.120146683385000,0.115512945102000,0.109562163835000,0.109890981507000,1272.234297400000059,-0.017489745859100,-0.038081383972300,25.957612574300001,224713.811554999992950,30.245665143200000,27.838917516900000,36.706267646999997,37.477945052899997,28.971363389899999,28.219143419400002,30.858859037399998,35.981774473900003,42.170906290200001,-0.122810006025000,-0.140157784955000,-0.130018829800000,-0.124717181692000,-0.117871658745000,-0.129487085556000,-0.136942556777000,-0.130660189431000,-0.124216446377000,-0.124947089495000,0.000000000000000,40.432682566099999,41.422651626899999,41.424829867500002,41.898612087200000,41.376564493499998,41.384056478900000,39.674949294199997,41.580057389600000,39.791290538100000,0.020073484418300,0.013039750826800,0.021736988231400,0.022978009754100,0.014147783515200,0.021483000910200,0.013868022435300,0.020984695685400,0.016147217022100,0.000000000000000,12319.266490800000611,0.016540637553700,2802.177498919999834,0.989226490891000,229.560950641000005,1.731419258030000,0.398202751653000,0.002680020782230,1.000000000000000,3.000000000000000,0.000000000000000,0.000000000000000,4.000000000000000,3.000000000000000,3.000000000000000,3.000000000000000,5.000000000000000,10.000000000000000,21.666666666699999,0.000000000000000,0.000000000000000,16.875000000000000,24.166666666699999,20.000000000000000,13.333333333300001,25.000000000000000,0.063704001608687,0.069052885582143,0.049631829461779,0.072413652821285,0.063594579602187,0.074213487598066,0.061793167774280,0.077299755159146,0.063251254522115,0.076827323297156,0.061909058809683,0.076935148495429,0.059052664381427,0.079464007478965,0.055003909304144,0.082681782642690,0.050544165002242,0.086047364773978,0.508747235069375,0.509661934014076,0.509033996354703,0.510512611247134,0.511922822577508,0.513633332025580,0.513672483639763,0.514698983580923,0.510862919333143,0.166954978931027,0.164914760180196,0.154952285502636,0.155964477841346,0.153750748438970,0.164026175305665,0.177899184771010,0.188537532539581,0.200565970993986,0.132756887190830,0.122045482283064,0.137808067200253,0.139092922933426,0.140078577819271,0.138844207305112,0.138516671860392,0.137685691946834,0.136591529776220,0.401126782035348,10.000000000000000,4.011267820353479,0.375668494234470,65.000000000100002,24.418452125278115,0.403884518948531,0.000000000000000,0.000000000000000,0.417495118925516,0.000000000000000,0.000000000000000,0.426480299327360,67.500000000000000,28.787420204596785,0.444468041067082,72.500000000100002,32.223932977407898,0.458435525619192,60.000000000000000,27.506131537151539,0.473696616609954,39.999999999899998,18.947864664350789,0.459866872776227,125.000000000000000,57.483359097028341,24533.000000000000000,51.09,"79",0.003
156.000000000000000,TEBET,MENTENG DALAM,JAKARTA SELATAN,"155",156.000000000000000,TEBET,MENTENG DALAM,JAKARTA SELATAN,156.000000000000000,132.295663006000012,205.121738040999986,199.797754000999987,157.245672530000007,132.295663006000012,207.257680034999993,201.037507968999989,180.188549260000002,120.057853734999995,171.224543267000001,0.712449504223000,0.648916636063000,0.614395886889000,0.686375321337000,0.699228791774000,0.627616599339000,0.751009915534000,0.765699596034000,0.883217040029000,0.824091076019000,97.900107991400006,726559.182537000044249,17468.229862699998193,17744.397634600001766,17638.052432899999985,18201.104935100000148,18565.069327099998191,18467.380130199999257,18364.744644800000970,18456.663171899999725,18324.762146500001109,17615.794134899999335,0.130148927990000,0.149819678146000,0.135116688542000,0.133607915146000,0.125838380748000,0.138343288310000,0.152812383070000,0.146203043179000,0.137940500893000,0.142424451425000,1965.998903520000113,-0.016090495060800,-0.042042316333800,20.631968822899999,177028.013872000010451,34.886954530600001,30.647269002700000,41.559238202700001,44.105650792900001,33.859869069500000,31.385930972000001,31.859682356499999,36.546265269899997,40.225585613400000,-0.137451443300000,-0.157798313808000,-0.140929239661000,-0.141387328726000,-0.133003927730000,-0.146670870012000,-0.161398078919000,-0.154279192811000,-0.144518291109000,-0.150518440537000,0.000000000000000,39.436350272500000,40.939694375400002,41.029110891999999,41.338296131400000,40.925832608199997,40.575739523400003,39.637649175400000,41.241266327399998,39.498112976199998,0.007911165203080,-0.006494243771860,0.004467277137610,0.009160507228310,0.001401587114810,0.001868100034070,-0.005326951989380,0.002613249928490,-0.002983454066340,35543.841131200002565,11917.926956200000859,-0.001931893830750,3099.732918690000588,0.984185346662000,241.581711205000005,2.274697048250000,0.276777374358000,0.002252621803350,0.000000000000000,1.000000000000000,0.000000000000000,2.000000000000000,2.000000000000000,3.000000000000000,2.000000000000000,0.000000000000000,4.000000000000000,0.000000000000000,15.000000000000000,0.000000000000000,10.000000000000000,20.000000000000000,36.666666666700003,20.000000000000000,0.000000000000000,16.250000000000000,0.078724244465609,0.045808265000348,0.061671846883690,0.047883900820266,0.074914509590778,0.049233417125258,0.069382770870337,0.053263765541741,0.068901636051157,0.051112648706560,0.067984917179153,0.051734973290838,0.067534671818121,0.054782589275744,0.062892232944193,0.058101086443080,0.058427124037719,0.061679575075461,0.494831471114312,0.495407912878876,0.499196050456326,0.499134103019538,0.500234359306296,0.501705795214796,0.501909462447239,0.502643003351553,0.502983363361958,0.235291034410462,0.236794407042983,0.232256100654457,0.223510466988728,0.216974794097887,0.225896483839617,0.231866118730505,0.236007740398928,0.247893979864393,0.124532509465957,0.109555747703956,0.124147926716036,0.122646536412078,0.120014284757717,0.119719890469991,0.122317261093865,0.120993319387273,0.120106699113180,0.365484388095661,0.000000000000000,0.000000000000000,0.330164753257817,15.000000000000000,4.952471298867254,0.388037268678191,0.000000000000000,0.000000000000000,0.374391677851021,20.000000000000000,7.487833557020426,0.367153194098027,40.000000000000000,14.686127763921062,0.384785967223499,110.000000000100016,42.326456394623328,0.399336997468725,40.000000000000000,15.973479898748984,0.404626299502341,0.000000000000000,0.000000000000000,0.416840253173890,65.000000000000000,27.094616456302823,42737.000000000000000,50.30,"287",0.007
157.000000000000000,TEBET,KEBON BARU,JAKARTA SELATAN,"156",157.000000000000000,TEBET,KEBON BARU,JAKARTA SELATAN,157.000000000000000,133.333117624000010,205.466561670000004,199.869622378000003,157.033808609999994,133.333117624000010,208.176771032000005,201.994687048999992,180.211207139999999,120.643173481999995,172.182101614999993,0.891472868217000,0.872445384073000,0.883720930233000,0.909090909091000,0.890063424947000,0.856236786469000,0.916138125440000,0.920366455250000,0.954897815363000,0.947850599013000,45.844471236700002,559778.284027999965474,32583.907805200000439,33287.482519600001979,33132.981315500001074,33984.718723099998897,34614.608247900003335,34739.001525100000435,34516.361328300001333,34494.176540000000386,34298.475014700001338,33031.565140400001837,0.097669135405000,0.103808605949000,0.095381928152300,0.098832688532600,0.094966584271800,0.101061532031000,0.102594114664000,0.102343133881000,0.099622166549500,0.098993143573400,185.393463719000010,-0.023747120009600,-0.050567734297600,27.189606855000001,657136.495191999943927,27.059174968000001,25.317102445700002,33.603532514599998,33.264765806900002,24.528604914799999,24.208914934799999,27.357263360000001,33.427291934899998,36.393423738700001,-0.115663741894000,-0.127556033317000,-0.110813951591000,-0.114933874190000,-0.111052192005000,-0.121028810703000,-0.123014286271000,-0.123094157771000,-0.119734817314000,-0.118433419479000,6.000000000000000,41.220869075099998,41.770011950399997,41.666425402800002,42.234702405699998,41.918013093799999,41.794005972699999,39.995525608299999,41.874393079999997,40.364049992399998,0.035286077456500,0.026268054154600,0.038040440654400,0.038480591055600,0.029560708298400,0.039775363851400,0.033182572917900,0.035551929163900,0.034461254753000,0.000000000000000,12348.178075800000443,0.032655740704800,3570.541704069999923,0.991093473088000,181.541047990000010,1.962889621020000,0.431618591319000,0.004486873356570,1.000000000000000,2.000000000000000,4.000000000000000,2.000000000000000,3.000000000000000,9.000000000000000,6.000000000000000,5.000000000000000,8.000000000000000,25.000000000000000,35.000000000000000,27.500000000000000,35.000000000000000,18.333333333300001,26.111111111100001,36.666666666700003,27.000000000000000,29.375000000000000,0.080760716920953,0.052412348558779,0.063058969821608,0.054545889329954,0.075933135942928,0.055300398666449,0.071415491668193,0.058734663980956,0.069380773178241,0.057589234804425,0.067968965200624,0.057960701496649,0.067093899301727,0.060570562293275,0.063711335443184,0.063411028205780,0.059054929239626,0.065579275605661,0.495061052531359,0.496699985652111,0.498752710232439,0.499175975096136,0.500262287604060,0.500918189330640,0.501194413818449,0.500612164753170,0.499352362676901,0.244022617124394,0.243247545768108,0.229608120127662,0.223156764495347,0.218287284384064,0.225399258975342,0.235489051467027,0.240938655783701,0.252447626065902,0.133173065479732,0.117604859151562,0.131233534609377,0.130150155649149,0.126970007982666,0.125929666697273,0.127664461595002,0.127122363648964,0.124634204845287,0.399421572090426,25.000000000000000,9.985539302260642,0.366626243582870,70.000000000000000,25.663837050800879,0.401660190324356,110.000000000000000,44.182620935679161,0.394537780521055,70.000000000000000,27.617644636473820,0.387489161919299,54.999999999899998,21.311903905522676,0.396196237029513,234.999999999900012,93.106115701895817,0.413202939272856,220.000000000200032,90.904646640110940,0.413905295726926,135.000000000000000,55.877214923135071,0.411576250557563,235.000000000000000,96.720418881027229,41690.000000000000000,49.94,"220",0.005
158.000000000000000,TEBET,BUKIT DURI,JAKARTA SELATAN,"157",158.000000000000000,TEBET,BUKIT DURI,JAKARTA SELATAN,158.000000000000000,130.626282669000005,201.200905068999987,196.099386000000010,154.516075370000010,130.626282669000005,204.765231266999990,199.035265202999994,176.504500043000007,118.946509429000002,169.091158032999999,0.943022295623000,0.922378199835000,0.953757225434000,0.953757225434000,0.959537572254000,0.921552436003000,0.972749793559000,0.977704376548000,0.992568125516000,0.984310487201000,55.033272837299997,415981.233491000020877,39032.728066800002125,38989.961644100003468,38575.313284800002293,38685.948160899999493,39409.258527600002708,39259.576048199996876,39024.360723300000245,39329.303911299997708,39144.292647800008126,37504.293307400002959,0.090707392910900,0.095002713799300,0.094148543419900,0.082370982939100,0.079798585236100,0.087356050151900,0.087980992191700,0.087526373625200,0.086065576917100,0.085490099069800,229.185990274999995,-0.021743603317900,-0.058351257314500,58.374784576800003,969691.510039999964647,28.215577231499999,25.872636280399998,31.623646625399999,35.211185538199999,26.258222079599999,27.148657976399999,26.502487922000000,33.731371456500000,35.167949617600001,-0.109524113056000,-0.122202315553000,-0.111712641242000,-0.103537413898000,-0.097469717551000,-0.109148052088000,-0.110730771399000,-0.109183196143000,-0.106707913504000,-0.108333493977000,9.000000000000000,41.011714441300001,41.925343987500000,41.898353073099997,42.350197775300003,42.167396997899999,42.063128781300001,40.715711018400000,41.937077451400000,40.130800181900000,0.045154822665300,0.033735097578900,0.047315338946600,0.050643069955500,0.046910699707500,0.052708222944300,0.046602376853700,0.048085953220800,0.048469855649000,0.000000000000000,10930.584225700000388,0.043486137374500,2899.554402679999839,0.992491043521000,173.942982964000009,2.310856253090000,0.374135446428000,0.004485826314380,1.000000000000000,6.000000000000000,1.000000000000000,1.000000000000000,0.000000000000000,1.000000000000000,1.000000000000000,0.000000000000000,3.000000000000000,30.000000000000000,36.666666666700003,40.000000000000000,21.666666666699999,0.000000000000000,10.000000000000000,20.000000000000000,0.000000000000000,23.333333333300001,0.078353760312843,0.052124564833802,0.060855104598477,0.054155017834763,0.074499531373916,0.055826584316647,0.070796668947133,0.058812427752483,0.070758738277920,0.057923652552808,0.071113758189398,0.058010720667064,0.070113230740137,0.060728553530482,0.066905757172715,0.064174425232757,0.064724838869608,0.068120971740208,0.495397968429586,0.496047430830039,0.496383167912331,0.496425959564981,0.496660983233873,0.498010720667064,0.498735314280311,0.498479954398632,0.497174020823004,0.244982290436836,0.246475682878081,0.225938382887125,0.214961623383451,0.208822830592149,0.213148256276872,0.224836188521355,0.234220231822971,0.249219819326581,0.130478325146645,0.115010122433240,0.130326115690563,0.129609096699616,0.128682390830728,0.129124478856462,0.130841784270619,0.131080182405472,0.132845810609816,0.395223709090821,30.000000000000000,11.856711272724615,0.359014718021650,220.000000000200032,78.983237964834743,0.380801609679433,40.000000000000000,15.232064387177331,0.367566947210363,21.666666666699999,7.963950522903456,0.360041456182139,0.000000000000000,0.000000000000000,0.374075011830661,10.000000000000000,3.740750118306608,0.395469605935494,20.000000000000000,7.909392118709872,0.404429709177726,0.000000000000000,0.000000000000000,0.416980275175479,69.999999999899998,29.188619262241851,40340.000000000000000,49.72,"294",0.007
159.000000000000000,TEBET,MANGGARAI SELATAN,JAKARTA SELATAN,"158",159.000000000000000,TEBET,MANGGARAI SELATAN,JAKARTA SELATAN,159.000000000000000,130.062802868000006,200.844491427999998,195.903739247000004,154.512765527999989,130.062802868000006,204.204113968000001,198.450274857000011,176.314370875999998,118.605918337999995,168.523263500000013,0.961600000000000,0.947200000000000,0.950400000000000,0.963200000000000,0.961600000000000,0.945600000000000,0.971200000000000,0.976000000000000,0.993600000000000,0.976000000000000,46.007711289299998,262556.595817999972496,48563.980128499999410,49591.388682600008906,49090.301703600001929,50501.636612100002822,51366.822762900002999,51265.884378700000525,51283.909090100001777,51379.440061000001151,50764.797399600000062,49000.178146199999901,0.085978773456800,0.095057614594700,0.084211871248500,0.082624051147700,0.079304564362800,0.089696045959000,0.091512867325500,0.090842889177800,0.086335200452800,0.087535924518100,826.964845834000016,-0.017597180253500,-0.047872878985500,21.925432367100001,151107.167726000014227,30.345029452599999,26.270469315100001,34.476392073000000,39.789380993100004,31.014114962899999,30.886795152500000,28.604053004200001,36.337930415700001,36.849287178799997,-0.101417564183000,-0.118786157167000,-0.101060295761000,-0.100227825695000,-0.099429801970700,-0.108024346244000,-0.110810851419000,-0.110869436038000,-0.104804549634000,-0.108872167176000,0.000000000000000,40.308218563700002,41.269438760600003,41.693631322599998,41.946915863800001,41.702984327599999,41.323998967599998,40.400205863399997,41.650001352200000,39.645907505899999,0.048421592914600,0.045071574793000,0.051452237889500,0.054054136895800,0.052926749226900,0.055909210939000,0.046702779823800,0.050884614854900,0.050837948319400,0.000000000000000,10664.449627800000599,0.051748078903800,2129.545499100000143,0.990064109678000,135.913266338999989,1.963577279810000,0.453811018002000,0.005607487920740,0.000000000000000,0.000000000000000,0.000000000000000,0.000000000000000,0.000000000000000,0.000000000000000,0.000000000000000,0.000000000000000,0.000000000000000,0.000000000000000,0.000000000000000,0.000000000000000,0.000000000000000,0.000000000000000,0.000000000000000,0.000000000000000,0.000000000000000,0.000000000000000,0.075746010976629,0.049322138625377,0.058417477510556,0.051073985680191,0.073310014990363,0.052466271682490,0.070075092988982,0.055758298827988,0.070494339357288,0.055305534069334,0.069063686208351,0.055989034162801,0.068233643220488,0.059393088931766,0.062171566538844,0.062846186621219,0.058855986757403,0.064631230457973,0.496965071057318,0.498329355608592,0.500035691341281,0.499684188364096,0.500738344701498,0.502038521017855,0.501806700578846,0.501988353926999,0.501820857090307,0.229249173233169,0.221213840045377,0.207122325135739,0.204178871314196,0.199624530663329,0.205975395430580,0.211537711946989,0.216375186259901,0.225708747274049,0.125068149602006,0.109491463190747,0.125776286672853,0.125833391816970,0.125799873426622,0.125052720371152,0.127626732152254,0.125017753160063,0.123487217215376,0.373662313285634,0.000000000000000,0.000000000000000,0.331511612080336,0.000000000000000,0.000000000000000,0.371115680283080,0.000000000000000,0.000000000000000,0.366012342959446,0.000000000000000,0.000000000000000,0.367594965763007,0.000000000000000,0.000000000000000,0.380246364113080,0.000000000000000,0.000000000000000,0.391632483919857,0.000000000000000,0.000000000000000,0.390797522197169,0.000000000000000,0.000000000000000,0.395467156738600,0.000000000000000,0.000000000000000,27185.000000000000000,50.18,"60",0.002
160.000000000000000,TEBET,MANGGARAI,JAKARTA SELATAN,"159",160.000000000000000,TEBET,MANGGARAI,JAKARTA SELATAN,160.000000000000000,128.908112378999988,198.764186297999998,194.000811774999988,153.228984891000010,128.908112378999988,202.618419369999998,197.156247224999987,174.424751901000008,117.945098372999993,167.176224813000005,0.839765100671000,0.760906040268000,0.741610738255000,0.838087248322000,0.869127516779000,0.773489932886000,0.888422818792000,0.916107382550000,0.959731543624000,0.927852348993000,86.458949811400004,349508.699009999982081,31904.159398600000713,32612.660449599999993,32130.616631100001541,32831.600429600002826,33420.765096700000868,33388.816773500002455,33274.178672399997595,33532.584228100000473,33250.687258199999633,31927.650812700001552,0.111053197469000,0.128239154175000,0.109529495349000,0.106482797849000,0.105110184182000,0.113100406868000,0.117743237259000,0.117336425508000,0.111090081245000,0.116668893223000,321.373759269999994,-0.019601070889000,-0.053327197012900,17.266629804099999,1166190.182049999944866,27.601051811400001,24.705974803200000,30.472244072300001,34.490081566000001,26.305556481299998,26.810354571700000,25.392928270300001,33.102944170800001,29.599193679500001,-0.123609487933000,-0.142207568261000,-0.119690448636000,-0.119179356478000,-0.117137444121000,-0.126044371093000,-0.130744183477000,-0.128883794969000,-0.123099860695000,-0.130767137756000,0.000000000000000,40.082488823299997,41.372740269499999,41.919650482800002,41.921050702700001,41.741873452299998,41.376993598900000,40.688687552099999,41.500430308799999,39.342958989300001,0.023863098855700,0.012373106506800,0.030137028629200,0.031109250233900,0.021529852957900,0.027473500197500,0.020855202539900,0.026901392688400,0.023672663355200,0.000000000000000,9978.115226730000359,0.018201723140000,2863.474967529999958,0.988746104315000,194.273940062999998,2.246941317900000,0.314344792279000,0.003060464348410,0.000000000000000,0.000000000000000,1.000000000000000,1.000000000000000,0.000000000000000,4.000000000000000,1.000000000000000,0.000000000000000,3.000000000000000,0.000000000000000,0.000000000000000,50.000000000000000,100.000000000000000,0.000000000000000,16.250000000000000,30.000000000000000,0.000000000000000,23.333333333300001,0.075863658627942,0.048578096637566,0.058665262911622,0.049862548985202,0.073125357756153,0.052575844304522,0.069418280990806,0.056400596058144,0.071370275518532,0.051979849717164,0.071672644093643,0.052639010476970,0.072717592333128,0.056380653477554,0.070197253150964,0.063019273158876,0.064424039084113,0.062687621402084,0.494828132653355,0.496198163420483,0.497910704064110,0.498439564765091,0.499141642979765,0.499364604219028,0.499691755870650,0.498502232521336,0.498381305550650,0.270501360279829,0.261575194398735,0.246799795186892,0.235487610037279,0.230976896032145,0.238547996096087,0.247647040430255,0.256277301153326,0.268320511148781,0.124441755265508,0.108527811896824,0.125701202060675,0.125818877048950,0.123350125235696,0.124311654570613,0.129098245810682,0.133216526309840,0.127111660486197,0.402303783345899,0.000000000000000,0.000000000000000,0.358339410802372,0.000000000000000,0.000000000000000,0.399660619054686,50.000000000000000,19.983030952734318,0.391309832387366,100.000000000000000,39.130983238736611,0.384201766276160,0.000000000000000,0.000000000000000,0.396140763122110,65.000000000000000,25.749149602937141,0.420657149256072,30.000000000000000,12.619714477682171,0.433566504669446,0.000000000000000,0.000000000000000,0.429024044822806,69.999999999899998,30.031683137553497,33978.000000000000000,49.84,"280",0.008
161.000000000000000,SETIA BUDI,SETIA BUDI,JAKARTA SELATAN,"160",161.000000000000000,SETIA BUDI,SETIA BUDI,JAKARTA SELATAN,161.000000000000000,127.211135184000000,197.920800586000013,193.353976111000009,153.139537095000009,127.211135184000000,200.862671162999987,195.836125928999991,174.028592857999996,117.174148895000002,165.792297485000006,0.402887139108000,0.328083989501000,0.349081364829000,0.423884514436000,0.446194225722000,0.360892388451000,0.536745406824000,0.619422572178000,0.709973753281000,0.683727034121000,148.177257524999987,165699.392082000005757,5180.353491609999764,5263.215472629999567,5239.540620910000143,5294.288715509999747,5451.134608139998818,5366.792948899999828,5249.898368539999865,5257.296759699999711,5201.068986869999208,5008.710816660000091,0.135196608121000,0.164919761424000,0.144083615215000,0.146496473538000,0.144481756490000,0.160807178544000,0.171289398518000,0.163338701158000,0.148453193994000,0.147893706553000,459.778337217000001,-0.015963091700400,-0.060434245119900,16.277779453299999,48446.674816699996882,51.127294568300002,45.636680709700002,61.587625500999998,60.894231062300001,49.205902627900002,38.608181959800000,41.817325439699999,52.572109633899998,54.168110447499998,-0.130303960917000,-0.158516165823000,-0.134159309465000,-0.138343211962000,-0.140265743671000,-0.157116255701000,-0.163877950800000,-0.155870089671000,-0.140999882277000,-0.145891754077000,1.000000000000000,38.711471288399999,40.159672001899999,39.989322494699998,40.381434673000001,39.887644989999998,39.765122872100001,39.551295116600002,40.151603973000000,38.344963617200001,-0.032144156574400,-0.041292970685600,-0.035405334369000,-0.039861518722700,-0.049781890909500,-0.050290250108300,-0.044702781213900,-0.035520125429000,-0.040665959415500,0.000000000000000,9383.481094060000032,-0.048175377241700,3012.247613309999906,0.976184143877000,173.912938066999999,2.019686485580000,0.215571962854000,0.000855253645671,0.000000000000000,1.000000000000000,0.000000000000000,0.000000000000000,0.000000000000000,0.000000000000000,2.000000000000000,1.000000000000000,5.000000000000000,0.000000000000000,25.000000000000000,0.000000000000000,0.000000000000000,0.000000000000000,0.000000000000000,17.500000000000000,20.000000000000000,16.000000000000000,0.057913972448693,0.057070565082935,0.045467382095453,0.059305280994069,0.061486864169927,0.062884292901062,0.054017372421281,0.066503800217155,0.053212020953956,0.066721808657293,0.054396843291995,0.069052987598647,0.051224317478187,0.073740500985083,0.048648648648649,0.077382645803698,0.051698670605613,0.081831610044313,0.501546246837222,0.503530076249647,0.499161542761319,0.501085776330076,0.502894954507858,0.500281848928974,0.499577821559246,0.499573257467994,0.505169867060561,0.194616336633663,0.201221374045802,0.200488997555012,0.186855290303566,0.178378378378378,0.192896509491733,0.201829268292683,0.208307692307692,0.226764611945065,0.114984537531628,0.104772663089522,0.124371157070989,0.120521172638436,0.119933829611249,0.123449830890642,0.124964818463270,0.126031294452347,0.133530280649926,0.338074574575945,0.000000000000000,0.000000000000000,0.329632530181746,25.000000000000000,8.240813254543648,0.354969851031340,0.000000000000000,0.000000000000000,0.342024456668622,0.000000000000000,0.000000000000000,0.342614194967786,0.000000000000000,0.000000000000000,0.351361269648254,0.000000000000000,0.000000000000000,0.360539448336076,35.000000000000000,12.618880691762644,0.370214526319350,20.000000000000000,7.404290526387000,0.444252761261823,80.000000000000000,35.540220900945862,3385.000000000000000,50.52,"6",0.002
162.000000000000000,SETIA BUDI,KARET SEMANGGI,JAKARTA SELATAN,"161",162.000000000000000,SETIA BUDI,KARET SEMANGGI,JAKARTA SELATAN,162.000000000000000,130.024562005999996,203.512537455999990,198.373162366999992,156.589656213000012,130.024562005999996,204.847362739000005,199.318009230000001,179.147685661999986,118.953834724000004,169.324706558999992,0.607920792079000,0.563366336634000,0.538613861386000,0.550495049505000,0.558415841584000,0.488118811881000,0.695049504950000,0.740594059406000,0.866336633663000,0.807920792079000,200.617198336000001,252645.470962999970652,3215.337759760000154,3350.884133879999808,3360.883456560000013,3619.754810400000224,3660.863136980000036,3665.307280389999960,3685.305925749999915,3739.746682569999848,3789.743295969999963,3754.190148659999522,0.117582887603000,0.128935745758000,0.114721730401000,0.120674495170000,0.114031628576000,0.130675936009000,0.142219976780000,0.140294181353000,0.128253574223000,0.129951869248000,2235.244621310000184,-0.014954614214800,-0.065019224111200,19.841638619099999,153497.836512000008952,57.696991324700001,60.341153314300001,70.105988276000005,69.227475495600004,62.426422793000000,49.957948639000001,57.929319058099999,64.258068046600002,62.883787847999997,-0.119062611693000,-0.135825847409000,-0.114431144738000,-0.122539744414000,-0.115786692639000,-0.131284203476000,-0.140053629091000,-0.137611432107000,-0.124455330182000,-0.129662359983000,1.000000000000000,37.556738486100002,39.709669684200001,39.783573908199998,40.037317302700004,39.132512182100001,39.059072342199997,39.221857542999999,40.132305944800002,38.081150983900002,-0.008918987015350,-0.017143101277500,-0.017473164390100,-0.013530069047000,-0.020262729490600,-0.019078193805600,-0.023408818999500,-0.015623488728300,-0.021530400701000,12053.035457899999528,11064.294180900000356,-0.018457475656600,3094.610436810000010,0.951719976925000,295.943720129999974,1.797231615590000,0.267532080606000,0.000787723615173,2.000000000000000,3.000000000000000,0.000000000000000,0.000000000000000,11.000000000000000,6.000000000000000,1.000000000000000,2.000000000000000,5.000000000000000,27.500000000000000,25.000000000000000,0.000000000000000,0.000000000000000,14.545454545500000,23.333333333300001,10.000000000000000,32.500000000000000,17.000000000000000,0.063992042440318,0.064323607427056,0.051239669421488,0.069090909090909,0.064456721915285,0.069367710251688,0.069499241274658,0.075265553869499,0.070930585025765,0.074871173082752,0.063310220078384,0.077781127524872,0.058526440879382,0.080510992275698,0.059513339196717,0.082966871885078,0.053566143829535,0.082864752885469,0.494031830238727,0.493553719008264,0.494168201350522,0.496509863429438,0.494998484389209,0.496231534519144,0.495246583481878,0.497214892993257,0.496004735128736,0.218988723172062,0.214642857142857,0.203572632288507,0.180722891566265,0.179846513179847,0.183178191489362,0.180541952334313,0.180564464400257,0.191441441441441,0.128315649867374,0.120330578512397,0.133824432166973,0.144764795144157,0.145801758108517,0.141091347603256,0.139037433155080,0.142480211081795,0.136430896715004,0.353621711810210,55.000000000000000,19.449194149561546,0.324548348234784,75.000000000000000,24.341126117608763,0.353096931709269,0.000000000000000,0.000000000000000,0.372944457442560,0.000000000000000,0.000000000000000,0.365545300114466,160.000000000499995,58.487248018497368,0.363902993822400,139.999999999799996,50.946419135063167,0.349535122691191,10.000000000000000,3.495351226911913,0.370935809429623,65.000000000000000,24.110827612925469,0.358629809085738,85.000000000000000,30.483533772287736,3379.000000000000000,49.60,"10",0.003
163.000000000000000,SETIA BUDI,KARET KUNINGAN,JAKARTA SELATAN,"162",163.000000000000000,SETIA BUDI,KARET KUNINGAN,JAKARTA SELATAN,163.000000000000000,129.711709391999989,201.853201033999994,196.944305638999992,155.476820317000005,129.711709391999989,204.179852619999991,198.455372326999992,177.507273378000008,118.513799882000001,168.521994691999993,0.731899265477000,0.660020986359000,0.664218258132000,0.727701993704000,0.736096537251000,0.651101783841000,0.801678908709000,0.841028331584000,0.912906610703000,0.878803777545000,91.410958904099999,573109.936437999946065,10726.395990900000470,11014.412468200000148,11059.359598100001676,11369.258230699999331,11608.187710800000787,11651.360611899999640,11554.369436799999676,11579.208640099999684,11601.682205099999919,11405.334216499999457,0.114421263747000,0.133293386856000,0.118347502592000,0.116492699776000,0.109017844851000,0.122614686380000,0.127628629267000,0.128411933635000,0.120144447050000,0.121430863053000,1848.307744219999904,-0.014557420135100,-0.061291200824500,23.138000836600000,57334.443234400001529,48.880812283799997,46.448484798199999,54.172480755700001,58.669319836600003,47.477040842699999,43.619437986699999,42.386941560799997,48.424989412199999,47.947439780099998,-0.119212165492000,-0.138304125992000,-0.116894011532000,-0.119481783614000,-0.112217324624000,-0.127099395594000,-0.129823102943000,-0.132048126116000,-0.123317418907000,-0.124397475803000,0.000000000000000,38.039288019600001,39.862562723400004,40.134525084000003,40.631548457500003,39.881068775499998,39.327077622099999,39.388562437799997,40.466928084400003,38.338430804399998,0.007260538160290,-0.002596153370830,0.006312047589360,0.008711514433450,0.002175489661850,0.004522674633780,-0.000084465641455,0.006045645492900,0.002167171995530,85523.902447600004962,10794.463438300001144,-0.001634499688470,2999.679356109999389,0.960472401083000,291.370143009999993,2.033194097120000,0.333089970645000,0.001697349456260,1.000000000000000,0.000000000000000,0.000000000000000,1.000000000000000,4.000000000000000,0.000000000000000,0.000000000000000,2.000000000000000,7.000000000000000,20.000000000000000,0.000000000000000,0.000000000000000,12.500000000000000,13.750000000000000,0.000000000000000,0.000000000000000,35.000000000000000,20.000000000000000,0.076621563573883,0.043170103092783,0.059732620320856,0.046203208556150,0.071161048689139,0.046400332917187,0.066588546973711,0.050641940085592,0.066747880818233,0.051012638952337,0.065721451604648,0.052976403746737,0.065478318606670,0.056846621380050,0.063210480705510,0.062038028240811,0.060617059891107,0.062794918330308,0.496724656357388,0.496844919786096,0.496670828131502,0.498216833095578,0.498959443683062,0.499923222603266,0.501149190459165,0.501707702502931,0.501892662691211,0.263529411764706,0.271415105455402,0.253364269141531,0.238046737961863,0.229434302456615,0.232712238772158,0.238060373958099,0.240078475336323,0.247253060062625,0.119791666666666,0.105935828877006,0.117561381606326,0.117230487059303,0.117760519770570,0.118697855351385,0.122324939986720,0.125248508946321,0.123411978221415,0.394044271833573,20.000000000000000,7.880885436671452,0.365673709290644,0.000000000000000,0.000000000000000,0.376985230995668,0.000000000000000,0.000000000000000,0.369447385091169,12.500000000000000,4.618092313639618,0.366365455702432,55.000000000000000,20.150100063633744,0.378264201664886,0.000000000000000,0.000000000000000,0.401215558841735,0.000000000000000,0.000000000000000,0.414663371650536,70.000000000000000,29.026436015537534,0.418396048447592,140.000000000000000,58.575446782662816,19285.000000000000000,50.19,"0",0.000
164.000000000000000,SETIA BUDI,KARET,JAKARTA SELATAN,"163",164.000000000000000,SETIA BUDI,KARET,JAKARTA SELATAN,164.000000000000000,128.414429896000001,199.822313387000008,195.084428688000003,154.262878308000012,128.414429896000001,202.466317059000005,197.110004035000003,175.712141889999998,117.813015648000004,167.111379846000006,0.738010657194000,0.567495559503000,0.582593250444000,0.640319715808000,0.651865008881000,0.552397868561000,0.687388987567000,0.730905861456000,0.817051509769000,0.787744227353000,107.629921260000003,259570.760554999986198,11675.463718299999528,11583.695870199999263,11523.847273600000335,11726.335025399999722,11802.143247700001666,11640.552036900000530,11474.970919699999286,11448.039051199999449,11359.263632899999720,11013.139249300000301,0.107928806167000,0.139213300236000,0.130012918429000,0.129066696154000,0.125466197066000,0.142807123647000,0.155864393373000,0.151831386039000,0.138829223914000,0.140646487484000,1126.317305309999938,-0.012586952095900,-0.061163595294000,29.088314363799999,91756.358627099994919,48.796797798599997,44.195136715700002,53.078591310800000,55.825421927400001,44.933063209200000,39.499313344199997,40.420883766000003,48.525966151200002,46.591971108000003,-0.115100966300000,-0.143116683714000,-0.125530719556000,-0.129327033455000,-0.127436698548000,-0.143652805337000,-0.153764141219000,-0.149459139910000,-0.137416750967000,-0.141156306661000,0.000000000000000,38.311995100499999,39.929674997799999,39.965315625300001,40.517745317600003,39.908994068600002,39.371063081800003,39.472929446000002,40.260163493800000,38.151412970700001,0.006279319324760,-0.015976111090600,-0.006566637997080,-0.005696705923320,-0.017785467401900,-0.020950920850900,-0.021514277299400,-0.012179679068100,-0.017893069323700,5281.053769850000208,10062.088999899997361,-0.015486092984400,3551.527689609999925,0.979977078425000,199.210924384999998,2.992603431820000,0.252380713810000,0.001720648843790,2.000000000000000,1.000000000000000,0.000000000000000,0.000000000000000,1.000000000000000,0.000000000000000,0.000000000000000,0.000000000000000,0.000000000000000,27.500000000000000,20.000000000000000,0.000000000000000,0.000000000000000,15.000000000000000,0.000000000000000,0.000000000000000,0.000000000000000,0.000000000000000,0.067596658916731,0.057693963661414,0.051674889639055,0.060330650047607,0.063882272881933,0.059544062606329,0.060175794455713,0.064148073022312,0.058697514995716,0.063496143958869,0.057892906815021,0.063890820584145,0.058290494031541,0.065086695129389,0.055848261327713,0.068317527221637,0.055339190290735,0.068834344715153,0.493670886075949,0.492166536830261,0.494130656685948,0.495943204868154,0.497772065124250,0.499130737134910,0.497691034242398,0.498419388830348,0.496784711529753,0.226487157452497,0.230333364812541,0.233533495965472,0.221850613154961,0.218638329885274,0.223552894211577,0.220118005329273,0.207160635650010,0.215102523659306,0.125290622578145,0.112005539686662,0.123426335488262,0.124323867478025,0.122193658954585,0.121783727399166,0.123377189160930,0.124165788549350,0.124173535005888,0.351135722410332,55.000000000000000,19.312464732568259,0.310080632609710,20.000000000000000,6.201612652194204,0.356345041292088,0.000000000000000,0.000000000000000,0.357588337570628,0.000000000000000,0.000000000000000,0.359677674572017,15.000000000000000,5.395165118580248,0.372085905996945,0.000000000000000,0.000000000000000,0.363934623798856,0.000000000000000,0.000000000000000,0.356887130893004,0.000000000000000,0.000000000000000,0.355239837853536,0.000000000000000,0.000000000000000,11041.000000000000000,49.68,"61",0.006
165.000000000000000,SETIA BUDI,MENTENG ATAS,JAKARTA SELATAN,"164",165.000000000000000,SETIA BUDI,MENTENG ATAS,JAKARTA SELATAN,165.000000000000000,129.453683320000010,200.419239242000003,195.614147607000007,154.434696171000013,129.453683320000010,203.572382723000004,197.852313653000010,176.054697812999990,118.251214993999994,167.930326067000010,0.743850720950000,0.652247667515000,0.636980491942000,0.662425784563000,0.725190839695000,0.644614079729000,0.680237489398000,0.725190839695000,0.836301950806000,0.800678541137000,86.826647564500007,295833.780429999984335,30987.440192900001421,31467.258051500000875,31227.349122200001148,32119.122154299999238,32733.709570800001529,32876.125628399997368,32483.286704300000565,32675.405010300000868,32424.982143799999903,31159.486436999999569,0.122575727172000,0.147138050889000,0.130595487309000,0.130360200104000,0.120271544174000,0.139006544571000,0.153240312238000,0.148014048302000,0.135576182889000,0.140315605809000,1341.803841350000084,-0.015476373328800,-0.054124438985400,24.464140041000000,176889.322094999981346,37.008422003100002,32.036425978600001,40.019394973200001,46.828279426199998,34.888484035700003,33.134157715199997,30.845034523700001,37.120513205700000,37.593216369899999,-0.131234998551000,-0.155767036774000,-0.134154455389000,-0.134933726725000,-0.130792592286000,-0.147925100627000,-0.159351342932000,-0.154698706851000,-0.142428975521000,-0.148377135845000,0.000000000000000,39.011070119899998,40.528430047500002,41.052170763299998,41.329389069000001,40.896210709899997,40.195224334499997,39.928960898800000,41.092275797100001,38.967925242699998,0.018775267284800,0.002832492990470,0.014338443470600,0.018874444765500,0.010272132475400,0.006723170186990,0.006169729372660,0.012330161987400,0.009642241202310,0.000000000000000,10432.246530899999925,0.007034616613720,2545.172806089999995,0.935947283304000,157.592316261000008,1.865291153150000,0.272402723940000,0.003234463668310,0.000000000000000,1.000000000000000,0.000000000000000,0.000000000000000,0.000000000000000,2.000000000000000,0.000000000000000,0.000000000000000,0.000000000000000,0.000000000000000,25.000000000000000,0.000000000000000,0.000000000000000,0.000000000000000,35.000000000000000,0.000000000000000,0.000000000000000,0.000000000000000,0.072443958447239,0.047323977887127,0.055186556885311,0.048758838113311,0.070289251279609,0.049369122723485,0.067013169036704,0.052646947177855,0.068002093266659,0.053320153506222,0.067088421362366,0.053111666911873,0.066021178260106,0.056806880009361,0.062374719962269,0.059426954368589,0.058190184049080,0.061380368098159,0.502855233582407,0.503688286247743,0.503928103797167,0.503810552749146,0.504215606465868,0.505046343975283,0.504417012812262,0.504510081358330,0.504631901840491,0.229695215392474,0.224995794785534,0.214361385155267,0.207969467624038,0.203347739147262,0.209586496790381,0.211926100883295,0.217241603326187,0.226578274330327,0.119767936334366,0.103945394998622,0.119658374003094,0.119660116214559,0.121322246772881,0.120200088274239,0.122828058269467,0.121801674330858,0.119570552147239,0.395971427653826,0.000000000000000,0.000000000000000,0.353409908026591,25.000000000000000,8.835247700664784,0.386110174454782,0.000000000000000,0.000000000000000,0.378661175346159,0.000000000000000,0.000000000000000,0.380767591839868,0.000000000000000,0.000000000000000,0.389407097549151,70.000000000000000,27.258496828440602,0.395104880759447,0.000000000000000,0.000000000000000,0.398503104681377,0.000000000000000,0.000000000000000,0.403059959402167,0.000000000000000,0.000000000000000,32600.000000000000000,50.46,"9",0.000
166.000000000000000,SETIA BUDI,PASAR MANGGIS,JAKARTA SELATAN,"165",166.000000000000000,SETIA BUDI,PASAR MANGGIS,JAKARTA SELATAN,166.000000000000000,128.048544988000003,197.954306776999999,193.360607458000004,152.926176805000011,128.048544988000003,201.650917569999990,196.300860521999994,173.824688952000002,117.472126904999996,166.319066499999991,0.878822197055000,0.865232163080000,0.857304643262000,0.866364665912000,0.872027180068000,0.838052095130000,0.866364665912000,0.886749716874000,0.926387315968000,0.904869762174000,53.367969494800001,278126.305578000028618,39540.142781199996534,40926.509312499998487,40506.900675199998659,41435.396383400002378,42184.059818399997312,42312.875843800000439,42524.593271799996728,42681.468233500003407,42511.839209899997513,40997.932059300001129,0.095051902362100,0.107693763583000,0.093063219386100,0.096168766433200,0.092547887297100,0.103438880801000,0.106213269500000,0.105479969034000,0.101027596999000,0.100516004785000,489.481403178999983,-0.017199619725500,-0.045106917162000,18.527568266999999,464604.410082000016700,32.897316837399998,29.805913364599999,35.249652442100000,39.337724122899999,30.008802871600000,28.273986225200002,27.309771475400002,34.380502812499998,29.537225029100000,-0.108118513757000,-0.121363085164000,-0.104683706661000,-0.106927025586000,-0.105486195615000,-0.115024345091000,-0.123541449501000,-0.118802994819000,-0.113574504063000,-0.114922025156000,0.000000000000000,39.160206366600001,40.599628781299998,41.045982049899997,41.180013785800000,40.872863095100001,40.277920290499999,40.156981318200003,40.867253142599999,38.788089988700001,0.035780441652200,0.025647030809600,0.037237185495800,0.039628583854400,0.032665455994100,0.037138543359000,0.034648901666000,0.034946982789500,0.033659417779700,5405.184917520000454,9574.724962000000232,0.030643307385800,2209.708151949999774,0.987592285751000,139.427494343999996,2.068154566070000,0.337193545693000,0.003907847683490,1.000000000000000,0.000000000000000,0.000000000000000,0.000000000000000,0.000000000000000,0.000000000000000,0.000000000000000,0.000000000000000,0.000000000000000,10.000000000000000,0.000000000000000,0.000000000000000,0.000000000000000,0.000000000000000,0.000000000000000,0.000000000000000,0.000000000000000,0.000000000000000,0.079497647168812,0.041166754962760,0.060170025188917,0.044238035264484,0.073719527210047,0.046109332676681,0.069176114890401,0.049493575207861,0.070924764890282,0.049825174825175,0.072341191290265,0.050446883810209,0.070132974749738,0.053040490064246,0.068372734909396,0.058022320892836,0.063555762949137,0.060755949603360,0.493471282994172,0.494615869017632,0.494705737503078,0.494149659863946,0.493639980708946,0.494931317857357,0.495054534588376,0.495889835593424,0.496282470057552,0.235111706251321,0.234401701949569,0.226739370513528,0.215696185469740,0.212961096553114,0.217163106341724,0.223402484099763,0.227033508760242,0.235972012621759,0.120664402131572,0.104408060453401,0.119828859886728,0.118669690098262,0.120749939715457,0.122788075100474,0.123173464813984,0.126395055802232,0.124311712552497,0.346502421977974,10.000000000000000,3.465024219779744,0.308883402875558,0.000000000000000,0.000000000000000,0.343004703638216,0.000000000000000,0.000000000000000,0.324830565716044,0.000000000000000,0.000000000000000,0.324438865927170,0.000000000000000,0.000000000000000,0.342293725814568,0.000000000000000,0.000000000000000,0.350662190098370,0.000000000000000,0.000000000000000,0.368312341721403,0.000000000000000,0.000000000000000,0.374511007566370,0.000000000000000,0.000000000000000,32145.000000000000000,49.63,"187",0.006
167.000000000000000,SETIA BUDI,GUNTUR,JAKARTA SELATAN,"166",167.000000000000000,SETIA BUDI,GUNTUR,JAKARTA SELATAN,167.000000000000000,127.406508446999993,197.546775109000009,193.027055928000010,152.816851547999988,127.406508446999993,200.959996958000005,195.777816265000013,173.579967081000007,117.175202992999999,165.775463406000000,0.524523160763000,0.410081743869000,0.399182561308000,0.426430517711000,0.456403269755000,0.350136239782000,0.523160762943000,0.576294277929000,0.649863760218000,0.623978201635000,82.906250000000000,144745.655381999997189,7007.776911969999674,7139.854232689999662,7083.030269120000412,7255.037942609999845,7061.529309929999727,7156.747843469999680,7122.960621900000660,7070.744006730000365,6927.916206419999980,6668.368913379999867,0.138872284018000,0.181198540678000,0.166936232068000,0.161421410295000,0.156389750434000,0.176509238757000,0.189700371545000,0.178514748578000,0.171444872696000,0.176033332959000,358.606001918999993,-0.016957753430000,-0.058058654229300,15.500757897200000,661583.541123999981210,40.698596414699999,34.494154973800001,41.895639131199999,45.899756289999999,37.314050928400000,31.270635962000000,33.306986167300003,42.605131083200000,39.716245669800003,-0.140260143700000,-0.179355085865000,-0.157515890981000,-0.156196250031000,-0.154405473672000,-0.172533806228000,-0.183884803844000,-0.174265738387000,-0.163735754506000,-0.173865243580000,1.000000000000000,38.482300037500003,40.209096673099999,40.161849102600002,40.607025342199996,40.115875910800000,39.810070630399998,39.720007823700001,40.333158188799999,38.382812738100000,-0.016096780369600,-0.041983041674100,-0.031625847788000,-0.030302659467600,-0.050705563271800,-0.051052487617300,-0.047118276936000,-0.042488325945000,-0.048756107654500,0.000000000000000,9334.804950210000243,-0.042879852586300,2297.569794609999917,0.971508987554000,176.032230593999998,1.863113356410000,0.211968498075000,0.001059689277160,0.000000000000000,0.000000000000000,0.000000000000000,0.000000000000000,0.000000000000000,0.000000000000000,0.000000000000000,0.000000000000000,0.000000000000000,0.000000000000000,0.000000000000000,0.000000000000000,0.000000000000000,0.000000000000000,0.000000000000000,0.000000000000000,0.000000000000000,0.000000000000000,0.052699505269951,0.090772209077221,0.040980052038161,0.093668690372940,0.047840812870449,0.096316680779001,0.048064375815572,0.100478468899522,0.050643776824034,0.098927038626609,0.050237171194480,0.103924105217766,0.049304952215465,0.111859252823632,0.042562624695189,0.116825537574817,0.040994933210502,0.118608935974205,0.507636050763605,0.511708586296618,0.513336155800169,0.513484123531970,0.513948497854077,0.514877102199224,0.516507384882711,0.516515185103081,0.514739751266697,0.178671655753040,0.181396427742983,0.174646602827177,0.162605435801312,0.156726768377254,0.167595171773445,0.179457182966776,0.182379482308240,0.193461160275320,0.143471714347172,0.134648742411101,0.144157493649450,0.148542844715094,0.149570815450643,0.154161276412246,0.161164205039097,0.159388162270006,0.159603869184707,0.435580008533808,0.000000000000000,0.000000000000000,0.439621052494730,0.000000000000000,0.000000000000000,0.468177168426971,0.000000000000000,0.000000000000000,0.468244625418136,0.000000000000000,0.000000000000000,0.467678876796105,0.000000000000000,0.000000000000000,0.497220674705474,0.000000000000000,0.000000000000000,0.538629837837505,0.000000000000000,0.000000000000000,0.536959837815797,0.000000000000000,0.000000000000000,0.538317142502037,0.000000000000000,0.000000000000000,4342.000000000000000,51.47,"0",0.000
168.000000000000000,SETIA BUDI,KUNINGAN TIMUR,JAKARTA SELATAN,"167",168.000000000000000,SETIA BUDI,KUNINGAN TIMUR,JAKARTA SELATAN,168.000000000000000,132.003491099000001,205.625957816000010,200.318168939000003,157.742446766000000,132.003491099000001,207.161083211999994,200.989980489999994,180.818268864000004,119.965652567000006,171.153951334999988,0.506349856616000,0.399426464564000,0.345350266284000,0.442031954117000,0.473986071282000,0.380581728800000,0.593609176567000,0.651782056534000,0.801310938140000,0.742318721835000,167.900288184000004,597684.427088000113145,3196.684756850000213,3298.254752010000175,3253.933299580000039,3376.278975570000057,3373.970566590000089,3380.434111730000041,3318.568751039999825,3376.740657360000114,3331.957523130000027,3217.922119469999416,0.142231814782000,0.157911654527000,0.142771727531000,0.147503401181000,0.143045583069000,0.157991032638000,0.167022273592000,0.163046862239000,0.150518632771000,0.151781768040000,2878.689223970000057,-0.017404287226500,-0.047910253414800,15.172718964400000,87292.992038399999728,47.651304573700003,50.216461824800000,55.009599584000000,56.243843699599999,48.084293575099998,41.417573463499998,40.574704266300003,46.745290726100002,53.700524045100003,-0.140491257235000,-0.153318678331000,-0.138064068793000,-0.142911775267000,-0.140024388899000,-0.155674716673000,-0.164018293543000,-0.159352356505000,-0.146949047126000,-0.151154465779000,0.000000000000000,37.996130229400002,40.168993344000000,40.317502368800000,40.536224682899999,39.970540025299997,39.569085942999997,39.422270550100002,40.591125086500000,38.664484905499997,-0.019636895957600,-0.032981984582000,-0.025748706003700,-0.022462015762700,-0.034012894321000,-0.031981562058400,-0.033056914962300,-0.024564880490800,-0.032110149914300,0.000000000000000,11976.957682300000670,-0.031551510652800,3185.887776749999830,0.959483136464000,419.073852441999975,1.996620942750000,0.266602615117000,0.000789938131865,2.000000000000000,8.000000000000000,3.000000000000000,0.000000000000000,6.000000000000000,5.000000000000000,5.000000000000000,4.000000000000000,10.000000000000000,33.750000000000000,18.750000000000000,15.000000000000000,0.000000000000000,20.416666666699999,16.000000000000000,16.500000000000000,23.750000000000000,16.000000000000000,0.074188129899216,0.051511758118701,0.057746878547106,0.054625425652667,0.070285792424450,0.055927799808560,0.065134099616858,0.061713191023536,0.065692433761267,0.059000273149413,0.065664997217585,0.058987200890373,0.065080667213563,0.062482909488652,0.060690037411667,0.067895247332687,0.058680057388809,0.071162123385940,0.486282194848824,0.488507377979569,0.489402434021605,0.492747673782157,0.494263862332696,0.498469671675014,0.495761553185671,0.498683663572121,0.501291248206600,0.246950265874257,0.240954460386775,0.246583662313999,0.210199757869249,0.202003338898164,0.210138248847926,0.212390714501055,0.213599634090563,0.224595570912518,0.125699888017917,0.112372304199773,0.126213592233010,0.126847290640394,0.124692706910680,0.124652198107958,0.127563576702215,0.128585284744354,0.129842180774749,0.328444885534498,67.500000000000000,22.170029773578609,0.299799252090285,150.000000000000000,44.969887813542726,0.348596546890620,45.000000000000000,15.686844610077902,0.332518293922944,0.000000000000000,0.000000000000000,0.327373276586498,122.500000000200004,40.103226381911441,0.361645315081656,80.000000000000000,28.931625206532509,0.355257913593369,82.500000000000000,29.308777871452957,0.377224689743684,95.000000000000000,35.836345525649975,0.408204195389550,160.000000000000000,65.312671262328010,6970.000000000000000,50.13,"30",0.004
169.000000000000000,MAMPANG PRAPATAN,MAMPANG PRAPATAN,JAKARTA SELATAN,"168",169.000000000000000,MAMPANG PRAPATAN,MAMPANG PRAPATAN,JAKARTA SELATAN,169.000000000000000,134.522564606999993,210.211637200000013,204.334697527999992,160.535795764999989,134.522564606999993,210.453709659999987,204.040390709000008,184.856730039000013,121.839337857999993,174.281072362999993,0.909706546275000,0.849887133183000,0.831828442438000,0.874717832957000,0.881489841986000,0.863431151242000,0.896162528217000,0.910835214447000,0.946952595937000,0.933408577878000,55.334106728499997,318803.892924999992829,27128.994053599999461,27545.298969300001772,27472.351280099999713,28206.859046800000215,28720.008308500000567,28621.906243699999322,28513.742428800000198,28723.781464799998503,28815.594935599998280,27266.085400399999344,0.100125027270000,0.114532289022000,0.108673749719000,0.110513816653000,0.106513851059000,0.115205798105000,0.120874495033000,0.116804739410000,0.109475744779000,0.113666673340000,3238.114261499999884,-0.017486158497800,-0.033825236146000,22.014465120200001,79480.422843299980741,35.296838630200000,34.967007941900000,45.438139102800001,43.005017715599998,32.681528952900003,29.550600735400000,33.182508012900001,36.756622090999997,41.488874862899998,-0.114140749444000,-0.131102134152000,-0.120188556010000,-0.122029743235000,-0.116417105371000,-0.127782575105000,-0.135743060357000,-0.129047581781000,-0.121654736694000,-0.126152496545000,0.000000000000000,38.674135939400003,40.756576720399998,40.979170411900000,41.311790783100001,40.965793145299997,40.185768461599999,39.620099155600002,41.030822241800003,38.976018291599999,0.032387990098800,0.016796343160200,0.029400180188300,0.033288491453300,0.030257730396600,0.030395272587600,0.028128876679000,0.031017803113000,0.028065729676600,0.000000000000000,13210.587447399999292,0.026843837665500,2786.360151449999648,0.986757053471000,157.523420377000008,1.694895144500000,0.388114901798000,0.004212101776250,1.000000000000000,1.000000000000000,0.000000000000000,0.000000000000000,3.000000000000000,1.000000000000000,1.000000000000000,1.000000000000000,0.000000000000000,25.000000000000000,10.000000000000000,0.000000000000000,0.000000000000000,33.333333333299997,15.000000000000000,60.000000000000000,100.000000000000000,0.000000000000000,0.083831788502808,0.039450253413086,0.064963603900563,0.040699537609303,0.076960806171133,0.041066571543229,0.073746441865557,0.043617254215021,0.074746231928637,0.041789339543877,0.074412244717922,0.041947862908561,0.074174621245293,0.043918031351257,0.071232159224826,0.049626816812885,0.066377600442825,0.049771668434891,0.492625907492808,0.492377420683972,0.495206670531056,0.496825049266477,0.498483982950301,0.499051651890080,0.498905333216569,0.498275937322683,0.497855067115642,0.239858906525573,0.237714110929853,0.221976475319192,0.213326115840756,0.210316287318948,0.215635018495684,0.224570868072585,0.237754406466063,0.254230356321251,0.123282041915894,0.105663141509866,0.118027377714362,0.117363696080578,0.116535571472514,0.116360107626483,0.118092652596550,0.120858976037711,0.116149268877716,0.353382104073822,25.000000000000000,8.834552601845539,0.302022588633527,10.000000000000000,3.020225886335272,0.336198284031213,0.000000000000000,0.000000000000000,0.335228164114627,0.000000000000000,0.000000000000000,0.340003751674520,99.999999999899984,34.000375167417971,0.348615960940011,15.000000000000000,5.229239414100166,0.361807824515456,60.000000000000000,21.708469470927380,0.379300070973034,100.000000000000000,37.930007097303367,0.381352709685547,0.000000000000000,0.000000000000000,21679.000000000000000,49.79,"179",0.008
170.000000000000000,MAMPANG PRAPATAN,BANGKA,JAKARTA SELATAN,"169",170.000000000000000,MAMPANG PRAPATAN,BANGKA,JAKARTA SELATAN,170.000000000000000,139.215874425000010,219.523397534999987,212.489874200000003,166.386242978000013,139.215874425000010,216.676779915999987,209.876653747000006,193.014927835000009,125.699644637999995,180.322761019000012,0.514549524342000,0.458589815333000,0.436765528819000,0.496362618914000,0.512031337437000,0.432848349189000,0.657526580862000,0.680470061556000,0.821488528260000,0.749580302182000,106.463370624000007,1033666.078349999967031,7825.306112209999810,7888.931608689999848,7901.530716909999683,8191.310205850000784,8296.827737150000758,8313.206577830000242,8351.003902469999957,8369.272609379999267,8410.534688789999564,8000.433716389999972,0.156181403929000,0.170551812094000,0.157396816243000,0.161907471250000,0.155674751954000,0.170288474105000,0.171168295097000,0.173848929166000,0.162603866295000,0.167175372847000,3664.297870089999833,-0.018199071876600,-0.015102830715800,14.500538433599999,475219.109651000006124,22.218839953500002,24.849549788899999,28.967994006200001,28.223620587999999,22.603896799600001,24.608160103800000,24.583575420300001,30.830652512000000,33.734089265800002,-0.160819930237000,-0.177796346483000,-0.156509305494000,-0.161417649756000,-0.155069948502000,-0.172640607627000,-0.171690607810000,-0.177756846562000,-0.163298361928000,-0.171176470007000,2.000000000000000,39.186281756100001,40.276188075100002,40.447798676200001,41.113315202899997,39.354353310500002,40.083082561799998,39.887173679400000,40.772241508599997,38.788409885199997,-0.018704137721100,-0.028407688856300,-0.021654927182300,-0.019315514523900,-0.029985427863400,-0.023327522463000,-0.027449349397900,-0.020149426808000,-0.027940091245000,18739.060570299996471,15559.285312399999384,-0.027826502279500,3321.632852070000354,0.940560911688000,471.411912814999994,2.818466533170000,0.320581620088000,0.001729227200890,11.000000000000000,13.000000000000000,4.000000000000000,2.000000000000000,7.000000000000000,7.000000000000000,8.000000000000000,3.000000000000000,21.000000000000000,33.409090909100001,35.769230769200000,23.750000000000000,18.333333333300001,20.714285714300001,21.428571428600002,34.166666666700003,22.500000000000000,25.142857142899999,0.077936596662142,0.037331310388884,0.060232799170852,0.038188631108985,0.073521495039606,0.040183034684304,0.070498462472951,0.044303557192210,0.069109233508885,0.045315045656045,0.069814807830121,0.046015162373175,0.068420458394490,0.051748146475481,0.066287169500412,0.055426559808254,0.062637795275591,0.056811023622047,0.491016529585563,0.491030853862712,0.492040298392679,0.493906837249915,0.494184063956352,0.495304190397164,0.496405856008430,0.496517114822860,0.495472440944882,0.275234715421589,0.274434767308877,0.265904401650619,0.248244055174748,0.241284829068836,0.246694370986022,0.256913358155880,0.261632246827569,0.271095308299367,0.115267907051026,0.098421430279837,0.113704529723910,0.114802019665161,0.114424279164930,0.115829970203296,0.120168604869971,0.121713729308666,0.119448818897638,0.359123525399404,367.500000000100044,131.977895584316826,0.312879213122611,464.999999999599993,145.488834101888983,0.351358393365568,95.000000000000000,33.379047369728916,0.347177289652325,36.666666666600001,12.729833953895442,0.340529052077992,145.000000000099988,49.376712551342919,0.356897160374127,150.000000000200004,53.534574056190507,0.386137146745329,273.333333333600024,105.544153443826119,0.395962350906496,67.500000000000000,26.727458686188484,0.393401660020720,528.000000000899945,207.716076491294331,25400.000000000000000,49.55,"51",0.002
171.000000000000000,MAMPANG PRAPATAN,PELA MAMPANG,JAKARTA SELATAN,"170",171.000000000000000,MAMPANG PRAPATAN,PELA MAMPANG,JAKARTA SELATAN,171.000000000000000,135.720599391999997,213.588575526999989,207.306872781999999,162.736214474999997,135.720599391999997,212.334933863999993,205.956451339000012,187.997848567000005,122.999023922000006,176.179141044000005,0.758071850841000,0.728058208276000,0.698954070032000,0.743974533879000,0.793087767167000,0.739881764438000,0.832196452933000,0.860391086858000,0.934060936789000,0.927694406548000,75.493159051999996,762797.888904999941587,26243.881835100000899,26469.082955699999729,26302.362308400002803,27102.108428899999126,27490.439290499998606,27470.945799400000396,27439.653616399999009,27486.335397700000613,27362.192638699998497,26017.654741400001512,0.131494398001000,0.143224101631000,0.131701370727000,0.132283499076000,0.123803143564000,0.137070409076000,0.140949202409000,0.140108369042000,0.124783258485000,0.125527949568000,4255.358578340000349,-0.016836026974000,-0.041062236525800,25.454384021700001,336940.002182999975048,26.779349743099999,26.513904056700000,32.803934518100000,32.663047594600002,26.142034008800000,26.698172734900002,27.420733185200000,33.932089812199997,33.927225640000003,-0.142962307063000,-0.157152973363000,-0.139363011990000,-0.139389993041000,-0.131058984853000,-0.147404378208000,-0.152532736039000,-0.151110820747000,-0.135635682906000,-0.138533197582000,2.000000000000000,38.600016498599999,40.425094163499999,40.914006089600001,41.234241771999997,40.726821045500003,40.490514473200001,39.887069640599996,40.999575347399997,38.721277308099999,0.009814576934680,-0.001191610561250,0.010396566640400,0.015837994509700,0.009783405663130,0.010341080313500,0.010653384762100,0.017199580277900,0.015516246998200,0.000000000000000,13929.088903600000776,0.006679634099990,3095.092539020000459,0.975652786949000,234.614175304000014,2.194969647920000,0.379763013562000,0.004124922844710,4.000000000000000,1.000000000000000,0.000000000000000,0.000000000000000,4.000000000000000,3.000000000000000,5.000000000000000,4.000000000000000,20.000000000000000,27.500000000000000,25.000000000000000,0.000000000000000,0.000000000000000,25.000000000000000,28.333333333300001,19.000000000000000,36.250000000000000,26.500000000000000,0.076204504050545,0.043179968215822,0.059446492305892,0.045891599867377,0.073497122955784,0.046751968503937,0.069603836608259,0.050644721864562,0.069261078224496,0.049915034266400,0.069059637315386,0.051224527949149,0.068531755659655,0.053041189974058,0.064943099795647,0.056881456345263,0.060057573248156,0.060392759966876,0.492519089887205,0.493905174263257,0.495419442761962,0.495549459777193,0.495975798771265,0.496990091605908,0.497377801832739,0.497703369017042,0.498442367601246,0.252521951325795,0.246358727221876,0.238305701234986,0.232246000415541,0.226039783001808,0.230516510022457,0.234569948186528,0.238809681697613,0.252510791522960,0.119384472266367,0.105338092173269,0.120249091459721,0.120248558472821,0.119176112490896,0.120284165264535,0.121572945633713,0.121824556140910,0.120450333215032,0.355539326868921,110.000000000000000,39.109325955581284,0.319626413530930,25.000000000000000,7.990660338273258,0.360701971163589,0.000000000000000,0.000000000000000,0.355116196292294,0.000000000000000,0.000000000000000,0.348300365437198,100.000000000000000,34.830036543719814,0.362232737594358,84.999999999899998,30.789782695484199,0.372361606316639,95.000000000000000,35.374352600080705,0.379504664832429,145.000000000000000,55.028176400702179,0.394760132768005,530.000000000000000,209.222870367042816,50718.000000000000000,49.84,"376",0.007
172.000000000000000,KEBAYORAN BARU,KRAMAT PELA,JAKARTA SELATAN,"171",172.000000000000000,KEBAYORAN BARU,KRAMAT PELA,JAKARTA SELATAN,172.000000000000000,134.622520226999995,214.454917490000014,208.046063909999987,163.459102059000003,134.622520226999995,211.634499696000006,205.715328491000008,189.301091998999993,122.707618586999999,175.907697495999997,0.629708599858000,0.607675906183000,0.641791044776000,0.653162757640000,0.660270078181000,0.600568585643000,0.768301350391000,0.773276474769000,0.848614072495000,0.814498933902000,159.832427915000011,425522.824829999997746,13101.488107799999852,13352.100206900000558,13392.934766200000013,13914.175905300000522,14168.791392499999347,14091.125662099999317,13966.219951400000355,14012.659254100000908,13943.800977699998839,13403.343575400000191,0.139381434273000,0.149361484494000,0.130862867863000,0.140265643478000,0.132061502321000,0.145565108436000,0.146144076033000,0.143619086813000,0.137698220051000,0.142758616157000,2741.549220809999952,-0.018343841739000,-0.036388229188900,32.386132873599998,270686.676967000006698,30.926280447700002,32.647719196399997,39.261435360299998,39.487587686900000,29.870699066299998,29.878476878099999,34.121624730800001,36.528782465299997,39.527793782600000,-0.143481808113000,-0.155454551797000,-0.130947047841000,-0.139350162127000,-0.134430912157000,-0.150423567909000,-0.146588411600000,-0.148535549307000,-0.138662836119000,-0.145686927389000,0.000000000000000,38.352042525199998,40.067736708100000,40.323527253700000,40.689387401200001,40.191778831599997,40.327996009400003,39.758096216699997,40.405787808800000,38.783696792999997,-0.007237709257850,-0.006980612678880,-0.004940701183380,-0.002086172544240,-0.011223663605500,-0.003068635881410,-0.012144786529600,-0.006517607489500,-0.011884914929300,8588.374311339999622,13669.605019799999354,-0.010969294970600,2771.110181730000022,0.985368916380000,188.258854630000002,1.575290304220000,0.329429994383000,0.001864781182050,1.000000000000000,2.000000000000000,1.000000000000000,0.000000000000000,2.000000000000000,1.000000000000000,0.000000000000000,0.000000000000000,2.000000000000000,30.000000000000000,27.500000000000000,30.000000000000000,0.000000000000000,20.000000000000000,30.000000000000000,0.000000000000000,0.000000000000000,35.000000000000000,0.073218997361477,0.051091388822259,0.055718299754887,0.053147605667484,0.068189665093797,0.054436644032685,0.066286166365280,0.059335443037975,0.066424228649355,0.058639695437241,0.063922490397294,0.061342658946282,0.065481972458717,0.062796411633621,0.062474877978754,0.065173700832616,0.058243727598566,0.068578255675030,0.490945070760374,0.491719973695223,0.491253308781218,0.493896925858951,0.494573555315643,0.497162185403887,0.497800125707102,0.496985357450474,0.497550776583035,0.216510695187166,0.222825376062786,0.218586554407450,0.210924790389188,0.208936438011328,0.218965190473182,0.229938758760023,0.240991275761790,0.253850691485875,0.124310386183736,0.108865905422371,0.122626309126482,0.125621609403255,0.125063924086596,0.125265149343576,0.128278384092338,0.127648578811370,0.126821983273596,0.321251370949592,30.000000000000000,9.637541128487756,0.290954310466199,55.000000000000000,16.002487075640939,0.320782151080882,30.000000000000000,9.623464532426459,0.337025885437626,0.000000000000000,0.000000000000000,0.337578636059041,40.000000000000000,13.503145442361626,0.364572554744643,30.000000000000000,10.937176642339297,0.388182244435097,0.000000000000000,0.000000000000000,0.393121883869025,0.000000000000000,0.000000000000000,0.407904221789066,70.000000000000000,28.553295525234621,16740.000000000000000,49.76,"148",0.009
173.000000000000000,KEBAYORAN BARU,SELONG,JAKARTA SELATAN,"172",173.000000000000000,KEBAYORAN BARU,SELONG,JAKARTA SELATAN,173.000000000000000,132.414617507999992,209.257230096000001,203.418025524000001,160.191338720999994,132.414617507999992,208.386006564000013,202.750895861999993,184.476331810999994,120.871051163000004,172.786685607999999,0.364779874214000,0.336477987421000,0.333962264151000,0.360377358491000,0.357861635220000,0.311320754717000,0.505031446541000,0.530188679245000,0.667295597484000,0.590566037736000,195.313422346999999,434254.367666999984067,2545.795287100000223,2382.612260439999773,2405.724019580000459,2359.500501299999542,2388.215111139999863,2312.576626690000012,2257.248476019999998,2276.858453469999858,2239.739567579999857,2092.664736690000154,0.166028421585000,0.176363986911000,0.155955335425000,0.161898712130000,0.161409565947000,0.171576265352000,0.173512393419000,0.176819864670000,0.165633477735000,0.172734128911000,3666.350802920000206,-0.016484043838100,-0.048727399825700,25.853506599599999,82451.478066900002887,42.409442964400000,40.224972701399999,50.555120203599998,48.799275865100000,44.983751588099999,40.279342383200003,46.005634885299997,52.052553185299999,54.724450085400001,-0.162921424653000,-0.173567978794000,-0.149712891593000,-0.155245761611000,-0.154552525080000,-0.168981025368000,-0.168853698448000,-0.172670684713000,-0.159309547648000,-0.168880749267000,0.000000000000000,36.778998608700000,39.997209115300002,39.696436808900003,40.109534579500000,39.174710412099998,39.698360633999997,39.412197475399999,40.029855780100000,38.269774081199998,-0.035161549582000,-0.036720864650400,-0.034681802010800,-0.036082524313400,-0.043425188982700,-0.038574234911200,-0.044867624451800,-0.039431343465900,-0.048696824901200,0.000000000000000,12362.145935700000337,-0.040373701305800,3737.405737260000478,0.956512221856000,386.403446643999985,2.010671050240000,0.293441673598000,0.000979795494271,2.000000000000000,1.000000000000000,0.000000000000000,0.000000000000000,0.000000000000000,1.000000000000000,0.000000000000000,0.000000000000000,1.000000000000000,25.000000000000000,30.000000000000000,0.000000000000000,0.000000000000000,0.000000000000000,50.000000000000000,0.000000000000000,0.000000000000000,30.000000000000000,0.045561434450323,0.106701940035273,0.036098981077147,0.110625909752547,0.045117245473434,0.112496289700208,0.039589442815249,0.120234604105572,0.037855844942459,0.120230163537250,0.040024821594787,0.120074464784362,0.038757305444479,0.118425099969240,0.039399624765478,0.125390869293308,0.039491298527443,0.128514056224900,0.508230452674897,0.510625909752547,0.521816562778272,0.517595307917889,0.522713506965475,0.524045919950357,0.518917256228853,0.520012507817386,0.518406961178046,0.154353976736875,0.159245516388374,0.178548695098663,0.161038148843027,0.160915833602064,0.164410696599538,0.167209908735332,0.169773635153129,0.174175239446612,0.152263374485596,0.146724890829694,0.157613535173642,0.159824046920821,0.158086008479709,0.160099286379149,0.157182405413719,0.164790494058786,0.168005354752343,0.437355495075426,50.000000000000000,21.867774753771275,0.442254435737059,30.000000000000000,13.267633072111762,0.560670682184370,0.000000000000000,0.000000000000000,0.522288594606511,0.000000000000000,0.000000000000000,0.548879880936633,0.000000000000000,0.000000000000000,0.566174929100530,50.000000000000000,28.308746455026501,0.529769387841749,0.000000000000000,0.000000000000000,0.559735517935984,0.000000000000000,0.000000000000000,0.563198254199756,30.000000000000000,16.895947625992669,2988.000000000000000,51.84,"0",0.000
174.000000000000000,KEBAYORAN BARU,RAWA BARAT,JAKARTA SELATAN,"173",174.000000000000000,KEBAYORAN BARU,RAWA BARAT,JAKARTA SELATAN,174.000000000000000,132.936837158000003,209.174128649000011,203.394959569000008,160.073505081000008,132.936837158000003,208.845349795000004,202.926485447999994,184.234680007000009,121.038868577000002,173.012064293000009,0.674863387978000,0.685792349727000,0.654371584699000,0.681693989071000,0.672131147541000,0.628415300546000,0.812841530055000,0.841530054645000,0.908469945355000,0.853825136612000,98.310231023100002,291439.092487999994773,9784.604281559997617,9882.206319279999661,9848.655618819999290,10153.661986700000853,10237.538737900002161,10161.287145899999814,10178.062496099999407,10188.737719000000652,10121.636318099997879,9776.979122360000474,0.126635071847000,0.129765254491000,0.119782286910000,0.128138972416000,0.124751684322000,0.134935369440000,0.131819202437000,0.129819877054000,0.125591287705000,0.128252755825000,3811.907024369999817,-0.015938082597300,-0.045660590318600,27.823675541200000,84100.799286800000118,38.502792158500000,37.418475215500003,43.945694316999997,43.838147062099999,37.210902304800001,33.787456428299997,36.324521363400002,45.078666655399999,42.809861634400001,-0.136841739910000,-0.142016833063000,-0.123672379685000,-0.130885312507000,-0.127469604784000,-0.140439237269000,-0.138351746758000,-0.140942277051000,-0.130927708667000,-0.135645678292000,0.000000000000000,37.071528415000003,40.009532028700001,40.015891565799997,40.345364958700003,39.435457379600003,39.974975464899998,39.522690650700000,40.331802131400003,38.486658625099999,-0.001395777622030,-0.007380977406970,-0.001822309365180,-0.001189025698730,-0.006005062699300,0.001693127283110,-0.002102422882540,-0.004438181990110,-0.008758072856660,0.000000000000000,12572.591125799999645,0.000413711023214,2732.497949000000062,0.982460419554000,180.542901013999995,1.773514328850000,0.429349408122000,0.002232645287830,1.000000000000000,0.000000000000000,0.000000000000000,0.000000000000000,0.000000000000000,1.000000000000000,0.000000000000000,0.000000000000000,0.000000000000000,15.000000000000000,0.000000000000000,0.000000000000000,0.000000000000000,0.000000000000000,20.000000000000000,0.000000000000000,0.000000000000000,0.000000000000000,0.061728395061728,0.079783950617284,0.048157324248993,0.084391452462063,0.059477320516672,0.081405827575849,0.059287948756145,0.089676746611053,0.060933513432388,0.092000600330182,0.060533413245430,0.094096493856758,0.058973207603652,0.098488250261937,0.055145397016724,0.100647883079705,0.052877866167524,0.106223678053346,0.504166666666667,0.507122948281202,0.507359567437669,0.506926858334575,0.511331232177698,0.514683847767456,0.513545876365814,0.516197076992617,0.512868507253159,0.159513349104427,0.163008879209248,0.173512980611239,0.156087239583333,0.157808398950131,0.167651888341543,0.175565018015067,0.189499589827728,0.199457719030673,0.141512345679012,0.132548776711056,0.140883148092521,0.148964695367198,0.152934113762570,0.154629907102188,0.157461457865589,0.155793280096429,0.159101544220870,0.388817366848485,15.000000000000000,5.832260502727280,0.386439482639130,0.000000000000000,0.000000000000000,0.421459974897457,0.000000000000000,0.000000000000000,0.422272893377312,0.000000000000000,0.000000000000000,0.461836214820740,0.000000000000000,0.000000000000000,0.497359720113320,20.000000000000000,9.947194402266410,0.506355675813918,0.000000000000000,0.000000000000000,0.532799537766805,0.000000000000000,0.000000000000000,0.531791687365106,0.000000000000000,0.000000000000000,6411.000000000000000,51.29,"33",0.005
175.000000000000000,KEBAYORAN BARU,SENAYAN,JAKARTA SELATAN,"174",175.000000000000000,KEBAYORAN BARU,SENAYAN,JAKARTA SELATAN,175.000000000000000,130.866064184000010,205.869982999999991,200.424732976999991,158.082723606000002,130.866064184000010,206.169234197999998,200.686036053999999,181.374118581000005,119.684585174999995,170.679064344000011,0.450617283951000,0.403703703704000,0.359259259259000,0.404938271605000,0.450000000000000,0.331481481481000,0.533950617284000,0.570370370370000,0.726543209877000,0.667283950617000,310.555851064000024,369279.871549999981653,2757.694732890000068,2453.999236990000099,2457.489989820000119,2370.919319720000203,2398.845342330000221,2344.389598239999941,2113.999911700000212,2268.291186620000190,2238.270712319999802,2095.149846429999798,0.139671985552000,0.151621830420000,0.135283633661000,0.141610142022000,0.139213539661000,0.156794714192000,0.165501811378000,0.164293819127000,0.149008664813000,0.153512242771000,2805.802948670000205,-0.016889203757500,-0.063475374917500,19.647104232299998,205707.595335999998497,57.425603427299997,52.324293401600002,69.915636310899998,65.854539453499996,62.556060755200001,49.015400293299997,58.641818267399998,66.629162784800002,67.112916244600001,-0.135759833944000,-0.151020481808000,-0.131838523664000,-0.137122066667000,-0.131860563993000,-0.151633202589000,-0.155613935533000,-0.157659329399000,-0.141238493517000,-0.149112638625000,0.000000000000000,36.223566026699999,39.832129400900001,39.507995686599997,39.702945458599999,38.819766542300002,38.957224954499999,39.261880576199999,39.862874416600000,38.000516664700001,-0.025432127398400,-0.034246056692600,-0.031416545758700,-0.026966662267100,-0.040096341685800,-0.040101912274400,-0.045604436100600,-0.036998036525000,-0.044299115880600,20768.655181099999027,11514.156364099999337,-0.032844324423300,2748.351156329999867,0.943467481598000,379.213533143999996,1.895026938720000,0.256449349450000,0.000513140668814,0.000000000000000,1.000000000000000,1.000000000000000,0.000000000000000,4.000000000000000,0.000000000000000,0.000000000000000,0.000000000000000,0.000000000000000,0.000000000000000,20.000000000000000,15.000000000000000,0.000000000000000,15.000000000000000,0.000000000000000,0.000000000000000,0.000000000000000,0.000000000000000,0.063726884779516,0.067425320056899,0.048295454545455,0.071875000000000,0.062426383981154,0.073321554770318,0.056752037252619,0.079452852153667,0.059857057772484,0.078022632519357,0.061756935270806,0.082562747688243,0.062172976300400,0.094490612496153,0.059575795383656,0.098877105427324,0.056647784071976,0.101632789070310,0.507539118065434,0.511363636363636,0.507067137809187,0.512514551804424,0.514294222751638,0.519154557463672,0.514004309018159,0.516843418590143,0.518827057647451,0.167240839336048,0.176814268142681,0.179297000967430,0.168304278922345,0.172267536704731,0.168356263577118,0.181481481481481,0.190930787589499,0.199200290803344,0.131152204836415,0.120170454545455,0.135747938751472,0.136204889406286,0.137879690291841,0.144319682959049,0.156663588796553,0.158452900810980,0.158280573142286,0.389679929097695,0.000000000000000,0.000000000000000,0.393582795657061,20.000000000000000,7.871655913141212,0.411890789161607,15.000000000000000,6.178361837424102,0.434980516410114,0.000000000000000,0.000000000000000,0.454599996934460,60.000000000000000,27.275999816067600,0.497700665792505,0.000000000000000,0.000000000000000,0.513246347378126,0.000000000000000,0.000000000000000,0.545455532860253,0.000000000000000,0.000000000000000,0.565874684290569,0.000000000000000,0.000000000000000,3001.000000000000000,51.88,"0",0.000
176.000000000000000,KEBAYORAN BARU,PULO,JAKARTA SELATAN,"175",176.000000000000000,KEBAYORAN BARU,PULO,JAKARTA SELATAN,176.000000000000000,136.648551946999987,216.957253302999987,210.287448407999989,164.948983672999987,136.648551946999987,214.031457738000000,207.713764795999992,191.228863112999989,124.049765851000004,177.924333291000011,0.535052377115000,0.501208702659000,0.503626107977000,0.530217566479000,0.543110394843000,0.468170829976000,0.635777598711000,0.653505237712000,0.730862207897000,0.701853344077000,116.178431372999995,387171.965719000028912,6172.940645339998810,6113.167452470001081,6114.978761350000241,6119.507033529999717,6210.978131709998706,6110.450489159999051,6128.563577910000276,6135.808813409999857,6029.847244229999887,5771.735729569999421,0.150842659506000,0.158917958098000,0.144009801608000,0.151506722391000,0.144449035055000,0.159127039227000,0.159206274378000,0.159563367939000,0.152780009366000,0.153487741494000,3430.367800110000189,-0.018060031284500,-0.026184802589000,26.435068831599999,220385.659572000004118,27.689611341799999,29.910335778200000,33.388618357500000,35.914408240699998,28.366130931299999,29.056344379100000,29.827020263400001,35.842826172800002,38.075072363799997,-0.153080028583000,-0.167366778334000,-0.145749147156000,-0.152549750238000,-0.146155007691000,-0.161756178828000,-0.161229556509000,-0.163755543749000,-0.154863861530000,-0.157938714140000,0.000000000000000,38.489340578099998,39.798958883099999,40.282977297400002,40.823479304000003,40.046835214200001,40.210899604399998,39.868772101700003,40.801898049999998,38.649472018600001,-0.018090114254800,-0.024318617645400,-0.017861648450000,-0.014247245481900,-0.027595835083800,-0.019848044558600,-0.026189612003000,-0.020582715727600,-0.025719226324700,6516.525731679999808,14486.063736899999640,-0.023312325713800,2894.046156500000052,0.950346725722000,240.368067263999990,1.827805830120000,0.339163785652000,0.001343994562220,1.000000000000000,1.000000000000000,0.000000000000000,0.000000000000000,0.000000000000000,3.000000000000000,1.000000000000000,1.000000000000000,6.000000000000000,20.000000000000000,10.000000000000000,0.000000000000000,0.000000000000000,0.000000000000000,36.666666666700003,40.000000000000000,45.000000000000000,26.666666666699999,0.053925925925926,0.076296296296296,0.042209715639810,0.079531990521327,0.048986236495486,0.083616989788368,0.046806649168854,0.093904928550598,0.047873128797984,0.095153401511783,0.047879414807152,0.096054381557559,0.050036900369004,0.099483394833948,0.047912285971763,0.104235506158005,0.042993880433077,0.110152204613212,0.523259259259259,0.522659952606635,0.528044990380346,0.525517643627880,0.528827627093523,0.529333530367962,0.528265682656827,0.527185340943226,0.528636434959987,0.139063254466441,0.142789148024750,0.142470119521912,0.137703889585947,0.134025559105431,0.143494186972448,0.152122079160706,0.157522123893805,0.164620817218766,0.130222222222222,0.121741706161137,0.132603226283854,0.140711577719452,0.143026530309767,0.143933796364711,0.149520295202952,0.152147792129768,0.153146085046289,0.453974269814569,20.000000000000000,9.079485396291386,0.431320742597857,10.000000000000000,4.313207425978575,0.493364532867573,0.000000000000000,0.000000000000000,0.494727376958421,0.000000000000000,0.000000000000000,0.517419380032864,0.000000000000000,0.000000000000000,0.532946979352105,110.000000000100016,58.624167728784869,0.550565187439777,40.000000000000000,22.022607497591068,0.556716969453697,45.000000000000000,25.052263625416344,0.575795417178201,160.000000000200004,92.127266748627292,6373.000000000000000,52.86,"12",0.002
177.000000000000000,KEBAYORAN BARU,PETOGOGAN,JAKARTA SELATAN,"176",177.000000000000000,KEBAYORAN BARU,PETOGOGAN,JAKARTA SELATAN,177.000000000000000,134.417529242000001,211.998358994999990,205.897582685999993,161.820535145999997,134.417529242000001,210.841621793999991,204.742444449999994,186.743640516999989,122.159987082000001,174.871056046000007,0.713839750260000,0.672216441207000,0.653485952133000,0.727367325702000,0.754422476587000,0.682622268470000,0.795005202914000,0.809573361082000,0.889698231009000,0.864724245578000,120.044707091000006,328523.273449999978766,16020.259117699999479,16094.323572499999500,16002.624723799999629,16378.825128700000278,16502.265886500001216,16437.606441899999481,16451.713957100000698,16409.391411600001447,16213.061825299999327,15484.173540699999648,0.134164799741000,0.145426217226000,0.130131871233000,0.132601170356000,0.128839020957000,0.141713380965000,0.144011465269000,0.143250408041000,0.134288710138000,0.137707677033000,4393.668320730000232,-0.015036902587700,-0.034834156989600,30.959530261299999,138951.824613000004319,30.687336930800001,27.880113968200000,35.581048165900000,36.885178353500002,29.558036296600001,29.912925913599999,32.031572194900001,38.735276948299997,39.894932433699999,-0.142369373156000,-0.157564630055000,-0.133302205202000,-0.136123210037000,-0.132870829402000,-0.149323416085000,-0.151285507080000,-0.153432799579000,-0.140519836714000,-0.145907435861000,1.000000000000000,37.743522841400001,40.129673241799999,40.430376787999997,40.702132054800003,40.281854780600000,40.377197805400002,39.731170948399999,40.735113967700002,38.613236956000001,0.000867803246910,-0.006559233550260,0.002168512657230,0.004399806183890,-0.003232756761980,-0.000532767486055,-0.003518300849350,-0.001845597307560,-0.004383743442550,0.000000000000000,13329.265418599999975,-0.002920238302130,2316.009601939999811,0.981770677011000,209.928774983000011,2.101175414720000,0.374376507193000,0.002187839331890,7.000000000000000,7.000000000000000,0.000000000000000,1.000000000000000,3.000000000000000,0.000000000000000,2.000000000000000,4.000000000000000,4.000000000000000,32.142857142899999,52.857142857100001,0.000000000000000,25.000000000000000,40.000000000000000,0.000000000000000,22.500000000000000,36.875000000000000,26.250000000000000,0.067859751643535,0.058802045288532,0.053555686159271,0.062004114017044,0.066681022107379,0.065245478036176,0.061765334473178,0.069459286172259,0.061436132169933,0.067515376913174,0.063670144347578,0.069386880091468,0.062974638200315,0.071356927926637,0.060256689145095,0.074686389674425,0.055272948143649,0.080479842077291,0.489408327246165,0.488686453129592,0.494832041343669,0.498112132221985,0.500929766843084,0.502000857510362,0.504012036108325,0.504386919005148,0.503682332396933,0.198993261346107,0.206108706108706,0.208399491902191,0.192277507455658,0.196721311475410,0.207863840516902,0.214347723147344,0.218939152596368,0.231043341344162,0.126661796932067,0.115559800176315,0.131926500143555,0.131224620645437,0.128951509083107,0.133057024439046,0.134331566126952,0.134943078819520,0.135752790220940,0.299718839639351,225.000000000299991,67.436738918943902,0.272804408268229,369.999999999699980,100.937631059162797,0.357130243599849,0.000000000000000,0.000000000000000,0.358386418397776,25.000000000000000,8.959660459944391,0.374222244888621,120.000000000000000,44.906669386634483,0.403617807200432,0.000000000000000,0.000000000000000,0.426232204394842,45.000000000000000,19.180449197767903,0.435020187163613,147.500000000000000,64.165477606632948,0.445630790594207,105.000000000000000,46.791233012391686,13171.000000000000000,50.37,"68",0.005
178.000000000000000,KEBAYORAN BARU,GANDARIA UTARA,JAKARTA SELATAN,"177",178.000000000000000,KEBAYORAN BARU,GANDARIA UTARA,JAKARTA SELATAN,178.000000000000000,137.566370234000004,219.763083569999992,212.796659158000011,166.757684202999997,137.566370234000004,215.562386489000005,209.152357841999986,193.900588515999999,124.985226353000002,179.450647322999998,0.909817351598000,0.875000000000000,0.884703196347000,0.895547945205000,0.904109589041000,0.867579908676000,0.926940639269000,0.930936073059000,0.962328767123000,0.948059360731000,81.042367601199999,672500.115913999965414,29211.348921600001631,29336.752469600003678,29238.221110400001635,30514.010267400000885,30966.998593899999833,31059.771626900001138,31148.705775800000993,31268.350997599998664,31270.910253700003523,30304.151268599998730,0.107600915114000,0.120369066580000,0.108345954016000,0.113527139881000,0.103303752765000,0.117195529117000,0.114349918276000,0.113730194649000,0.109772514915000,0.111979555058000,2166.832474280000042,-0.016605838177800,-0.031693303716100,24.362406803999999,289264.164874000009149,25.031407244499999,26.662877091599999,29.807512912499998,34.086688158999998,23.492663422900002,24.241096169900000,27.951006137400000,32.268947588200000,34.148721874700001,-0.124484463014000,-0.142801312696000,-0.120807683854000,-0.127032409773000,-0.118589074753000,-0.134219476792000,-0.131553495133000,-0.132057591516000,-0.123188665981000,-0.128100232532000,0.000000000000000,39.304697334899998,39.828200708600001,40.702239065100002,41.032937729499999,40.620729751100001,40.254582830399997,39.754695063600003,40.794837285200003,39.525697736600002,0.032685752439700,0.027734179308200,0.028902238273500,0.036444423285400,0.031211422961400,0.034862582745600,0.032116194087100,0.035442267296000,0.031351381586300,0.000000000000000,15122.464600100000098,0.030203342412500,2294.592873820000023,0.986216115695000,177.342280765999988,1.823283293360000,0.411956081557000,0.003945731534270,4.000000000000000,1.000000000000000,1.000000000000000,0.000000000000000,2.000000000000000,0.000000000000000,3.000000000000000,2.000000000000000,6.000000000000000,21.000000000000000,30.000000000000000,30.000000000000000,0.000000000000000,45.000000000000000,0.000000000000000,43.333333333299997,27.500000000000000,27.500000000000000,0.074326092645904,0.052080607170898,0.057420456037463,0.054794520547945,0.066971399815483,0.054998741927367,0.063657024793388,0.059338842975207,0.063466886394067,0.058543619322278,0.062977569632734,0.059321337605784,0.063575535593706,0.061549794356571,0.059846547314578,0.068194373401535,0.057026433578245,0.068807533147538,0.500305330192794,0.500919077421331,0.502725824037574,0.502871900826446,0.504583376248841,0.505587051187248,0.505268973419820,0.505370843989770,0.504792669538046,0.203230443150535,0.203382897839372,0.202868566646520,0.195650685712982,0.196043656207367,0.206008972674129,0.217544414095126,0.226502830442987,0.235775363993529,0.126406699816802,0.112214976585408,0.121970141742850,0.122995867768595,0.122010505716345,0.122298907238518,0.125125329950277,0.128040920716113,0.125833966725783,0.370373789494260,84.000000000000000,31.111398317517803,0.335980077458449,30.000000000000000,10.079402323753456,0.372868757702743,30.000000000000000,11.186062731082295,0.368932863736829,0.000000000000000,0.000000000000000,0.377190315040686,90.000000000000000,33.947128353661725,0.394625061504368,0.000000000000000,0.000000000000000,0.412454481889269,129.999999999899984,53.619082645563694,0.430387908775124,55.000000000000000,23.671334982631816,0.430646210927894,165.000000000000000,71.056624803102451,47364.000000000000000,50.48,"236",0.005
179.000000000000000,DUREN SAWIT,MALAKA SARI,JAKARTA TIMUR,"178",179.000000000000000,DUREN SAWIT,MALAKA SARI,JAKARTA TIMUR,179.000000000000000,132.451425580999995,199.146346942000008,193.901153147999992,152.678404043999990,132.451425580999995,204.992484495000014,198.867192694000011,174.136353528000001,119.350291373000005,170.024902864000012,0.826262626263000,0.788552188552000,0.798653198653000,0.830976430976000,0.832996632997000,0.780471380471000,0.854545454545000,0.870033670034000,0.912457912458000,0.884175084175000,48.475130184999998,665103.635371000040323,24788.682046100002481,24637.855050199999823,24669.687883499998861,25209.330200399999740,25537.511553300002561,25577.681557200001407,25407.906446299999516,25504.162870799998927,25438.981354999999894,24477.932959099998698,0.116019961476000,0.135436160995000,0.118703016621000,0.119994452530000,0.111894035984000,0.123995707924000,0.127323746528000,0.120265052174000,0.115561403954000,0.120464263573000,543.398739254000020,-0.025210878486200,-0.030567861488700,19.106998315399998,930327.280325000057928,24.329394280700001,23.993184174200000,28.033168580700000,31.872141495899999,25.550440327699999,22.098475371700001,22.480059347899999,28.231924557900001,30.573106591399998,-0.124752529447000,-0.149643375561000,-0.127953114308000,-0.126839803749000,-0.117308424310000,-0.133736215366000,-0.139099527652000,-0.131658962637000,-0.126083476771000,-0.131364563938000,0.000000000000000,40.097755583100003,42.063861977000002,42.142674595700001,42.271674730000001,42.037455445600003,41.683004842400003,40.543497363999997,42.015416458899999,39.851623764099998,0.022665969420400,0.015798825753000,0.029447685945800,0.027231516486700,0.018570828942300,0.027791305595300,0.023443547786700,0.025506510747300,0.023118284058700,0.000000000000000,12978.787837699999727,0.020230575935600,2790.577609169999960,0.982152338904000,204.981617281000013,1.861761107890000,0.496823540558000,0.004182226961850,0.000000000000000,3.000000000000000,0.000000000000000,0.000000000000000,0.000000000000000,0.000000000000000,0.000000000000000,0.000000000000000,0.000000000000000,0.000000000000000,60.000000000000000,0.000000000000000,0.000000000000000,0.000000000000000,0.000000000000000,0.000000000000000,0.000000000000000,0.000000000000000,0.076198972528994,0.069646537668810,0.057113889827644,0.073612092537405,0.067887315474580,0.075704278283876,0.063631507093251,0.079301952869947,0.062731502059442,0.080688653806264,0.061778480446261,0.080362736031978,0.060089153046062,0.081396731054978,0.056876415206769,0.084107972828030,0.052638097597226,0.085985880604409,0.507183068262220,0.508034040984362,0.510387540963892,0.509734670861281,0.510682431030906,0.512573457029502,0.513254086181278,0.513228459063282,0.512323507555115,0.168914490704012,0.169965154436889,0.156196659861441,0.158987308562621,0.152232946180272,0.165791373990678,0.175916264510239,0.184021105429437,0.196465241541828,0.145845510197804,0.130725982365049,0.143591593758456,0.142933459963198,0.143420155865706,0.142141216478239,0.141485884101040,0.140984388034799,0.138623978201635,0.428933000323189,0.000000000000000,0.000000000000000,0.394436000171426,180.000000000000000,70.998480030856655,0.429119569816401,0.000000000000000,0.000000000000000,0.426274639738504,0.000000000000000,0.000000000000000,0.426291805942562,0.000000000000000,0.000000000000000,0.448724921508803,0.000000000000000,0.000000000000000,0.461796708112654,0.000000000000000,0.000000000000000,0.468821603042680,0.000000000000000,0.000000000000000,0.470000383046808,0.000000000000000,0.000000000000000,32296.000000000000000,51.23,"120",0.004
180.000000000000000,DUREN SAWIT,MALAKA JAYA,JAKARTA TIMUR,"179",180.000000000000000,DUREN SAWIT,MALAKA JAYA,JAKARTA TIMUR,180.000000000000000,132.427364871999998,198.609820477000000,193.372995182000011,152.366073088999997,132.427364871999998,204.651593098000006,198.513991003999990,173.647524718000000,119.242903463999994,169.865342225999996,0.901808785530000,0.876830318691000,0.887166236003000,0.903531438415000,0.896640826873000,0.875968992248000,0.909560723514000,0.919035314384000,0.939707149009000,0.925064599483000,45.254945461299997,586285.260322000016458,35244.745623100003286,35107.089769199999864,35120.661473100000876,36418.698010499996599,36922.789869699998235,37046.874019599999883,36666.866310400000657,36385.738158200001635,36160.835636399999203,34268.552349600002344,0.105825025046000,0.114880600633000,0.106149136285000,0.104920865998000,0.098679253493000,0.108360114659000,0.110437298535000,0.106822325961000,0.103948718356000,0.108047367217000,1236.545519029999923,-0.026930567910200,-0.030211174829800,17.498775073800001,1004287.149340000003576,23.659951735600000,23.066752039800001,27.716267929699999,30.957285925200001,25.335360349599998,21.237777155200000,22.585336467000001,27.925269205999999,31.446468679799999,-0.114981386730000,-0.130136136832000,-0.116462137714000,-0.113489580324000,-0.106529629184000,-0.122052104686000,-0.125852726669000,-0.119905089878000,-0.116900254596000,-0.121693474590000,0.000000000000000,40.127105569599998,42.081301570000001,42.118369619699997,42.388000061800000,42.184269351200001,41.841853519099999,40.390110422299998,42.062089605200001,39.929652857900003,0.035065722305100,0.030568604070800,0.043997524730400,0.038704969111000,0.039552760138400,0.046049910450700,0.037664484940400,0.039774558534000,0.039711808836900,0.000000000000000,13077.354114399999162,0.034324088024400,2496.999079430000165,0.968558795797000,153.623447677999991,1.570937620770000,0.546668589758000,0.005111684892370,0.000000000000000,0.000000000000000,2.000000000000000,0.000000000000000,0.000000000000000,1.000000000000000,0.000000000000000,0.000000000000000,0.000000000000000,0.000000000000000,0.000000000000000,32.500000000000000,0.000000000000000,0.000000000000000,25.000000000000000,0.000000000000000,0.000000000000000,0.000000000000000,0.077426480740025,0.070109070827005,0.059068701868669,0.072842198238980,0.067264693356048,0.073094122657581,0.062198067632850,0.074984247006931,0.062199078919824,0.074262089177308,0.061389593908629,0.071832698815567,0.058373741141365,0.072973837054404,0.056538523403571,0.074982574660876,0.052588401697312,0.078302687411598,0.507275990611625,0.508874106378868,0.509768952299830,0.511762234824617,0.511199497592631,0.512161590524535,0.512948260244045,0.512894750951692,0.512899575671853,0.185391336795298,0.185484116590016,0.170580927591103,0.172740207323093,0.168753967795925,0.180251148189059,0.191993225486188,0.204492278895648,0.215648972077324,0.147535551567030,0.131910900107649,0.140358816013629,0.137182314639781,0.136461168097132,0.133222292724196,0.131347578195769,0.131521098064447,0.130891089108910,0.451420933167388,0.000000000000000,0.000000000000000,0.419136725841254,0.000000000000000,0.000000000000000,0.431743733151640,65.000000000000000,28.063342654856584,0.437674518019066,0.000000000000000,0.000000000000000,0.428074939930696,0.000000000000000,0.000000000000000,0.437343367924757,25.000000000000000,10.933584198118918,0.449476635520088,0.000000000000000,0.000000000000000,0.462781276326813,0.000000000000000,0.000000000000000,0.472860389023563,0.000000000000000,0.000000000000000,35350.000000000000000,51.29,"128",0.004
181.000000000000000,DUREN SAWIT,PONDOK KOPI,JAKARTA TIMUR,"180",181.000000000000000,DUREN SAWIT,PONDOK KOPI,JAKARTA TIMUR,181.000000000000000,133.132567147000003,199.086547617999997,193.719807975000009,152.656137572000006,133.132567147000003,205.135565334000006,198.777101019000014,174.015596042999988,119.508911361000003,170.451080453999992,0.730978260870000,0.623059006211000,0.654114906832000,0.707686335404000,0.723990683230000,0.683618012422000,0.732919254658000,0.760093167702000,0.836180124224000,0.809006211180000,57.033657858100000,772874.274218000005931,17285.548158800000238,17364.965768300000491,17476.674054200000683,18593.320552599998337,19021.826555399999052,19419.350963400000182,19579.058903400000418,19901.529306800002814,20046.400989999998274,19456.441605200001504,0.140476617361000,0.161866779183000,0.143691726700000,0.141153960267000,0.132471004258000,0.146693418404000,0.152527145815000,0.147743744920000,0.141395297150000,0.145425066577000,2008.628854470000078,-0.029953518000500,-0.025068725577000,15.216438543700001,1703007.799469999969006,21.533056151899999,20.460227458500000,25.447527975100002,28.846264679000001,24.366877583200001,20.154241319600001,19.245264085599999,26.797346753399999,28.655124644099999,-0.144380342331000,-0.167416138591000,-0.147582919748000,-0.146515107838000,-0.140868963966000,-0.154530243161000,-0.159634882882000,-0.152666623341000,-0.148083926220000,-0.152161334351000,0.000000000000000,40.185908207700002,41.944686111099998,42.067513193200000,42.380492857999997,42.034276139500001,41.706275342900000,40.164167960000000,42.110047046799998,39.856973528799998,0.005982761043120,-0.004367152599500,0.010479499720500,0.009040110278630,0.005053984191160,0.005195318496490,0.002578123062560,0.008020252066450,0.006129635502890,0.000000000000000,13680.898834600002374,-0.007960858866870,2761.784876530000020,0.985800098873000,266.474830032000000,2.423095406620000,0.325543934551000,0.003054960517630,0.000000000000000,0.000000000000000,0.000000000000000,0.000000000000000,0.000000000000000,0.000000000000000,0.000000000000000,0.000000000000000,1.000000000000000,0.000000000000000,0.000000000000000,0.000000000000000,0.000000000000000,0.000000000000000,0.000000000000000,0.000000000000000,0.000000000000000,15.000000000000000,0.082447543661264,0.041060434727981,0.062645127462485,0.045467029537340,0.078713916920910,0.047054681999531,0.073683244632042,0.051133235456047,0.075500528054288,0.052041435408849,0.076065880674853,0.052909581225345,0.074899140501666,0.055691983862480,0.071136264693078,0.060731388767958,0.067282676953440,0.063043868305374,0.496971981404699,0.497415794861552,0.498263318469843,0.498187740869884,0.499853942430847,0.499743698321781,0.500460445535871,0.501501959077057,0.500941957477348,0.245323843416370,0.249820014398848,0.240925577824257,0.230282125205931,0.225937618386160,0.231893488162571,0.240942207344688,0.249507119386637,0.258342679127726,0.123507978389245,0.108112156999825,0.125768598920441,0.124816480088089,0.127541963463137,0.128975461900198,0.130591124364146,0.131867653461036,0.130326545258814,0.386422369445999,0.000000000000000,0.000000000000000,0.352309291614473,0.000000000000000,0.000000000000000,0.395819835149855,0.000000000000000,0.000000000000000,0.381574898459622,0.000000000000000,0.000000000000000,0.394584983892831,0.000000000000000,0.000000000000000,0.404052121330859,0.000000000000000,0.000000000000000,0.422344370056758,0.000000000000000,0.000000000000000,0.441204581414064,0.000000000000000,0.000000000000000,0.442912131735956,15.000000000000000,6.643681976039342,44588.000000000000000,50.09,"201",0.005
182.000000000000000,MAKASAR,MAKASAR,JAKARTA TIMUR,"181",182.000000000000000,MAKASAR,MAKASAR,JAKARTA TIMUR,182.000000000000000,142.931303560000003,219.767352291000009,212.324398591999994,165.944256684000010,142.931303560000003,219.204342488999998,211.695173603000001,192.014256402999990,127.295289878999995,182.779639957999990,0.732785849653000,0.706885660139000,0.765003158560000,0.774478837650000,0.768793430196000,0.751737207833000,0.792798483891000,0.807959570436000,0.862286797220000,0.827542640556000,58.075164375400000,455592.205842000024859,28465.802714000001288,28095.077974100000574,28296.512225800001033,29870.128029200004676,30660.864613099998678,30902.299992799999018,31185.165112200000294,31412.314374800000223,31461.601478900000075,30340.141283199998725,0.141912028921000,0.149744340196000,0.139142389971000,0.136325033804000,0.126937403149000,0.140495618585000,0.142181940012000,0.142057056437000,0.130736409312000,0.141029956999000,2505.754156770000009,-0.026173232217500,0.003027194408860,36.778467933400002,390236.734580999996979,19.390399535299998,17.260500528800002,22.308310920899999,24.198114269000001,18.649678654799999,20.030403057000001,19.188722752600000,23.416653367900000,25.061187557899999,-0.152574181223000,-0.165326631420000,-0.143877620107000,-0.143741526246000,-0.135588525962000,-0.154179293766000,-0.151763494691000,-0.153389727809000,-0.143389095000000,-0.151774973096000,1.000000000000000,38.748999226300000,40.322112647600001,40.205063483600000,41.227077956999999,39.883848757499997,40.444407801799997,39.485275491499998,40.900394486200000,38.686281582800000,0.013964263414000,0.011293797617200,0.016736580265200,0.019831442655500,0.019690750170900,0.019806514542000,0.012021254163200,0.022968970285200,0.015843319336100,0.000000000000000,17195.966626400000678,0.011369969678500,2634.005946469999799,0.978518406054000,236.354906309000000,2.206777235400000,0.321914453035000,0.004737278774570,0.000000000000000,2.000000000000000,0.000000000000000,1.000000000000000,5.000000000000000,3.000000000000000,0.000000000000000,0.000000000000000,3.000000000000000,0.000000000000000,18.750000000000000,0.000000000000000,20.000000000000000,26.000000000000000,27.166666666699999,0.000000000000000,0.000000000000000,38.333333333299997,0.087308044340486,0.041136987694498,0.067955773211491,0.044353006512849,0.083124088289452,0.046296960566277,0.079466032988538,0.049808964681763,0.079561740095234,0.050691137719014,0.079687571579092,0.051330798479087,0.078042568673822,0.053324540658541,0.073583834714497,0.058803496424112,0.069593878752207,0.060294290759270,0.496110037628394,0.496566870298379,0.497214051701461,0.496342372565464,0.498266376958994,0.499198314169224,0.500318355466618,0.500851401975253,0.500294290759270,0.233197910621010,0.228509341310606,0.216626460304123,0.209503751480848,0.207239417506133,0.217721715304883,0.224954532646840,0.235894174510303,0.247585048299034,0.128445032034984,0.112308779724340,0.129421048855729,0.129274997670301,0.130252877814248,0.131018370058179,0.131367109332363,0.132387331138609,0.129888169511477,0.381691890344607,0.000000000000000,0.000000000000000,0.335985629235089,37.500000000000000,12.599461096315828,0.373649607299061,0.000000000000000,0.000000000000000,0.360403324090740,20.000000000000000,7.208066481814800,0.372467647451901,130.000000000000000,48.420794168747179,0.391294869047161,81.500000000100002,31.890531827382752,0.406728768968626,0.000000000000000,0.000000000000000,0.424277301857124,0.000000000000000,0.000000000000000,0.426422941434384,114.999999999899984,49.038638264911512,42475.000000000000000,50.03,"200",0.005
183.000000000000000,MAKASAR,PINANG RANTI,JAKARTA TIMUR,"182",183.000000000000000,MAKASAR,PINANG RANTI,JAKARTA TIMUR,183.000000000000000,146.681160822999999,225.307217008000009,216.769228497999990,169.303359916000005,146.681160822999999,222.972978702999995,215.109810540000012,196.115348111000003,130.328591999999986,186.791629519999987,0.633408071749000,0.507100149477000,0.524289985052000,0.603512705531000,0.650971599402000,0.568385650224000,0.676008968610000,0.714125560538000,0.850896860987000,0.782884902840000,96.650766316499997,606135.315853000036441,12462.290044100000159,12579.548442200000864,12709.460624400000597,13704.469837599999664,14154.100961500000267,14486.473687300000165,14723.099447599999621,15009.496758200000841,15235.999491399999897,15030.586398199999167,0.158776774252000,0.178321594116000,0.171592515463000,0.159080097540000,0.145426503170000,0.168074264077000,0.167310364723000,0.165775515242000,0.151973020047000,0.165443779661000,2417.821656829999938,-0.025833616267300,-0.013421892658100,19.529791372100000,173078.129019999963930,21.784001869800001,19.771239652199998,22.855077214700000,25.534451424099998,18.906606201199999,17.339865938599999,19.689259428000000,26.766336937599998,29.836089547099998,-0.160842152545000,-0.179931694511000,-0.167166294733000,-0.156806952353000,-0.146929963781000,-0.171352989780000,-0.169593509571000,-0.166616438830000,-0.156594589962000,-0.167965980614000,0.000000000000000,38.164987888100001,40.038112008200002,39.617600902400000,40.938628218100000,38.990107725900003,39.642864927600002,39.158359382599997,40.492377965199999,38.379647614900001,-0.006220497355830,-0.019452764524400,-0.006452017770710,-0.002175048833120,-0.010382999178600,-0.006847661986980,-0.014825675568000,-0.000168350836899,-0.009680193888190,14453.216321699999753,19100.083234299996548,-0.020881909573800,3191.077121620000071,0.969741691762000,371.401930011999980,1.957742028080000,0.252796890001000,0.002428683539380,4.000000000000000,4.000000000000000,2.000000000000000,5.000000000000000,6.000000000000000,2.000000000000000,3.000000000000000,1.000000000000000,2.000000000000000,30.000000000000000,23.750000000000000,8.750000000000000,30.000000000000000,25.000000000000000,15.000000000000000,25.000000000000000,17.500000000000000,17.500000000000000,0.090866416309013,0.029908798283262,0.069792911190761,0.033154121863799,0.086670154812102,0.034840417346342,0.082456715439402,0.039187054861877,0.082340952103654,0.038841170476052,0.080358677591245,0.039076376554174,0.078431923563299,0.041674863004075,0.073860805049554,0.045761585737224,0.068331696365932,0.048575838361162,0.496479345493562,0.497245453338643,0.498261056908067,0.498256697559377,0.498849905371961,0.500716209247694,0.502234087396375,0.502353136592658,0.502679949487863,0.240793528505393,0.243620785993667,0.231483427930769,0.226752624295406,0.218327772455485,0.224334847501622,0.234034441126009,0.247140014921661,0.260628639408929,0.120775214592275,0.102947033054560,0.121510572158444,0.121643770301279,0.121182122579706,0.119435054145419,0.120106786567374,0.119622390786778,0.116907534727094,0.371248131613855,120.000000000000000,44.549775793662597,0.330787408051801,95.000000000000000,31.424803764921087,0.374363364540694,17.500000000000000,6.551358879462138,0.369713602606744,150.000000000000000,55.457040391011653,0.363234490930481,150.000000000000000,54.485173639572125,0.376298416562454,30.000000000000000,11.288952496873611,0.397644334810407,75.000000000000000,29.823325110780527,0.410870339087470,17.500000000000000,7.190230934030732,0.419752150697308,35.000000000000000,14.691325274405783,35635.000000000000000,50.27,"4",0.000
184.000000000000000,MAKASAR,KEBON PALA,JAKARTA TIMUR,"183",184.000000000000000,MAKASAR,KEBON PALA,JAKARTA TIMUR,184.000000000000000,138.415998174000009,212.367590409999991,205.919458044000010,161.184641529999993,138.415998174000009,213.944996954999993,206.956567209000013,185.924913830000008,123.859475906000000,177.619193687999996,0.703819173811000,0.641465315666000,0.660561184723000,0.702650038971000,0.738503507405000,0.663678877631000,0.742010911925000,0.762275915822000,0.856586126267000,0.800857365549000,85.657396587999997,661429.780051999958232,23484.951793600001110,23436.762256599999091,23624.701450799999293,24937.209202800000639,25465.979849300001661,25603.100986299999931,25705.613273999999365,25810.754081899998710,25721.384395199998835,24956.046930900000007,0.136212066433000,0.155048889507000,0.140636719215000,0.138508075883000,0.129452950103000,0.144896234627000,0.148983701694000,0.145882701008000,0.132372429600000,0.143920788276000,1481.505854969999973,-0.027918078440900,0.002959869283240,63.695444208500000,257181.775781000033021,25.887447778399999,23.749434828599998,31.744677178700002,32.929160106099999,24.118231323600000,25.938428491300002,22.113985896999999,27.900031551600001,31.980743938400000,-0.142441516474000,-0.165415126483000,-0.142190940812000,-0.141073102477000,-0.135762544432000,-0.154638951528000,-0.158292859963000,-0.153917603099000,-0.140887903934000,-0.151239558641000,1.000000000000000,39.144340579700000,40.366715015200000,40.854979868000001,41.558526441600002,39.999172616199999,40.519143049000000,39.119435043000003,40.909989193299999,38.960645767300001,0.011773885519700,0.000563625801849,0.011860502045200,0.015588102522600,0.006662801947090,0.009492542809070,0.004053715393860,0.016275419304100,0.006854333172650,0.000000000000000,15103.570197500001086,-0.000528801820324,2621.890449800000169,0.978571635204000,281.119801938000023,2.176234448780000,0.281922903475000,0.003686060125450,4.000000000000000,7.000000000000000,0.000000000000000,3.000000000000000,3.000000000000000,0.000000000000000,0.000000000000000,0.000000000000000,0.000000000000000,15.625000000000000,24.375000000000000,0.000000000000000,25.500000000000000,23.333333333300001,0.000000000000000,0.000000000000000,0.000000000000000,0.000000000000000,0.088134135855546,0.037945343751168,0.067739722217071,0.041463459862407,0.079967675631994,0.042882490381744,0.076741785652847,0.046361603302942,0.076074123504954,0.046369967318584,0.073759735501133,0.046423641290455,0.073425327155150,0.048950218103434,0.070529524977433,0.052492633658644,0.065951620264719,0.054471088017414,0.490186549029870,0.491108350177091,0.491488502011489,0.492826423533460,0.494019814177917,0.495100294834433,0.495425768453927,0.496312571321513,0.496436470877365,0.220413569170298,0.221595971735842,0.217014095691880,0.210457997520149,0.206913124555434,0.213665094429698,0.222688836104513,0.233604068620009,0.245320504080559,0.126079479606714,0.109203182079478,0.122850166013738,0.123103388955789,0.122444090823538,0.120183376791588,0.122375545258584,0.123022158636077,0.120422708282133,0.325483557621765,62.500000000000000,20.342722351360305,0.286816307330104,170.625000000000000,48.938032438199080,0.321173955634350,0.000000000000000,0.000000000000000,0.323164145017305,76.500000000000000,24.722057093823857,0.324974777562375,69.999999999899998,22.748234429333738,0.332613248630416,0.000000000000000,0.000000000000000,0.350034435116748,0.000000000000000,0.000000000000000,0.368719623813245,0.000000000000000,0.000000000000000,0.374801125522586,0.000000000000000,0.000000000000000,56966.000000000000000,49.64,"300",0.005
185.000000000000000,MAKASAR,HALIM PERDANA KUSUMAH,JAKARTA TIMUR,"184",185.000000000000000,MAKASAR,HALIM PERDANA KUSUMAH,JAKARTA TIMUR,185.000000000000000,140.594832129999986,214.446873868000011,207.527628601000004,162.265766686000006,140.594832129999986,215.746231795999989,208.278195151999995,187.269107657000006,125.181410470000003,179.502461353000001,0.404114773275000,0.200509185991000,0.224661116081000,0.345627193284000,0.420560104590000,0.250946122617000,0.342737218744000,0.352232849377000,0.519094474644000,0.453313149384000,130.174725274999986,1405160.846810000017285,2654.109647960000075,2613.542793969999821,2625.000607689999924,2729.746702070000083,2728.430601850000585,2752.275241220000225,2753.359088459999839,2761.875031099999887,2747.397928620000130,2644.355022769999778,0.216726990974000,0.263903255556000,0.237459895308000,0.227388006221000,0.212786048106000,0.251122379545000,0.250554505306000,0.248754352922000,0.229023853378000,0.247351372008000,1032.401029200000039,-0.028010347630700,-0.008724459756810,36.726397725799998,1087540.876930000027642,14.917250868100000,13.626894923200000,19.590874255599999,20.721155239100000,15.081824311700000,15.465512038400000,14.608867548399999,19.841536787100001,21.042041508600001,-0.210551154157000,-0.250011923412000,-0.221788902075000,-0.214701122174000,-0.205163291388000,-0.239329179191000,-0.238908195128000,-0.234908482503000,-0.220037365673000,-0.235673762692000,0.000000000000000,37.681413731500001,40.099111112599999,39.696863170599997,40.575816377199999,38.915441771399998,39.301262830600002,38.659471100899999,40.359984584999999,37.941380115900003,-0.040351122000800,-0.070433134975600,-0.048640274895500,-0.038036373044500,-0.070536021194300,-0.068027385746400,-0.073883148819100,-0.051436451163500,-0.067567255711100,0.000000000000000,16683.348777200000768,-0.083582184651300,2816.720122889999857,0.950594835221000,466.716857353000023,2.324697760310000,0.105618654683000,0.000556403652346,1.000000000000000,2.000000000000000,0.000000000000000,3.000000000000000,3.000000000000000,2.000000000000000,0.000000000000000,0.000000000000000,0.000000000000000,55.000000000000000,32.500000000000000,0.000000000000000,28.333333333300001,15.000000000000000,32.500000000000000,0.000000000000000,0.000000000000000,0.000000000000000,0.076838768920880,0.023993601706212,0.058719438464034,0.025687911050815,0.073142370958593,0.026942711287578,0.070056465113639,0.029367533978379,0.073725071024725,0.028156732581362,0.073161816392521,0.028370589062280,0.073216538192011,0.029712683952347,0.069009242560866,0.031982642019838,0.065579529818192,0.032936147788155,0.489647205189727,0.491638894623529,0.492002268859898,0.493942059416054,0.496132316953110,0.498439477013918,0.498276103714085,0.500366321009919,0.502473870656088,0.189012818378558,0.189373740001301,0.169972748589898,0.171113707411033,0.159496855345912,0.171979523256179,0.182590433201680,0.193323712116458,0.206332196785192,0.100832370627092,0.084407349514849,0.100085082246171,0.099423999092018,0.101881803606087,0.101532405454801,0.102929222144358,0.100991884580704,0.098515677606347,0.220927264040849,55.000000000000000,12.150999522246700,0.189179858604762,65.000000000000000,12.296690809309547,0.213309968089214,0.000000000000000,0.000000000000000,0.224632162706781,84.999999999899998,19.093733830053917,0.232476343993649,45.000000000000000,10.461435479714220,0.258840466398980,65.000000000000000,16.824630315933668,0.272785347631059,0.000000000000000,0.000000000000000,0.291687610807846,0.000000000000000,0.000000000000000,0.311637509497130,0.000000000000000,0.000000000000000,34157.000000000000000,50.25,"53",0.002
186.000000000000000,MAKASAR,CIPINANG MELAYU,JAKARTA TIMUR,"185",186.000000000000000,MAKASAR,CIPINANG MELAYU,JAKARTA TIMUR,186.000000000000000,136.978376972999996,207.592875754000005,201.487105557999996,157.786313968000002,136.978376972999996,211.108213409000001,203.964236798999991,181.431423558999995,122.278215439999997,175.119996057999998,0.754205286646000,0.708891177480000,0.728115345005000,0.787847579815000,0.791967044284000,0.747339512530000,0.857191898387000,0.869550291795000,0.920013731548000,0.893237212496000,106.103662173000004,830712.105144000030123,18924.863900200001808,18979.328942299998744,19063.151028500000393,19845.748017099998833,20196.487437399999180,20413.961329099998693,20526.754182399999991,20807.963761700000759,20905.305539100001624,20138.159626299999218,0.132424948282000,0.144523982384000,0.139108883207000,0.133888911962000,0.123065147339000,0.132388679511000,0.138550967935000,0.135302137445000,0.125506819564000,0.133167163414000,288.397249518000024,-0.029054457139100,-0.010989358891800,11.586019889199999,426895.166438999993261,21.788802163800000,19.695987249800002,28.081211862499998,29.593214153900000,21.783798012599998,21.575356622600001,20.126835103200001,25.901360089400001,30.182677155400000,-0.144120783348000,-0.160130290435000,-0.146778259589000,-0.143412465623000,-0.132222893766000,-0.146543649875000,-0.151437027792000,-0.146726745161000,-0.137707925889000,-0.145679395637000,0.000000000000000,39.996322372800002,41.199012761699997,41.060111692699998,41.549054220199999,41.125381461800004,40.894468138800001,39.374463483800000,41.601804899299999,39.524761901300003,0.009456922258280,0.001940524702860,0.015455330031100,0.014291900298200,0.008887336084990,0.017240241501600,0.008205840761010,0.016435990229400,0.008937458402200,0.000000000000000,15329.984431400000176,0.006290310163010,3258.382005380000464,0.957868151191000,244.245644284999997,2.454107714250000,0.312586159692000,0.003167865230630,4.000000000000000,13.000000000000000,3.000000000000000,3.000000000000000,4.000000000000000,4.000000000000000,0.000000000000000,1.000000000000000,2.000000000000000,33.750000000000000,39.285714285700003,46.666666666700003,18.125000000000000,70.000000000000000,25.000000000000000,0.000000000000000,22.500000000000000,15.000000000000000,0.080066756217690,0.045243619489559,0.060971408887358,0.048246236145164,0.074605368160850,0.050119703369212,0.071397150234293,0.053724777660897,0.070939297608235,0.054174235543445,0.070511855476101,0.055645464809936,0.069540357911933,0.058531967030519,0.065909090909091,0.062860310421286,0.062550351018529,0.065715272183220,0.496458664061546,0.497679884906081,0.498686182533040,0.499665295973989,0.500756887677869,0.502070003763643,0.502190539838123,0.503030303030303,0.501898952698815,0.210788705860730,0.206215132301212,0.191540442620804,0.186684045212709,0.184623828421852,0.197912956017015,0.209742392629165,0.220132358063393,0.230476029137726,0.125310375707249,0.109217645032522,0.124725071530062,0.125121927895190,0.125113533151680,0.126157320286037,0.128072324942452,0.128769401330377,0.128265623201749,0.351764967676906,135.000000000000000,47.488270636382325,0.310988821931492,510.714285714100015,158.826434057811156,0.343582975453886,140.000000000100016,48.101616563578339,0.345548998800560,54.375000000000000,18.789226809780438,0.350056135982794,280.000000000000000,98.015718075182406,0.374930598302339,100.000000000000000,37.493059830233904,0.393300628750515,0.000000000000000,0.000000000000000,0.411280138751390,22.500000000000000,9.253803121906284,0.413870456322777,30.000000000000000,12.416113689683300,52134.000000000000000,50.19,"196",0.004
187.000000000000000,CIRACAS,CIRACAS,JAKARTA TIMUR,"186",187.000000000000000,CIRACAS,CIRACAS,JAKARTA TIMUR,187.000000000000000,156.312041961000006,242.694853402000007,231.261917213999993,180.377266297999995,156.312041961000006,234.177335602999989,225.849721243000005,209.802828253000001,139.147157942999996,198.482994214000001,0.754346856888000,0.685020062416000,0.695274186358000,0.741417744093000,0.773294694605000,0.719572001783000,0.781319661168000,0.819438252341000,0.874275523852000,0.859563085154000,108.133087849000006,1325516.057199999922886,18131.272235000000364,18122.253571000001102,18215.696949900000618,19415.930805200001487,19875.131109300000389,20306.273347800000920,20772.488168299998506,21067.097856000000320,21228.932769499999267,20588.357113400001253,0.144364161149000,0.157391385982000,0.154401342322000,0.146847795485000,0.132144351960000,0.149662122849000,0.154075282232000,0.149950748628000,0.138451713268000,0.145195018816000,1062.284420940000018,-0.029121198783400,-0.011340859335400,24.340213918100002,511780.143509000015911,14.979704138000001,15.914907133400000,18.042360326899999,22.002552652500000,17.623901768800000,15.318453471900000,16.502035149800001,20.803234488600001,21.790523465800000,-0.152741908405000,-0.167399124409000,-0.159068199990000,-0.155747913495000,-0.142597334578000,-0.161095098014000,-0.161916569971000,-0.154775306295000,-0.147330323575000,-0.154673749313000,0.000000000000000,39.105164133199999,40.069499574799998,39.950982911600001,41.279883830199999,40.170362081299999,40.407152195700000,39.234009334299998,41.111545620400001,38.632244813500002,0.015901950923400,0.004037949912500,0.017511092851200,0.020712080537400,0.014175001003500,0.014973601127100,0.010542974096800,0.019938307650800,0.017002479751500,0.000000000000000,22675.410656799998833,0.006300860323980,2681.885650929999883,0.980103707349000,380.172766604000003,2.289398680710000,0.328021007389000,0.003291062345620,0.000000000000000,2.000000000000000,0.000000000000000,0.000000000000000,3.000000000000000,0.000000000000000,0.000000000000000,2.000000000000000,1.000000000000000,0.000000000000000,65.000000000000000,0.000000000000000,0.000000000000000,36.666666666700003,0.000000000000000,0.000000000000000,25.000000000000000,40.000000000000000,0.087380251316717,0.026500228092730,0.066962812190560,0.030366376939157,0.083312904016619,0.032089080422693,0.077606635071090,0.035330745185036,0.078389281616640,0.037257732213134,0.078921343978388,0.038411442630068,0.079530049706281,0.041275239612814,0.075949964597593,0.046058531980175,0.070793229743377,0.048501514911843,0.491892340231410,0.492986027065684,0.492935757325523,0.494138852475547,0.494565552635799,0.495718661810463,0.497086593573858,0.498064668397451,0.498022705425696,0.233112854594535,0.226959074213527,0.219472212871215,0.214107153002670,0.208679182218261,0.220751302738813,0.230326604520153,0.240016456754569,0.247687326549491,0.113880479409447,0.097329189129717,0.115401984439312,0.112937380256126,0.115647013829774,0.117332786608456,0.120805289319095,0.122008496577768,0.119294744655220,0.316388011175653,0.000000000000000,0.000000000000000,0.271926554550585,130.000000000000000,35.350452091576088,0.312533611392736,0.000000000000000,0.000000000000000,0.307611934427280,0.000000000000000,0.000000000000000,0.311830559634269,110.000000000100016,34.301361559800732,0.336174690192071,0.000000000000000,0.000000000000000,0.364032172951623,0.000000000000000,0.000000000000000,0.383489870815340,50.000000000000000,19.174493540767013,0.383983784689221,40.000000000000000,15.359351387568838,82183.000000000000000,49.80,"264",0.003
188.000000000000000,CIRACAS,CIBUBUR,JAKARTA TIMUR,"187",188.000000000000000,CIRACAS,CIBUBUR,JAKARTA TIMUR,188.000000000000000,163.801905637999994,255.179032992999993,241.572613260999987,188.061340994000005,163.801905637999994,242.397061396999987,233.615038578999986,219.489087638999990,145.855070710999996,207.271485065000007,0.619227313567000,0.560467205750000,0.555076370171000,0.633063791554000,0.669721473495000,0.608086253369000,0.701168014376000,0.741958670261000,0.813656783468000,0.806469002695000,77.762446146499997,1609524.779760000063106,14696.043332499999451,14817.745098999999755,15015.939352299999882,15823.046092500000668,16251.525114599999142,16627.125425599999289,16868.914341499999864,17153.288784299998952,17342.198989100001199,17084.465728999999556,0.163876135072000,0.179720646499000,0.173935020763000,0.162248577043000,0.148382233091000,0.163317596556000,0.165882970000000,0.161847759280000,0.152139226523000,0.156613533318000,645.028508193999983,-0.029562361578500,-0.005397880546610,35.282798594699997,476770.865931999986060,13.022955489299999,11.865110295899999,14.890727185799999,18.569235967600001,15.029746475500000,14.537085942799999,15.228949782100001,18.378214758599999,19.119029961900001,-0.169530792786000,-0.188257236856000,-0.177792437419000,-0.168039900646000,-0.155376800047000,-0.173402539583000,-0.174048019910000,-0.167421462194000,-0.158577653049000,-0.165089824695000,0.000000000000000,37.675487064700000,38.950928727499999,39.564578782200002,40.155319803200001,39.159392239799999,39.417838715099997,38.243491862600003,40.255786159499998,37.127345386400002,-0.007190019207620,-0.019988344341800,-0.003712172552070,0.001084149971450,-0.006993397093900,-0.003482138321640,-0.008040047172550,0.000915345922926,-0.000797274564667,6987.529717280000114,26213.083940399999847,-0.019303311619100,2698.529863090000163,0.978926681092000,339.849791809999999,2.958988549280000,0.320051853436000,0.003324305137700,4.000000000000000,4.000000000000000,0.000000000000000,3.000000000000000,6.000000000000000,8.000000000000000,3.000000000000000,3.000000000000000,6.000000000000000,14.375000000000000,52.500000000000000,0.000000000000000,18.750000000000000,40.833333333299997,25.937500000000000,33.333333333299997,35.000000000000000,36.250000000000000,0.083303821951020,0.037443133836389,0.064206989247312,0.040604838709677,0.078419367593974,0.042857689511346,0.074116390551650,0.045950175107424,0.074930507507617,0.046283820691162,0.073653102977949,0.047797944508919,0.073938110365925,0.049652900341217,0.071258990293974,0.054453832367386,0.066663516403029,0.057200912001323,0.497929663025416,0.498346774193548,0.499827803926071,0.500707881075979,0.501280604008108,0.502386906115026,0.502341451935522,0.503398272932523,0.503360937518459,0.232397414886051,0.235637678128641,0.217361320632731,0.210352330738974,0.205351307189542,0.214855460385439,0.219212374339583,0.231555301633469,0.240511643161692,0.120746955787409,0.104811827956989,0.121277057105320,0.120066565659074,0.121214328198779,0.121451047486868,0.123591010707142,0.125712822661360,0.123864428404352,0.371230108298812,57.500000000000000,21.345731227181712,0.334174108627953,210.000000000000000,70.176562811870042,0.368474842105483,0.000000000000000,0.000000000000000,0.363225586421953,56.250000000000000,20.431439236234834,0.364572671748131,244.999999999799968,89.320304578219051,0.382012027763579,207.500000000000000,79.267495760942651,0.392100363263307,99.999999999899984,39.210036326291494,0.417316158654733,105.000000000000000,43.818196658746928,0.421529067048364,217.500000000000000,91.682572083019082,84649.000000000000000,50.34,"323",0.004
189.000000000000000,CIRACAS,KELAPA DUA WETAN,JAKARTA TIMUR,"188",189.000000000000000,CIRACAS,KELAPA DUA WETAN,JAKARTA TIMUR,189.000000000000000,160.431745524000007,249.169501851999996,236.546023214000002,184.297882942999991,160.431745524000007,238.504099913999994,229.940533620999986,214.758540253999996,142.749716889000013,203.175801115000013,0.700685654008000,0.633966244726000,0.630010548523000,0.731276371308000,0.768459915612000,0.690400843882000,0.780327004219000,0.828322784810000,0.881856540084000,0.856276371308000,73.373827792000000,1058342.802840000018477,14788.761279700000159,15074.870648199999778,15162.012067100000422,16379.612643899999966,16884.616498200000933,17422.335560899999109,17635.579237800000556,17885.404466100000718,18026.972095400000399,17891.055274800000916,0.151345058610000,0.165580537853000,0.160591889359000,0.147948387020000,0.135720522068000,0.151465866226000,0.155245999169000,0.150482523231000,0.142474175256000,0.147611520202000,420.487865736000003,-0.029437647687300,-0.006181726467510,44.683513680200001,455306.124083000002429,14.472144999599999,15.188201409200000,16.419731571900002,20.594024360300001,16.216326927899999,16.134792959700000,16.225928753100000,20.100126592999999,19.424892730100002,-0.159455568350000,-0.175306336013000,-0.165860203793000,-0.156024299020000,-0.145890623958000,-0.164786280625000,-0.165355558959000,-0.157000282646000,-0.150043365193000,-0.157804086955000,0.000000000000000,38.568519747600000,39.407154835400000,40.273803665000003,40.910150450800003,39.988736472200003,40.343527901400002,38.391701153400000,40.965352841900000,38.029599480700000,0.003230304018710,-0.008516840244840,0.008542461281600,0.011297973228400,0.005302542509290,0.007317646257930,0.003588377487930,0.010346099269800,0.007283423042250,0.000000000000000,24456.715438200000790,-0.007590172718990,2635.274479000000156,0.978087760928000,318.450857128999985,1.932947208090000,0.310719430771000,0.003444914389860,2.000000000000000,3.000000000000000,0.000000000000000,7.000000000000000,5.000000000000000,4.000000000000000,2.000000000000000,1.000000000000000,5.000000000000000,26.250000000000000,70.000000000000000,0.000000000000000,38.928571428600002,39.000000000000000,30.000000000000000,25.000000000000000,7.500000000000000,34.500000000000000,0.086609978890051,0.034269141989070,0.066261278932915,0.037759905845430,0.081599302756292,0.040018883683771,0.077397308532375,0.043965335024308,0.078371457835439,0.045664049163537,0.080493110949964,0.047270519587837,0.078504082345312,0.050601127425711,0.074406480457988,0.055961592397670,0.069718731298624,0.058331670988762,0.500424171878391,0.501196547665751,0.500744452917892,0.500317057704502,0.500426766814613,0.502099600317048,0.502718792091391,0.503340867470675,0.502958973335993,0.209097446961525,0.209154760081395,0.206324094429948,0.205239048959924,0.197931910960487,0.206018298366081,0.213829528215309,0.223409772904086,0.234452690166976,0.120879120879121,0.104021184778345,0.121618186440063,0.121362643556683,0.124035506998976,0.127763630537801,0.129105209771023,0.130368072855658,0.128050402287386,0.362356711649381,52.500000000000000,19.023727361592510,0.321636944888059,210.000000000000000,67.543758426492403,0.363397109554084,0.000000000000000,0.000000000000000,0.358941102534732,272.500000000200032,97.811450440786317,0.359135672606074,195.000000000000000,70.031456158184497,0.387986562893932,120.000000000000000,46.558387547271899,0.403636592206894,50.000000000000000,20.181829610344710,0.420954964801021,7.500000000000000,3.157162236007657,0.423983626669893,172.500000000000000,73.137175600556475,60156.000000000000000,50.30,"260",0.004
190.000000000000000,CIRACAS,SUSUKAN,JAKARTA TIMUR,"189",190.000000000000000,CIRACAS,SUSUKAN,JAKARTA TIMUR,190.000000000000000,152.402614174000007,236.663308453000013,226.336144442999995,176.697681112999987,152.402614174000007,230.104574065000008,222.060578144000004,205.234990743999987,135.804888248999987,194.132662801999999,0.741331207652000,0.667198086887000,0.677959346353000,0.738541251495000,0.759266640096000,0.703866082104000,0.772817855719000,0.792347548824000,0.850139497808000,0.818652849741000,72.673692636100000,703002.938599999877624,19352.577918200000568,19085.512701999999990,19201.764619599998696,20434.753105100000539,20971.576632100001007,21609.391207299999223,21819.901436500000273,21962.186602099998709,21913.262049900000420,21147.076631299998553,0.143053636826000,0.162923737759000,0.154053628555000,0.147250238383000,0.136584541773000,0.152683638693000,0.154732044037000,0.153191787504000,0.144860462636000,0.154798253285000,1448.025428919999968,-0.029642317517000,-0.031365942734500,35.742110671500001,150467.872429000010015,20.046952524600002,21.420528737700000,24.009370960999998,26.567098052100000,22.165319360300000,18.013496237199998,19.975086934699998,24.266452002000001,27.650623771399999,-0.152028383649000,-0.172133099015000,-0.156970618439000,-0.153222489801000,-0.145771846520000,-0.163070708255000,-0.161010626028000,-0.157660603853000,-0.153063424481000,-0.161216314748000,0.000000000000000,39.334760038799999,40.646266632200003,39.925566899800003,41.783217274499997,40.538751346399998,40.562404540099998,39.839402177200000,41.059038277799999,38.720008597400003,0.008354040959960,-0.003634377110130,0.010102303757100,0.012469322555600,0.006718784721820,0.009065572536040,0.001490567451200,0.010187396489800,0.004186355999510,12252.959671599999638,21101.520584199999576,-0.002343462089870,2468.159365580000213,0.979479811309000,289.787450174000014,1.881754071250000,0.311530705510000,0.003328664550340,0.000000000000000,0.000000000000000,1.000000000000000,3.000000000000000,1.000000000000000,1.000000000000000,0.000000000000000,0.000000000000000,1.000000000000000,0.000000000000000,0.000000000000000,70.000000000000000,17.500000000000000,10.000000000000000,20.000000000000000,0.000000000000000,0.000000000000000,40.000000000000000,0.088097645869100,0.032101785000353,0.069144460028050,0.035577372604021,0.083488918663650,0.036791354580798,0.079917813496565,0.039680671189778,0.078348288467930,0.040233466267863,0.077037006562031,0.041655524242487,0.076864909053750,0.043633762517883,0.071055488416870,0.048667581573503,0.067665662011292,0.051110073438893,0.487617882928435,0.488639551192146,0.488171854064621,0.490379470496329,0.491442339647723,0.492481435007097,0.493214796648273,0.493189406198152,0.493314089230377,0.232415984489444,0.241860708766599,0.235879156488359,0.221786207397718,0.220630305304132,0.230876152527452,0.238320874065555,0.248922808947561,0.262110890339673,0.120199430869453,0.104721832632071,0.120280273244448,0.119598484686343,0.118581754735793,0.118692530804518,0.120498671571633,0.119723069990373,0.118775735450185,0.306482048856765,0.000000000000000,0.000000000000000,0.280906788556784,0.000000000000000,0.000000000000000,0.313747927549169,70.000000000000000,21.962354928441812,0.310613039564685,52.500000000000000,16.307184577145982,0.313173594669978,10.000000000000000,3.131735946699783,0.330641569410155,20.000000000000000,6.612831388203102,0.347860733696665,0.000000000000000,0.000000000000000,0.356776968616308,0.000000000000000,0.000000000000000,0.368874401089442,40.000000000000000,14.754976043577699,47114.000000000000000,49.33,"58",0.001
191.000000000000000,CIRACAS,RAMBUTAN,JAKARTA TIMUR,"190",191.000000000000000,CIRACAS,RAMBUTAN,JAKARTA TIMUR,191.000000000000000,150.848476731999995,233.165120768999998,223.312859897999999,174.366737115000006,150.848476731999995,227.960314893000003,219.990547690000000,202.358992846999996,134.223131316000007,192.002275185000002,0.722711604749000,0.684795097664000,0.683263117579000,0.740712370739000,0.772117962466000,0.726541554960000,0.806587514362000,0.829184220605000,0.894293374186000,0.868249712754000,88.981146304700005,673688.099027000018395,17746.076265200001217,17916.384924300000421,18090.564234800000122,19110.695899999998801,19612.590357500001119,19987.613465400001587,20240.926092300000164,20454.672060900000361,20520.043061399999715,20074.488084500000696,0.142980191536000,0.158985576187000,0.154585438958000,0.141483229734000,0.126706185655000,0.144375049948000,0.144697909085000,0.142088819029000,0.130162283837000,0.140231344676000,1463.410338800000090,-0.030651188571900,-0.021819374507900,29.218081682200001,568668.340682000038214,21.484732583300001,22.452832959199998,24.631357887200000,28.150661730600000,22.635861147600000,19.273570255399999,20.855817624000000,26.311743977399999,29.153687384000001,-0.150646803724000,-0.167042896707000,-0.156891221121000,-0.146731595939000,-0.135227479748000,-0.157085800403000,-0.154142684044000,-0.149124413156000,-0.141542114092000,-0.150204040201000,0.000000000000000,39.255538654799999,40.482299614799999,40.079495665899998,41.592401779100001,40.104658497099997,40.143325057699997,39.831196000600002,40.906999903799999,38.859018987600003,0.006292230006210,-0.006431852622850,0.008962168988350,0.013109166379900,0.009056865740560,0.011246284074500,0.005184101438140,0.013836031453900,0.010462572811100,0.000000000000000,20658.408491499998490,-0.004093063043100,2971.930562989999999,0.981968346762000,360.448454479000020,2.063137884340000,0.287286911175000,0.003398432768670,2.000000000000000,4.000000000000000,1.000000000000000,3.000000000000000,3.000000000000000,0.000000000000000,2.000000000000000,5.000000000000000,1.000000000000000,42.500000000000000,37.500000000000000,45.000000000000000,20.625000000000000,33.333333333299997,0.000000000000000,15.000000000000000,21.000000000000000,30.000000000000000,0.086175856357570,0.032357953863511,0.066089767972613,0.034899201217193,0.082073093887839,0.036389413988658,0.077297546214065,0.039339517137030,0.078407746100054,0.040408821947283,0.078807581166072,0.041432942376339,0.079119446605412,0.043775362166481,0.075639762748098,0.046632993104605,0.070120187672730,0.049681856160422,0.491178376821335,0.491180106504374,0.492821136015843,0.492226388614784,0.493082302313071,0.494773074961754,0.495700258615252,0.495755873661266,0.494826145639180,0.241072162688081,0.241449759876887,0.226339547575935,0.223693000470099,0.218081100123910,0.230056502585712,0.238050098348224,0.244694132334582,0.255521487088583,0.118533810221081,0.100988969189806,0.118462507876497,0.116637063351095,0.118816568047337,0.120240523542411,0.122894808771893,0.122272755852703,0.119802043833152,0.332954238809052,85.000000000000000,28.301110298769448,0.285987107217012,150.000000000000000,42.898066082551765,0.327327248807534,45.000000000000000,14.729726196339033,0.315960344751269,61.875000000000000,19.550046331484801,0.321188091264582,99.999999999899984,32.118809126426072,0.348023324005554,0.000000000000000,0.000000000000000,0.369300380697700,30.000000000000000,11.079011420931002,0.374959789510709,105.000000000000000,39.370777898624496,0.373985799017774,30.000000000000000,11.219573970533226,46677.000000000000000,49.48,"10",0.000
192.000000000000000,CIPAYUNG,CIPAYUNG,JAKARTA TIMUR,"191",192.000000000000000,CIPAYUNG,CIPAYUNG,JAKARTA TIMUR,192.000000000000000,156.907602469000011,241.933820453999999,230.382247830000011,179.606521617999988,156.907602469000011,233.907921990000006,225.427286579999986,208.898092706999989,139.260818454000002,198.539724925999991,0.546959337891000,0.451601295430000,0.450521770421000,0.551637279597000,0.614969413458000,0.568549838071000,0.655631522130000,0.710327455919000,0.799208348327000,0.760345448003000,128.594688222000002,674657.337686000042595,10993.806345099999817,11816.430856999999378,11853.234608500000832,12445.734564200000023,13032.572404200000165,13216.186724999999569,13365.019478399999571,13615.365875999999844,13793.318081099998381,13742.763477399999829,0.180558976752000,0.202112728508000,0.198482911132000,0.184513726222000,0.162186454212000,0.181286763191000,0.186333996711000,0.179778939953000,0.166106034679000,0.174826642216000,846.050806618000024,-0.037165724882300,-0.013113013779200,41.539241568500003,20219.826788700000179,13.461434515700001,14.330299144900000,15.707002926900000,19.831045300800000,16.244480870200000,15.430663816799999,16.588904200900000,20.577521194700001,21.027287520100000,-0.180981180616000,-0.201040118828000,-0.193959294860000,-0.183369529847000,-0.166630664600000,-0.187611177482000,-0.188730179906000,-0.180467468307000,-0.169024707827000,-0.178505776994000,0.000000000000000,38.100497900100002,38.616552684299997,39.126000160700002,39.810662127599997,38.894934902099997,39.322992699300002,37.840675347000001,40.290766390199998,37.690500469600003,-0.019316865356000,-0.035509967853900,-0.019807996802000,-0.011067109575700,-0.017158756556200,-0.018343383345300,-0.018617041510900,-0.008691850458100,-0.014562743181600,3871.532908239999870,23405.173715100001573,-0.038823312688000,2243.282154189999801,0.953587930564000,354.010241978000010,2.517527101170000,0.266704626536000,0.002410442307120,0.000000000000000,0.000000000000000,0.000000000000000,0.000000000000000,2.000000000000000,1.000000000000000,1.000000000000000,0.000000000000000,0.000000000000000,0.000000000000000,0.000000000000000,0.000000000000000,0.000000000000000,42.500000000000000,25.000000000000000,5.000000000000000,0.000000000000000,0.000000000000000,0.085635075469761,0.034603142006366,0.065681725126245,0.036747645694008,0.078672862574335,0.039255191239073,0.079412859980139,0.041149453823237,0.076840687924598,0.042505661301181,0.075984990619137,0.043969012891121,0.076191890687658,0.046279518788059,0.071924937692420,0.050227239407711,0.069070041200706,0.053384343731607,0.486360680425780,0.486420090077794,0.488642641276444,0.487928252234359,0.489870861129812,0.490982267142771,0.493004604188326,0.492918926843571,0.493407886992348,0.273866510994357,0.267983289023927,0.238107435597190,0.235232399538349,0.224470134874759,0.236055878454165,0.245021847169874,0.255889494061290,0.268240695195934,0.120238217476127,0.102429370820253,0.117928053813408,0.120562313803376,0.119346349225779,0.119954003510258,0.122471409475717,0.122152177100131,0.122454384932313,0.342528004028181,0.000000000000000,0.000000000000000,0.288607856782490,0.000000000000000,0.000000000000000,0.312632746709094,0.000000000000000,0.000000000000000,0.312333196034430,0.000000000000000,0.000000000000000,0.309637412014574,85.000000000000000,26.319180021238822,0.330302126071862,25.000000000000000,8.257553151796541,0.358955286354324,5.000000000000000,1.794776431771621,0.369013676265646,0.000000000000000,0.000000000000000,0.385839521133116,0.000000000000000,0.000000000000000,33980.000000000000000,49.34,"25",0.001
193.000000000000000,CIPAYUNG,CILANGKAP,JAKARTA TIMUR,"192",193.000000000000000,CIPAYUNG,CILANGKAP,JAKARTA TIMUR,193.000000000000000,157.750023494999994,242.039092008000011,230.281138045999995,179.448433388000012,157.750023494999994,234.094581857999998,225.410274928999996,208.741897146000014,139.702212417999988,199.073156009999991,0.363410080896000,0.240199128811000,0.239887990044000,0.319850653391000,0.343341630367000,0.299471064095000,0.369010578718000,0.403702551338000,0.515090230243000,0.476042314872000,262.550040138999975,894280.617939000017941,4995.916998919999060,5134.207445699999880,5190.955419439999787,5650.701311310000165,5839.628411579999920,6055.794539239999722,6222.022450010000284,6369.741790879999826,6479.221727909999572,6501.571699109999827,0.210042257739000,0.246357293823000,0.240357074151000,0.224829342586000,0.209565650332000,0.231116966367000,0.233920729379000,0.226856061447000,0.211771015964000,0.222693275638000,982.496467675999952,-0.040042193259700,-0.017512306156900,42.058610687100000,737610.997498000040650,10.175093778200001,9.993890699520000,12.083363781099999,14.384463797700000,11.503406589000001,12.789906099000000,13.147905508299999,16.251122555300000,16.917516402699999,-0.203174617322000,-0.236198378946000,-0.227064157146000,-0.213786296769000,-0.202126755110000,-0.225534519233000,-0.224693759919000,-0.217506502651000,-0.203846474046000,-0.215896951779000,0.000000000000000,36.892369232199997,38.052048019700003,38.578898896100000,39.465347621600003,38.155976743099998,38.758336180800001,36.796536603600003,39.868914740000001,37.106877564700000,-0.045789645971800,-0.074894644329800,-0.057764189267300,-0.051850137554200,-0.066366584421400,-0.066210098233100,-0.067562423451100,-0.054228565133600,-0.062713520482700,0.000000000000000,24358.744936800001597,-0.079781457140200,2541.418242350000128,0.962645128519000,653.240727785999979,2.403257742950000,0.155046815411000,0.001294908873190,0.000000000000000,0.000000000000000,0.000000000000000,1.000000000000000,5.000000000000000,2.000000000000000,0.000000000000000,0.000000000000000,0.000000000000000,0.000000000000000,0.000000000000000,0.000000000000000,17.500000000000000,18.000000000000000,12.500000000000000,0.000000000000000,0.000000000000000,0.000000000000000,0.088321316827642,0.025132635015644,0.066803457903058,0.026337919203471,0.084265496570051,0.026821580866448,0.080313359645975,0.028764501853845,0.080993022317052,0.029265901620437,0.079923668406578,0.030308132682270,0.077878289473684,0.032209429824561,0.073085940658097,0.035572802975180,0.070659325903048,0.037142473479253,0.493606312066385,0.494399407985469,0.492861998640381,0.493003229278794,0.493425984660631,0.495369590840209,0.496847587719298,0.497695852534562,0.497676916879280,0.254847753290242,0.250809183289424,0.231539732189927,0.226163479438145,0.217967118997912,0.230703367793493,0.242890775044917,0.253786043130603,0.266724743909399,0.113453951843286,0.093141377106529,0.111087077436499,0.109077861499820,0.110258923937489,0.110231801088848,0.110087719298245,0.108658743633277,0.107801799382301,0.348647961861224,0.000000000000000,0.000000000000000,0.294413029537924,0.000000000000000,0.000000000000000,0.313139588690419,0.000000000000000,0.000000000000000,0.302918528200825,17.500000000000000,5.301074243514440,0.300069638300157,90.000000000000000,27.006267447014093,0.325339732537465,25.000000000000000,8.133493313436635,0.346858241478508,0.000000000000000,0.000000000000000,0.359681264954076,0.000000000000000,0.000000000000000,0.370878647738967,0.000000000000000,0.000000000000000,37235.000000000000000,49.77,"1853",0.050
194.000000000000000,CIPAYUNG,PONDOK RANGGON,JAKARTA TIMUR,"193",194.000000000000000,CIPAYUNG,PONDOK RANGGON,JAKARTA TIMUR,194.000000000000000,162.712116372999986,251.069404270000007,237.797889348000012,185.083214040000001,162.712116372999986,239.893235473999994,231.013628874999995,215.886996823000004,144.366004605999990,205.289239852000009,0.392178981011000,0.199661590525000,0.195337469449000,0.325061101711000,0.409287460049000,0.270351569844000,0.328821206994000,0.363038165069000,0.488437676255000,0.459860876105000,134.507416196999998,632562.191477000014856,5609.432965410000179,5707.394924639999772,5751.826914780000152,6271.046456770000077,6506.747585449998951,6760.221510179999314,6966.301312089999556,7197.982403570000315,7396.233711980000407,7457.803755470000397,0.216732766312000,0.264752043854000,0.259408331585000,0.234450453933000,0.207372851940000,0.247918653374000,0.256644944397000,0.245014115475000,0.231305779633000,0.242021169740000,886.877760665999972,-0.038134616162200,-0.022169590789000,35.451840620799999,601351.667146999971010,9.315455087260000,7.972554247740000,11.429442526100001,13.381306493000000,11.002807130500001,11.572639540200001,11.822620076700000,14.629890938200001,14.287712153599999,-0.214578849789000,-0.254703166544000,-0.246354309905000,-0.225105022380000,-0.206660061415000,-0.242448152517000,-0.245997628031000,-0.232191013711000,-0.221407539655000,-0.233752873686000,0.000000000000000,36.178816934399997,37.456496385100003,38.176895791500002,39.218043213300000,37.290219134499999,37.857753123999998,36.783836049199998,39.269668750999998,36.650926028199997,-0.042037612208300,-0.082760266664700,-0.056498513035000,-0.039952315515400,-0.071397211000400,-0.075154868868700,-0.074489002437200,-0.059793802760500,-0.065908627756600,0.000000000000000,26586.208343700000114,-0.085563369097900,2217.796211750000111,0.980818683796000,517.429601615000024,2.576007977990000,0.132235333887000,0.001413356296050,2.000000000000000,0.000000000000000,0.000000000000000,1.000000000000000,3.000000000000000,0.000000000000000,2.000000000000000,0.000000000000000,0.000000000000000,45.000000000000000,0.000000000000000,0.000000000000000,17.500000000000000,30.000000000000000,0.000000000000000,15.000000000000000,0.000000000000000,0.000000000000000,0.086116774791474,0.026765523632994,0.066507265035865,0.028581938569064,0.084044670872836,0.028610951786498,0.083341462621533,0.031118915227783,0.081906669587806,0.030828456073362,0.082217160212604,0.032589217919514,0.083421516754850,0.034126984126984,0.080584718368281,0.038590268043596,0.076798683613255,0.041676123467998,0.493345690454124,0.494942063638036,0.498296163838186,0.497772575033330,0.498482050640043,0.499438116932422,0.498853615520282,0.498641187744944,0.497616886064457,0.275500718330094,0.269786535303777,0.255262150784539,0.251530123147260,0.241292473575938,0.251215223911470,0.261733996063649,0.272997896780456,0.283858582626780,0.112882298424468,0.095089203604929,0.112655622659334,0.114460377849316,0.112735125661168,0.114806378132118,0.117548500881834,0.119174986411877,0.118474807081253,0.367257315342864,90.000000000000000,33.053158380857731,0.322990945775939,0.000000000000000,0.000000000000000,0.375712978395004,0.000000000000000,0.000000000000000,0.373441987289985,17.500000000000000,6.535234777574742,0.362355116637692,90.000000000000000,32.611960497392317,0.384266972218869,0.000000000000000,0.000000000000000,0.399162773367458,30.000000000000000,11.974883201023747,0.414114499392961,0.000000000000000,0.000000000000000,0.417376043121159,0.000000000000000,0.000000000000000,35248.000000000000000,49.76,"2180",0.062
195.000000000000000,CIPAYUNG,MUNJUL,JAKARTA TIMUR,"194",195.000000000000000,CIPAYUNG,MUNJUL,JAKARTA TIMUR,195.000000000000000,161.701763642999992,250.248170877999996,237.267278796999989,184.755545366000007,161.701763642999992,239.305542900999995,230.586124514000005,215.410407940999988,143.651702989000000,204.344813203999990,0.627094972067000,0.504655493482000,0.521415270019000,0.608938547486000,0.625698324022000,0.608938547486000,0.687150837989000,0.737895716946000,0.823091247672000,0.804469273743000,113.280356542000007,536587.311345000052825,13459.399191099999371,13661.193212999998650,13739.814260499999364,14756.646474700000908,15205.834726099999898,15650.829854899999191,15995.190043000000514,16409.260893099999521,16703.303610800001479,16714.834697700000106,0.171955919719000,0.192646147059000,0.188194043483000,0.173861003077000,0.164317404362000,0.177551380399000,0.176239539160000,0.170975034804000,0.158944381745000,0.165142522552000,1545.214917139999898,-0.034708893657000,-0.011888573326000,39.973538435499997,15909.858338399999411,12.661939424500000,12.123766955900001,14.389719918899999,17.523201223099999,14.381203089400000,15.758934234200000,15.192976116000001,18.451165728399999,17.795454991100002,-0.174353250800000,-0.195090018426000,-0.187259364762000,-0.175258906451000,-0.167815012285000,-0.183977454065000,-0.180001197560000,-0.173501384041000,-0.162367062896000,-0.171087462372000,0.000000000000000,36.978740571400003,38.328472184299997,38.991924920499997,39.807227543899998,38.749005652999998,38.824275233100003,37.205943758399997,39.856106471499999,36.783443800699999,-0.012118018184300,-0.025627652087000,-0.011391638909500,-0.010597680044400,-0.014038137076800,-0.009043086484480,-0.011820698272600,-0.001691899387780,-0.005176850673020,3871.532908239999870,25479.256653899999947,-0.027804477685000,2252.323474129999795,0.969237318135000,277.433227510999984,2.247556182620000,0.274893654525000,0.003077227564330,1.000000000000000,0.000000000000000,0.000000000000000,0.000000000000000,1.000000000000000,0.000000000000000,0.000000000000000,0.000000000000000,0.000000000000000,15.000000000000000,0.000000000000000,0.000000000000000,0.000000000000000,50.000000000000000,0.000000000000000,0.000000000000000,0.000000000000000,0.000000000000000,0.087208410067526,0.032918968692449,0.065423056382086,0.035172045471885,0.083078780990268,0.035909639838034,0.080934817827720,0.038468167246906,0.079939718687207,0.039383791024782,0.080741881574205,0.040338172166334,0.080684830868496,0.042163094515604,0.075624450859797,0.046221915401029,0.071244904358733,0.049357165255566,0.493247391037446,0.494163424124514,0.496625701498899,0.496983902657613,0.497722705961152,0.498410721892716,0.499185485674130,0.499184134555040,0.497460018814675,0.271791051316885,0.265078214909850,0.241841914430747,0.237523393636931,0.225948073575051,0.232962962962963,0.235306867030307,0.242055084745763,0.250754968747805,0.120127378759975,0.100595101853971,0.118988420828302,0.119402985074626,0.119323509711989,0.121080053740539,0.122847925384100,0.121846366260826,0.120602069614299,0.382310349556767,15.000000000000000,5.734655243351510,0.328120304331202,0.000000000000000,0.000000000000000,0.368425813932985,0.000000000000000,0.000000000000000,0.367195280385782,0.000000000000000,0.000000000000000,0.359323529425025,50.000000000000000,17.966176471251242,0.375677741486752,0.000000000000000,0.000000000000000,0.387675289710197,0.000000000000000,0.000000000000000,0.392070034387999,0.000000000000000,0.000000000000000,0.387291330977648,0.000000000000000,0.000000000000000,31890.000000000000000,49.75,"2086",0.065
196.000000000000000,CIPAYUNG,SETU,JAKARTA TIMUR,"195",196.000000000000000,CIPAYUNG,SETU,JAKARTA TIMUR,196.000000000000000,151.713932959000005,230.790694523000013,220.907709855999997,172.375477445000001,151.713932959000005,226.888011624000001,218.318503964000001,199.778971810000002,133.970106813999990,191.389395780999990,0.444652323043000,0.336451512317000,0.322731524790000,0.460555035859000,0.482070470845000,0.460866853757000,0.544122232616000,0.574056750857000,0.697848456501000,0.670096663548000,118.493037974999993,638195.411976999952458,7388.310276380000687,7566.832994250000411,7680.342517619999853,8408.490295999999944,8746.558907389999149,9084.276096109999344,9326.406317779999881,9548.505447089999507,9709.808453980000195,9716.485484770000767,0.186330174764000,0.217927059113000,0.208679528159000,0.196263760702000,0.180351072513000,0.201255606664000,0.207469646038000,0.204330822978000,0.183134119120000,0.192361332785000,732.345596982999950,-0.042101721139400,-0.012416456938300,36.641387975400001,760799.731712999986485,13.170804907600001,12.699930270799999,15.066467140500000,17.659559032099999,13.301138760100001,11.971094223300000,14.779716683200000,17.882719612100001,20.403426797500000,-0.186086989772000,-0.214316939621000,-0.199995672681000,-0.191010030272000,-0.178964609401000,-0.201996544623000,-0.204061193597000,-0.198998414364000,-0.181914843914000,-0.192484304405000,0.000000000000000,38.152739904599997,38.544043311700001,38.962811433500001,39.687259188299997,38.433353009599998,38.967556620800003,38.111394717300001,40.458878410499999,37.581797788599999,-0.030276483484500,-0.052349998414700,-0.032361437631800,-0.028897686676000,-0.036121397200900,-0.038099198521800,-0.043415846549900,-0.029746605949100,-0.035240475603700,0.000000000000000,22373.937607500000013,-0.054999979018000,2371.207528530000218,0.964840593907000,360.583620709999991,2.911356058290000,0.217757775790000,0.002198851756360,0.000000000000000,0.000000000000000,0.000000000000000,0.000000000000000,0.000000000000000,3.000000000000000,0.000000000000000,0.000000000000000,1.000000000000000,0.000000000000000,0.000000000000000,0.000000000000000,0.000000000000000,0.000000000000000,38.333333333299997,0.000000000000000,0.000000000000000,35.000000000000000,0.090098458108861,0.032323982909158,0.067307252345001,0.033859528711965,0.085593680779036,0.034187319764283,0.080155892161196,0.037205191048254,0.081044487427466,0.038491295938104,0.080409962696409,0.038999208711707,0.078318795774907,0.041146810938133,0.073905175533840,0.044154904089758,0.069261094433795,0.045607436073637,0.493265836893925,0.493296728437428,0.496050486897647,0.496805817831170,0.497446808510638,0.498436263612043,0.500386441426521,0.500325732899023,0.501211617056675,0.273570324574961,0.267434715821813,0.251060382214173,0.249738529398390,0.244595185995624,0.255205893625176,0.256140642533561,0.252185225840550,0.267709217278862,0.122422441018019,0.101166781056966,0.119781000543319,0.117361083209450,0.119535783365570,0.119409171408116,0.119465606713040,0.118060079623598,0.114868530507432,0.390494805632642,0.000000000000000,0.000000000000000,0.326826546875627,0.000000000000000,0.000000000000000,0.376744827486792,0.000000000000000,0.000000000000000,0.373454106410882,0.000000000000000,0.000000000000000,0.377843279842391,0.000000000000000,0.000000000000000,0.394749863433841,114.999999999899984,45.396234294852221,0.407856100681961,0.000000000000000,0.000000000000000,0.399522219261297,0.000000000000000,0.000000000000000,0.412691904894311,35.000000000000000,14.444216671300897,27649.000000000000000,50.12,"70",0.003
197.000000000000000,CIPAYUNG,BAMBU APUS,JAKARTA TIMUR,"196",197.000000000000000,CIPAYUNG,BAMBU APUS,JAKARTA TIMUR,197.000000000000000,151.989092004000014,232.502656355999989,222.474058724000002,173.589336876999994,151.989092004000014,227.885769259000000,219.490356534999989,201.346418868000001,134.546120983000009,192.238553290999988,0.397678526369000,0.331062326520000,0.340398687863000,0.433005299016000,0.437547312642000,0.424930608125000,0.510219530659000,0.544536966944000,0.686853393894000,0.641180923543000,159.995371135999989,756531.042911999975331,7921.715829509999821,8173.473691950000102,8217.183625229999961,8820.323938300000009,9033.764651440000307,9334.909061869999277,9529.616946460000690,9700.199218539999492,9830.477526160000707,9694.238773090000905,0.196440439010000,0.217234381832000,0.210237314973000,0.200386364572000,0.188003834782000,0.205591222970000,0.210756340868000,0.206035721172000,0.188245884402000,0.197647372148000,431.820616335000011,-0.036388258536500,-0.015770895340300,30.518833643800001,36222.309442600002512,16.268617642199999,15.591257209300000,18.240615104500002,21.083887744700000,15.991965244799999,13.661321739400000,17.050231934300001,22.174646836499999,22.857636481099998,-0.193920408096000,-0.212134088609000,-0.200672243355000,-0.194467095598000,-0.187285456648000,-0.205852675849000,-0.208395003246000,-0.201777736787000,-0.186310196831000,-0.196755940491000,0.000000000000000,38.182125651699998,38.559203269199998,38.899521837700000,39.522339264899998,38.554106572999999,38.643954764900002,38.428265666199998,39.936546582399998,37.626618495400002,-0.035798037029500,-0.049909054494200,-0.032082030602300,-0.032711782488400,-0.038601120250600,-0.039645298906700,-0.043353810763900,-0.029304682089300,-0.035829684605900,0.000000000000000,21883.731154799999786,-0.054543020161500,2369.783096010000008,0.955142808234000,545.267360155999995,2.154830762900000,0.212592529428000,0.001699862266510,0.000000000000000,0.000000000000000,0.000000000000000,1.000000000000000,5.000000000000000,2.000000000000000,2.000000000000000,1.000000000000000,3.000000000000000,0.000000000000000,0.000000000000000,0.000000000000000,12.500000000000000,32.000000000000000,10.000000000000000,40.000000000000000,50.000000000000000,40.000000000000000,0.086814598742925,0.031149078028961,0.065939000379952,0.034644744568409,0.083086626335436,0.033852490668040,0.078484353399522,0.036163126806585,0.079935540758308,0.037763385934507,0.080119136262100,0.039702159344750,0.080026919475655,0.041871488764045,0.074837592031182,0.047033347769597,0.069594495681452,0.050651441955790,0.493315275896795,0.495216054713136,0.495591453211482,0.496261153701144,0.497035482988233,0.496500372300819,0.498068820224719,0.499061642846831,0.497848045674133,0.247115270232761,0.241799799336266,0.235467764860235,0.233977763614475,0.228048487345901,0.240567623915529,0.249256984347137,0.256773399014778,0.260095399895452,0.117963676771886,0.100583744948361,0.116939117003476,0.114647480206107,0.117698926692815,0.119821295606850,0.121898408239700,0.121870939800779,0.120245937637242,0.350894927578292,0.000000000000000,0.000000000000000,0.310032448662635,0.000000000000000,0.000000000000000,0.349830908874701,0.000000000000000,0.000000000000000,0.346183914559590,12.500000000000000,4.327298931994877,0.352931119081247,160.000000000000000,56.468979052999558,0.368563433743662,20.000000000000000,7.371268674873236,0.392950585614676,80.000000000000000,31.436046849174115,0.406886514870422,50.000000000000000,20.344325743521114,0.398548944889015,120.000000000000000,47.825873386681828,34155.000000000000000,49.78,"1475",0.043
198.000000000000000,KEBAYORAN BARU,CIPETE UTARA,JAKARTA SELATAN,"197",198.000000000000000,KEBAYORAN BARU,CIPETE UTARA,JAKARTA SELATAN,198.000000000000000,138.636333138999987,220.131219982999994,213.079734164000001,166.898788911999986,138.636333138999987,216.485045498999995,209.877154509000007,193.857159698000004,125.553580745000005,180.189442144999987,0.766545075560000,0.705054715998000,0.689942678478000,0.743616466910000,0.765502866076000,0.685773840542000,0.807712350182000,0.829077644607000,0.895779051589000,0.861907243356000,82.440342530899997,692307.775999999954365,22617.521711300003517,22958.110022400000162,23064.031816700000491,24118.568134000001010,24508.898724200000288,24664.562797599999612,24717.231093200000032,24748.832070500000555,24481.394169800005329,22750.948059999998804,0.127192599692000,0.141814288039000,0.130456480686000,0.134726279647000,0.127714264183000,0.141766153142000,0.135415980209000,0.142634014698000,0.134245310252000,0.136052530950000,3586.848660159999781,-0.018034272490700,-0.015413844240900,34.549909596200003,185889.076384999993024,24.315735334599999,26.657336184599998,30.816801283099998,32.039597060200002,24.229894123400001,25.617923049300000,26.000025669500001,32.381620923800000,34.510931938399999,-0.138796070425000,-0.157482435112000,-0.138869036509000,-0.142504963152000,-0.135454159075000,-0.152350429913000,-0.144336002865000,-0.155029571195000,-0.142465363126000,-0.148158240199000,0.000000000000000,38.969691239200003,39.829492645700000,40.409205405400002,41.049735001700000,39.759859904499997,40.061818555800002,39.801597954499996,40.949988759800000,39.051721522400001,0.010692130522900,-0.000232267051970,0.005935987411020,0.010446778984300,0.001551811355200,0.005756262199970,0.006547164596340,0.009765035497780,0.003890100046810,6270.560198719999789,15398.056131100000130,0.001613149014830,3212.702329889999874,0.989909611374000,214.831883387000005,2.243697978640000,0.398792263316000,0.003028427534990,3.000000000000000,1.000000000000000,1.000000000000000,2.000000000000000,1.000000000000000,2.000000000000000,6.000000000000000,3.000000000000000,12.000000000000000,30.000000000000000,25.000000000000000,50.000000000000000,20.000000000000000,30.000000000000000,25.000000000000000,43.333333333299997,26.666666666699999,33.125000000000000,0.079325023578293,0.041064464326680,0.061960824114483,0.043083324875672,0.071456301256854,0.043625952346290,0.065901005229102,0.047611088560445,0.065556267349989,0.045934467459131,0.065890096361010,0.045623505457300,0.066302522995436,0.048118985126859,0.063871492087775,0.049505187168332,0.060935771793091,0.054248012963963,0.494099054319288,0.494976149396123,0.495850924443150,0.497194431842602,0.498184924193893,0.499041125079906,0.499302452058357,0.499689247980112,0.499446973789130,0.254656057198870,0.254383007417397,0.245747101527793,0.237502983372670,0.235784545789280,0.243394149103492,0.249790378367047,0.255053240679578,0.266615737203973,0.120389487904973,0.105044148990155,0.115082253603144,0.113512093789547,0.111490734809120,0.111513601818310,0.114421508122295,0.113376679256107,0.115183784757054,0.370197972466116,90.000000000000000,33.317817521950417,0.333857364760781,25.000000000000000,8.346434119019534,0.357236049089355,50.000000000000000,17.861802454467764,0.352559042588608,40.000000000000000,14.102361703544339,0.351370146528161,30.000000000000000,10.541104395844831,0.364701620084231,50.000000000000000,18.235081004211541,0.380894370774238,259.999999999799968,99.032536401225755,0.385990115310577,80.000000000100002,30.879209224884733,0.401560869394699,397.500000000000000,159.620445584392883,38877.000000000000000,49.94,"50",0.001
199.000000000000000,PANCORAN,PANCORAN,JAKARTA SELATAN,"198",199.000000000000000,PANCORAN,PANCORAN,JAKARTA SELATAN,199.000000000000000,135.860878651000007,211.361418171999986,205.282797872999993,161.070492800000011,135.860878651000007,211.819770427000009,205.190888986000004,185.648890620999993,122.626076237999996,175.535688518999990,0.722257450856000,0.631578947368000,0.644261255549000,0.741280913126000,0.753329105897000,0.706404565631000,0.802790107800000,0.789473684211000,0.899809765377000,0.847812301839000,89.839503702200005,439037.126252999994904,15527.545700399998168,15763.331181699999433,15929.810021600000255,16786.497270600000775,17132.315976599998976,17420.974565900000016,17478.849184099999547,17691.056117299998732,17775.367289400001027,17298.080314999999246,0.135110863396000,0.151131047888000,0.134120493645000,0.130101773235000,0.120961225127000,0.133256547597000,0.140643253913000,0.142640435550000,0.133908430293000,0.138342704219000,1830.508057120000103,-0.018018348611200,-0.023201317759000,31.028044566300000,123973.194786999985809,30.759113614800000,29.327246891400002,40.527993594999998,36.917432164300003,27.139526547999999,26.737523475400000,27.528800811600000,30.614314009000001,34.434632525500000,-0.142371071240000,-0.159734065530000,-0.140541094902000,-0.136662656192000,-0.126954950476000,-0.140592358469000,-0.145898027879000,-0.149026698408000,-0.141015491864000,-0.145170479931000,0.000000000000000,39.737634073499997,41.179485355300002,41.198103680499997,41.477289706900002,41.112624044400000,40.781980418000003,39.387521422399999,41.144204444600000,39.449903296300000,0.007023966741190,-0.002840094048040,0.013134952268200,0.013042185471400,0.009755671870550,0.010765922637500,-0.000550203102401,0.009207932120410,0.002151663557560,0.000000000000000,13667.251035200000842,-0.001312319005120,3125.901201980000224,0.980236547461000,273.599840594000000,1.892268569660000,0.306731340751000,0.003481055878460,1.000000000000000,6.000000000000000,2.000000000000000,2.000000000000000,1.000000000000000,1.000000000000000,1.000000000000000,1.000000000000000,0.000000000000000,15.000000000000000,31.666666666699999,5.000000000000000,15.000000000000000,20.000000000000000,30.000000000000000,20.000000000000000,70.000000000000000,0.000000000000000,0.089384461970810,0.042380563865470,0.069746579950661,0.044987665395829,0.079467097982464,0.045671235208989,0.074234715155559,0.048044040370339,0.074030022147486,0.048150274792880,0.074806851162981,0.048563136164820,0.074757673667205,0.050444264943457,0.070745236755366,0.054546185384677,0.065634035522511,0.055142503097893,0.494379476022119,0.493249607535322,0.495317953520048,0.496747018099925,0.495652530555328,0.497158974778237,0.498505654281098,0.499035292226063,0.497480380008261,0.232489363909930,0.235489054026913,0.233243451463790,0.218500422813117,0.218391862659364,0.228415701003069,0.241112618724559,0.250840317303814,0.261198477832286,0.131765025836280,0.114734245346490,0.125138333191453,0.122278755525898,0.122180296940366,0.123369987327801,0.125201938610662,0.125291422140043,0.120776538620404,0.379289006997005,15.000000000000000,5.689335104955072,0.329526410730411,190.000000000200004,62.610018038843926,0.367949480555695,10.000000000000000,3.679494805556948,0.353470920127276,30.000000000000000,10.604127603818283,0.346373235002339,20.000000000000000,6.927464700046780,0.369389100288557,30.000000000000000,11.081673008656699,0.395974060454886,20.000000000000000,7.919481209097730,0.409711979655377,70.000000000000000,28.679838575876374,0.398886936485824,0.000000000000000,0.000000000000000,24210.000000000000000,49.75,"192",0.008
200.000000000000000,PANCORAN,KALIBATA,JAKARTA SELATAN,"199",200.000000000000000,PANCORAN,KALIBATA,JAKARTA SELATAN,200.000000000000000,139.550413187000004,218.047400649999986,211.116792100999987,165.244772406999999,139.550413187000004,216.467901059000013,209.482765226999987,191.415419364999991,125.526571877999999,180.064590476999996,0.794473883422000,0.734292202877000,0.736184708554000,0.775927327782000,0.784632853899000,0.738834216503000,0.819833459500000,0.820590461771000,0.902725208176000,0.856548069644000,72.517889852200000,873080.029783000005409,20240.725489100001141,20421.696589700000914,20552.539545100000396,21610.328372399999353,22038.966495600001508,22324.017219800000021,22402.607955999996193,22547.044984600001044,22640.504238400000759,21810.840953300001274,0.126063536548000,0.138448748390000,0.131047040663000,0.130577302354000,0.123201652149000,0.133747065072000,0.141498345162000,0.137739660543000,0.130645130445000,0.135421194551000,1732.962922169999956,-0.018925394367600,-0.001644708908280,33.143374649400002,95347.531402600012370,21.374808453000000,21.782288143399999,26.640269511700001,25.838266698599998,20.678827528199999,22.666311176200001,23.457038825700000,27.316429974300000,30.184778217900000,-0.140654830577000,-0.155611498311000,-0.139548957815000,-0.138534161229000,-0.132396478789000,-0.145799775890000,-0.151694339275000,-0.148810886282000,-0.141478080134000,-0.147548762225000,2.000000000000000,39.910936486200001,40.885794649700003,40.982762963799999,41.211784647300000,40.574252368099998,40.437263625200004,39.948159524099999,40.823877852800003,39.014819352799996,0.017892860777800,0.007838380241990,0.016589548146600,0.016535549329500,0.015787356491100,0.015302052423400,0.011822944019200,0.020695230370900,0.013435772122300,0.000000000000000,15428.610382499999105,0.012873954937400,3475.367326649999995,0.980641457469000,321.229827966000016,3.170265272660000,0.363204660911000,0.003416786341530,4.000000000000000,2.000000000000000,0.000000000000000,4.000000000000000,0.000000000000000,4.000000000000000,0.000000000000000,1.000000000000000,4.000000000000000,18.750000000000000,18.333333333300001,0.000000000000000,13.000000000000000,0.000000000000000,35.000000000000000,0.000000000000000,30.000000000000000,31.250000000000000,0.083312531203195,0.045431852221667,0.064468788755684,0.046651508887970,0.077963436209947,0.047080794181246,0.075271304381349,0.048844426453864,0.076175071360609,0.047040913415794,0.074656300369773,0.046743149710818,0.073386716910033,0.048685821950071,0.068148982080871,0.054301529224130,0.062794593120642,0.055081609598379,0.496401231486104,0.496940884663084,0.499076076272852,0.500433701497716,0.500856327307326,0.500616288992131,0.501723975506359,0.501660568533633,0.501597132951580,0.240456298961020,0.246397163773654,0.238589578998628,0.224880382775120,0.220357104672298,0.228545906973776,0.239684414817315,0.248324529720024,0.259413234533862,0.128744383424862,0.111120297643654,0.125044230391193,0.124115730835213,0.123215984776403,0.121399450080591,0.122072538860104,0.122450511305001,0.117876202719021,0.391932262598060,75.000000000000000,29.394919694854504,0.353912147105405,36.666666666600001,12.976778727174583,0.396391839984830,0.000000000000000,0.000000000000000,0.387778083245319,52.000000000000000,20.164460328756604,0.383178335366928,0.000000000000000,0.000000000000000,0.385424767945372,140.000000000000000,53.959467512352077,0.405772295992394,0.000000000000000,0.000000000000000,0.415503871512071,30.000000000000000,12.465116145362115,0.414441831310271,125.000000000000000,51.805228913783921,51342.000000000000000,50.16,"257",0.005
201.000000000000000,PANCORAN,RAWA JATI,JAKARTA SELATAN,"200",201.000000000000000,PANCORAN,RAWA JATI,JAKARTA SELATAN,201.000000000000000,138.639784018000000,214.806674461999989,208.204433824999995,163.037676266000005,138.639784018000000,214.882864199000011,207.936881150000005,188.352982961999999,124.468594538999994,178.485855363000013,0.551889622076000,0.515896820636000,0.488902219556000,0.590881823635000,0.546490701860000,0.522495500900000,0.706658668266000,0.710857828434000,0.806238752250000,0.755848830234000,115.418568057000002,413362.422525000001770,14382.239912900000490,14915.391583000000537,14991.846073700000488,16404.562681799998245,16973.573537799999031,17354.492814799999906,17489.133909200001654,17959.362856799998553,18213.083512000001065,18177.900914500001818,0.142573328516000,0.153335575862000,0.145894159798000,0.147150202895000,0.141399122924000,0.149214503063000,0.155153639979000,0.156534820525000,0.148365085577000,0.156671423711000,279.710414001999993,-0.018872374384700,0.000449727797259,44.951907957000003,1778720.728690000018105,24.936833435699999,22.540118133200000,28.853378714300000,27.870952556199999,21.326891666100000,22.325600193400000,21.668313064199999,28.259629981200000,31.131201227399998,-0.145555486171000,-0.162355399318000,-0.148018707632000,-0.147240045970000,-0.140936153321000,-0.154938380938000,-0.158909560946000,-0.161464143159000,-0.152518690946000,-0.159532869704000,0.000000000000000,39.716793116100000,40.535683326799997,41.061582103900001,41.464019164000000,40.577138920499998,40.406025190900003,39.542836198000003,40.743067165500001,38.825667939799999,-0.012862043679000,-0.020592154394800,-0.009040947964260,-0.012457475398200,-0.015982521221600,-0.013187008061100,-0.018729191695800,-0.012560974268200,-0.019786431599000,13933.919157000000268,14923.512529899999208,-0.016617773068300,2754.142477909999798,0.926880466452000,223.363615089999996,2.821801371750000,0.275010907384000,0.002528409182060,0.000000000000000,3.000000000000000,1.000000000000000,2.000000000000000,3.000000000000000,2.000000000000000,1.000000000000000,4.000000000000000,4.000000000000000,0.000000000000000,21.250000000000000,120.000000000000000,17.500000000000000,48.333333333299997,45.000000000000000,60.000000000000000,50.000000000000000,46.250000000000000,0.087003855749603,0.047357677477886,0.070087553028252,0.048560339380811,0.085374907201188,0.047595479666749,0.081317016781600,0.050265077530195,0.081832358674464,0.050682261208577,0.079461487871871,0.050949746605285,0.078473477998794,0.051386377335744,0.074519855863888,0.055648426761767,0.066289500130271,0.056463319313656,0.499886595599909,0.500225652134669,0.501361049245236,0.502052856060908,0.503859649122807,0.505396727146118,0.506969559975889,0.507336825290687,0.507351025421521,0.188280202207779,0.191486146095718,0.186219477968005,0.176282051282051,0.175508399646331,0.184804479048202,0.198223091311001,0.212219586298747,0.225504799735187,0.134361533227489,0.118647892409063,0.132970386867937,0.131582094311795,0.132514619883041,0.130411234477156,0.129859855334538,0.130168282625655,0.122752819443927,0.373537615472721,0.000000000000000,0.000000000000000,0.336564474503212,63.750000000000000,21.455985249579793,0.376660281765339,120.000000000000000,45.199233811840664,0.366691049863983,35.000000000000000,12.834186745239416,0.379483560181310,144.999999999900012,55.025116226251995,0.393028810705264,90.000000000000000,35.372592963473721,0.415326331549628,60.000000000000000,24.919579892977698,0.433154951485921,200.000000000000000,86.630990297184297,0.427211030828001,185.000000000000000,79.034040703180096,26867.000000000000000,50.74,"643",0.024
202.000000000000000,PANCORAN,DUREN TIGA,JAKARTA SELATAN,"201",202.000000000000000,PANCORAN,DUREN TIGA,JAKARTA SELATAN,202.000000000000000,137.735973061000010,215.174767115000009,208.635327490999998,163.492102748000008,137.735973061000010,214.318283135999991,207.534841467999996,189.028988755999990,124.160721433999996,177.971384324000013,0.761227212094000,0.677634504224000,0.684304135171000,0.754557581147000,0.746554024011000,0.723432636727000,0.831480658070000,0.836371720765000,0.915073365940000,0.885282347710000,88.893236789400007,738060.328411999973468,16123.239230299999690,16093.259239099999832,16227.169866199999888,16877.735673700000916,17142.558928700000251,17323.937875100000383,17358.414864900001703,17379.900525199998810,17329.933873300000414,16726.836384999998700,0.137569013860000,0.153310412399000,0.139858018244000,0.136750129510000,0.132968585001000,0.143354680225000,0.145465614648000,0.144740783200000,0.133574869305000,0.140061381777000,2235.778046649999851,-0.018601583331700,-0.010770175762700,34.153192081900002,81288.070023899999796,22.844831730599999,23.471756467100001,28.955146434600000,27.538484246700001,21.901084660100000,23.664167892399998,24.466906421600001,28.628699074499998,31.247042971799999,-0.148169628565000,-0.165173469617000,-0.146716059376000,-0.145255507892000,-0.138818464396000,-0.151804058149000,-0.153123475752000,-0.153012253462000,-0.142811527427000,-0.149492101167000,2.000000000000000,39.885977287300001,41.099692210100002,41.059446168900003,41.425634690999999,41.127018500900000,40.749693220300003,39.801087701400000,40.980507876899999,39.170661828299998,0.009980117277300,-0.003037424037930,0.009043463402800,0.008197328971730,0.005064455845460,0.010745873988100,0.003092225747620,0.010806732427400,0.005976213565900,0.000000000000000,14606.227826500000447,-0.000980166232677,3516.404585409999981,0.976358873839000,346.043207726999981,2.564643628930000,0.363722582617000,0.003196363916620,4.000000000000000,3.000000000000000,1.000000000000000,0.000000000000000,6.000000000000000,5.000000000000000,4.000000000000000,2.000000000000000,9.000000000000000,31.250000000000000,18.333333333300001,10.000000000000000,0.000000000000000,30.833333333300001,30.000000000000000,31.250000000000000,22.500000000000000,27.222222222199999,0.076161202185792,0.049708147044213,0.058473949993842,0.051761300652790,0.070015986736929,0.051453608857836,0.066573393960592,0.054069021802495,0.065732168094373,0.053329872227510,0.065889464594128,0.053857225100748,0.065434263864531,0.055285628036684,0.061644033099789,0.060058241789926,0.058758513561955,0.062044449755048,0.491182314952807,0.491870920064047,0.493546095091480,0.494316194473592,0.495457298606905,0.496344271732873,0.496851910416008,0.496842833664908,0.496863424542956,0.232043040804919,0.237339944978433,0.233660561338780,0.224149087614857,0.219413193556635,0.225255646522889,0.234206177704334,0.243032188432480,0.255449568951388,0.125869349230005,0.110235250646632,0.121469595594765,0.120642415763087,0.119062040321883,0.119746689694876,0.120719891901215,0.121702274889715,0.120802963317003,0.343276357282851,125.000000000000000,42.909544660356367,0.310865659613290,54.999999999899998,17.097611278699880,0.347607404208810,10.000000000000000,3.476074042088102,0.340082472895373,0.000000000000000,0.000000000000000,0.337830623566175,184.999999999799996,62.498665359674838,0.351276706608577,150.000000000000000,52.691505991286576,0.366447320705585,125.000000000000000,45.805915088198155,0.378340203491889,45.000000000000000,17.025309157135023,0.389116704731252,244.999999999799996,95.333592659078818,33476.000000000000000,49.69,"213",0.006
203.000000000000000,PANCORAN,PENGADEGAN,JAKARTA SELATAN,"202",203.000000000000000,PANCORAN,PENGADEGAN,JAKARTA SELATAN,203.000000000000000,136.614278503999998,211.354991291000005,205.172571855999990,160.843219341000008,136.614278503999998,212.399829505000014,205.688226235999991,185.411739210999997,122.949382585999999,176.091429043000005,0.819255222525000,0.770208900999000,0.782016348774000,0.823796548592000,0.810172570391000,0.792915531335000,0.858310626703000,0.868301544051000,0.917347865577000,0.889191643960000,91.576905417800006,374151.585652999987360,24229.048117700000148,24373.861639200000354,24610.082276999997703,26007.892225200001121,26617.957698599995638,27067.803956700001436,27465.270855999999185,27588.516406200000347,27845.277968999998848,27046.235985399998754,0.124290035143000,0.142157901258000,0.125219477325000,0.125023462832000,0.124887585315000,0.132393672886000,0.134864555427000,0.134270053472000,0.123202216246000,0.129117674171000,411.869625294999992,-0.020649385557400,-0.019401675831000,53.732597533499998,772558.726203999947757,29.669521173600000,26.363015870800002,34.545850851600001,32.369341801399997,24.340207703400001,23.891751683100001,25.313279572300001,31.036735804900001,33.538452825699999,-0.140203065994000,-0.160290643911000,-0.137661421243000,-0.137527662675000,-0.132945892099000,-0.146705193636000,-0.146613773057000,-0.148999037274000,-0.138992011689000,-0.143439733304000,1.000000000000000,40.028513582199999,40.858750378000003,41.307487342000002,41.644180553799998,40.927190490900003,40.971757375099997,39.272114159099999,41.062311280899998,39.240638459199999,0.020413441348300,0.011709424636700,0.023206391579200,0.021726922335700,0.018728333328600,0.019944998603200,0.018637991676700,0.025388043647100,0.018393734133200,0.000000000000000,13958.840908399999535,0.013733430702300,3403.192649999999958,0.984977057154000,202.255511743999989,2.434176694610000,0.376889210717000,0.004415274772870,0.000000000000000,0.000000000000000,0.000000000000000,1.000000000000000,0.000000000000000,0.000000000000000,0.000000000000000,0.000000000000000,0.000000000000000,0.000000000000000,0.000000000000000,0.000000000000000,5.000000000000000,0.000000000000000,0.000000000000000,0.000000000000000,0.000000000000000,0.000000000000000,0.079723579976403,0.046814427776841,0.061680994908605,0.048493447959269,0.076096828969711,0.048967341942108,0.071728980977737,0.050507388972489,0.072054638588503,0.051147789793208,0.071161468850497,0.051305063196470,0.072220981311890,0.053346735164917,0.068346119799351,0.059161994688699,0.064935064935065,0.058973190552138,0.501221978762852,0.500751189383190,0.501717805947163,0.501871358567735,0.502940618478467,0.503477675566525,0.503536594445685,0.503651519622307,0.503189792663477,0.226159334126040,0.234148592524227,0.225053172633818,0.216381576112715,0.209756717809613,0.220167786635502,0.230619108915002,0.241925580252978,0.250955842191505,0.126538007753244,0.110174442867874,0.125064170911819,0.122236369950226,0.123202428381711,0.122466532046967,0.125567716476807,0.127508114488050,0.123908255487203,0.400503977374784,0.000000000000000,0.000000000000000,0.361843382762050,0.000000000000000,0.000000000000000,0.398402364836981,0.000000000000000,0.000000000000000,0.382575757636326,5.000000000000000,1.912878788181629,0.384769433113505,0.000000000000000,0.000000000000000,0.397043909455368,0.000000000000000,0.000000000000000,0.416787256100749,0.000000000000000,0.000000000000000,0.434640609471702,0.000000000000000,0.000000000000000,0.431597253680217,0.000000000000000,0.000000000000000,26334.000000000000000,50.32,"5",0.000
204.000000000000000,PANCORAN,CIKOKO,JAKARTA SELATAN,"203",204.000000000000000,PANCORAN,CIKOKO,JAKARTA SELATAN,204.000000000000000,135.607143943000011,209.773002571999996,203.784659006999988,159.866676592999994,135.607143943000011,211.185430639999993,204.599528673000009,184.067865992999998,122.244674493999995,174.935412127999996,0.850066934404000,0.784471218206000,0.832663989290000,0.884872824632000,0.876840696118000,0.832663989290000,0.915662650602000,0.926372155288000,0.985274431058000,0.949129852744000,79.090051120699997,245400.297767999989446,19234.034962900001119,18888.612300199998572,19004.253800300000876,19507.369417699999758,19693.597288099997968,19690.593612799999391,19483.340015099998709,19508.871255400001246,19390.226080000000366,18492.127156899998226,0.104728969275000,0.120596693143000,0.104066950036000,0.106289270183000,0.102281490418000,0.110669370107000,0.113334300498000,0.110271090293000,0.102980648657000,0.105781720380000,604.946529605000023,-0.021073507639700,-0.029889023757500,29.865282530900000,454979.081219999992754,32.180646964600001,29.251526351199999,39.260213901800000,35.308463236999998,26.473362818999998,25.214957611100001,28.584425539200002,33.603134845299998,38.611408952500000,-0.119224016691000,-0.137490662765000,-0.116448082354000,-0.119946086418000,-0.111300724273000,-0.125410770975000,-0.125456641292000,-0.125089328292000,-0.118625860292000,-0.120304853392000,0.000000000000000,40.317020835999998,41.195684781899999,41.623542575800002,41.800172393899999,41.153710329900001,41.322486022200003,39.274498772900003,41.422721532200001,39.553684365800002,0.025698592631700,0.018755316461000,0.031061293191500,0.029114448371000,0.026737177720400,0.029816004814400,0.027319108507800,0.034335593731600,0.027056720192200,0.000000000000000,13474.449865700000373,0.020315274045800,3047.599969830000191,0.987594690332000,159.249943365000007,1.530288548760000,0.365408546924000,0.003790643120970,1.000000000000000,3.000000000000000,3.000000000000000,3.000000000000000,3.000000000000000,3.000000000000000,0.000000000000000,0.000000000000000,2.000000000000000,10.000000000000000,41.666666666700003,10.000000000000000,14.166666666699999,16.666666666699999,17.500000000000000,0.000000000000000,0.000000000000000,30.000000000000000,0.084678381171981,0.046752007632981,0.063063063063063,0.048917338391023,0.073523750866117,0.050119331742243,0.066956455425913,0.050865553267749,0.065822591716879,0.050263137823202,0.064826948277191,0.052724890156479,0.065357967667436,0.053964588144727,0.061343040817907,0.058477267446364,0.057418988061399,0.060505157150979,0.494871590999443,0.495890627469575,0.496728000615906,0.496453900709220,0.498207611928915,0.500809373313806,0.503464203233256,0.503214313376191,0.504751076098433,0.211981149175276,0.220787207872079,0.213202344019304,0.210106833983381,0.203984739296312,0.207611570953153,0.219371282922685,0.227288193263015,0.236284289276808,0.131430388804962,0.111980401454086,0.123643082608360,0.117822008693662,0.116085729540081,0.117551838433670,0.119322555812163,0.119820308264271,0.117924145212378,0.359805704372342,10.000000000000000,3.598057043723419,0.322815181035728,125.000000000100016,40.351897629498289,0.351458071105360,30.000000000000000,10.543742133160796,0.330797097862016,42.500000000100002,14.058876659168755,0.330424179286442,50.000000000100002,16.521208964355143,0.354171430682341,52.500000000000000,18.594000110822918,0.387632791899959,0.000000000000000,0.000000000000000,0.395781545131156,0.000000000000000,0.000000000000000,0.409568457855489,60.000000000000000,24.574107471329313,12313.000000000000000,50.48,"64",0.005
205.000000000000000,JAGAKARSA,JAGAKARSA,JAKARTA SELATAN,"204",205.000000000000000,JAGAKARSA,JAGAKARSA,JAKARTA SELATAN,205.000000000000000,155.604736118000005,246.554224454000007,235.385625432000012,183.421867746999993,155.604736118000005,235.545498220000013,227.001689255000002,213.940884019000009,139.625273542000002,199.287184580000002,0.638743455497000,0.592670157068000,0.607329842932000,0.652705061082000,0.693019197208000,0.642059336824000,0.736823734729000,0.763874345550000,0.857940663176000,0.832111692845000,130.857037582999993,1538502.463320000097156,13040.161810699999478,13317.612062000000151,13457.025405799999135,14469.689328000000387,14880.260642499999449,15239.510542599999098,15565.725969200000691,15939.920035900000585,16183.942546099999163,16190.038193000000319,0.170583257993000,0.187056591221000,0.173438649839000,0.171135187184000,0.158430549024000,0.174774898795000,0.172798428899000,0.172160038596000,0.158979690852000,0.162741600422000,2085.528990150000027,-0.023115182149000,-0.008668602099510,31.055261809699999,669115.768837000010535,12.268143332699999,14.466031155400000,16.692685348000001,20.379098400499998,15.562787624400000,16.362338587200000,18.398342113700000,20.561163781800001,19.266909488100001,-0.179178224550000,-0.198814032080000,-0.178477409875000,-0.178211793928000,-0.164267838201000,-0.186981328685000,-0.183484366866000,-0.180240491659000,-0.169289935369000,-0.176626851517000,0.000000000000000,38.504638361799998,39.589838975399999,39.788356369799999,40.515623319500001,39.792555992200001,39.834880010500001,39.056815132399997,40.607641986899999,38.735388750900000,-0.006505500455840,-0.011301067263400,-0.003833914967390,0.002440621444910,-0.005857156195370,-0.001566358848980,-0.003192192442470,0.005151077892410,-0.001456866808720,0.000000000000000,22410.318506100000377,-0.013854094414000,2719.836129729999811,0.959477683859000,441.320041661999994,1.981202058330000,0.298388548114000,0.002641379679810,7.000000000000000,2.000000000000000,1.000000000000000,0.000000000000000,9.000000000000000,2.000000000000000,4.000000000000000,0.000000000000000,18.000000000000000,24.642857142899999,30.000000000000000,20.000000000000000,0.000000000000000,21.666666666699999,35.000000000000000,21.875000000000000,0.000000000000000,31.944444444399998,0.084233994802740,0.032940585872903,0.065520113388956,0.034308926457910,0.077690352915597,0.035672061641323,0.073696729435084,0.038638916418897,0.074578720549147,0.040102190911202,0.075820163969631,0.041106100226121,0.075656271587881,0.042818020329616,0.071429439280724,0.045768786829476,0.067127380489701,0.048435678196657,0.495009449562958,0.495316860762453,0.496772527756261,0.497561942517344,0.497961342933086,0.499627341746567,0.499679265765321,0.500686471052791,0.501068791294209,0.239023734283601,0.236464268272831,0.227178169358786,0.219505319227859,0.213090993419718,0.222817764165391,0.231691281298877,0.239403730755654,0.250381761915701,0.117174580675643,0.099829039846866,0.113362414556920,0.112335645853981,0.114680911460349,0.116926264195752,0.118474291917497,0.117198226110200,0.115563058686358,0.350639928839379,172.500000000299991,60.485387724898153,0.302993661849048,60.000000000000000,18.179619710942887,0.338690896726794,20.000000000000000,6.773817934535890,0.332682087939873,0.000000000000000,0.000000000000000,0.334710405774749,195.000000000299991,65.268529126176560,0.361243214934384,70.000000000000000,25.287025045406871,0.375087911159817,87.500000000000000,32.820192226483975,0.385947062250138,0.000000000000000,0.000000000000000,0.395440723417851,574.999999999199986,227.378415964947720,82336.000000000000000,50.11,"237",0.003
206.000000000000000,JAGAKARSA,SRENGSENG SAWAH,JAKARTA SELATAN,"205",206.000000000000000,JAGAKARSA,SRENGSENG SAWAH,JAKARTA SELATAN,206.000000000000000,161.541906455000003,255.882592649000003,243.041265998999990,189.245053911000014,161.541906455000003,241.979538364999996,232.835332161999986,220.849003584999991,144.708426255999996,205.928057676000009,0.548061518744000,0.503043896187000,0.513617430311000,0.565523870554000,0.596443447613000,0.549983979494000,0.613425184236000,0.641140660045000,0.703941044537000,0.697853252163000,123.829008095999995,1206039.033589999889955,11385.354245200000150,11542.206079999999929,11583.625049000000217,12410.923933899999611,12801.522819699997854,13038.331272800000079,13257.131478600000264,13502.583890500000052,13696.172549900000377,13447.478653500000291,0.181657622395000,0.194608893804000,0.187843310449000,0.178582908570000,0.169019214017000,0.184048189104000,0.182411113568000,0.185953651507000,0.175070103799000,0.181053034384000,1222.435256250000066,-0.030597419850200,0.006888097333730,25.912884658999999,774018.541939000133425,12.311533665900001,13.873951772300000,15.006171970900001,18.909571624000002,14.167589375000000,15.514618118300000,16.481986608100001,19.674195439399998,19.979124603900001,-0.180837062745000,-0.194795455094000,-0.184442719340000,-0.177378641678000,-0.167351348582000,-0.186649308158000,-0.183224899399000,-0.185791898971000,-0.175688389691000,-0.183654784937000,0.000000000000000,37.916799068800003,38.557212548899997,39.262180531799999,39.579804783299998,39.136216386699999,39.087062785599997,37.461725061499997,40.088784880600002,37.133412435799997,-0.024441673341000,-0.030115680268900,-0.020938263949900,-0.017006630831600,-0.025911009647100,-0.023991982250100,-0.026158377640200,-0.020896711453200,-0.023965969169300,0.000000000000000,24890.054520900001080,-0.032495390715300,2312.727725230000033,0.985093428606000,419.666306378999991,2.855496301320000,0.213119962789000,0.002348275393270,5.000000000000000,1.000000000000000,0.000000000000000,0.000000000000000,1.000000000000000,1.000000000000000,5.000000000000000,0.000000000000000,6.000000000000000,31.000000000000000,15.000000000000000,0.000000000000000,0.000000000000000,30.000000000000000,50.000000000000000,23.000000000000000,0.000000000000000,24.166666666699999,0.083689580928012,0.039769713233688,0.065170076487781,0.041897270070269,0.078484575872776,0.042224092399663,0.075850718134117,0.044382235851843,0.074721692770918,0.044625839065219,0.076110137604086,0.044921689283725,0.075166711122966,0.046345692184583,0.071159029649596,0.049845506541319,0.068310255242789,0.051396737820393,0.493462726620276,0.493765934954294,0.495008560898459,0.494985018357787,0.495234938261374,0.496379912248530,0.496118965057349,0.496246137663533,0.495661140423708,0.234829105379095,0.231462700022538,0.231239377696431,0.222573606147813,0.211676567759148,0.220780211065699,0.227236737925574,0.228337786651790,0.235254671713409,0.123459294161700,0.107067346558050,0.120708668272439,0.120232953985960,0.119347531836137,0.121031826887811,0.121512403307549,0.121004536190915,0.119706993063182,0.353699165836696,155.000000000000000,54.823370704687925,0.307752141874421,15.000000000000000,4.616282128116314,0.351978592601405,0.000000000000000,0.000000000000000,0.341422409290344,0.000000000000000,0.000000000000000,0.329088243751340,30.000000000000000,9.872647312540202,0.350251933200998,50.000000000000000,17.512596660049905,0.356748306661177,115.000000000000000,41.026055266035328,0.357317137372290,0.000000000000000,0.000000000000000,0.357508135894758,145.000000000200004,51.838679704811426,74674.000000000000000,49.57,"433",0.006
207.000000000000000,JAGAKARSA,CIGANJUR,JAKARTA SELATAN,"206",207.000000000000000,JAGAKARSA,CIGANJUR,JAKARTA SELATAN,207.000000000000000,158.440753336999990,252.672802985999994,240.606762325000005,187.286506661999994,158.440753336999990,239.328850081000013,230.662985580999987,218.928745012999997,142.594563988000004,203.171383139000000,0.532277710110000,0.445310596833000,0.483313032887000,0.545919610231000,0.629232643118000,0.528136419001000,0.639951278928000,0.664068209501000,0.788306942753000,0.745188794153000,175.901053501000007,807647.123500999994576,10878.250822699999844,11294.324306099999376,11333.819745500000863,12394.985406200001307,12812.978806700000860,13190.653946200000064,13473.156047700000272,13876.612932399999409,14165.697607000000062,14103.163161300000866,0.190090102152000,0.214679245584000,0.197217931191000,0.188314219709000,0.170833119667000,0.192606004190000,0.190253015377000,0.195338759424000,0.175382863118000,0.184452269285000,2970.268836849999843,-0.027678956480900,0.010202773509500,35.385206816900002,587563.813647000002675,10.890791098299999,13.606974272500000,15.072962491200000,22.355944095800002,16.914656049100000,18.845487926499999,20.353171075100001,22.368198639300001,20.752093208900000,-0.192074098286000,-0.218797384895000,-0.195521347605000,-0.190622056358000,-0.174172328017000,-0.199517718615000,-0.194194302421000,-0.197473866748000,-0.179915040588000,-0.191629381716000,0.000000000000000,38.515101409499998,39.003792375300002,39.405736108699998,40.586732469200001,39.459791977199998,39.493149693100001,38.726890763699998,40.986284333699999,38.482115219100002,-0.022984591726400,-0.031614622637800,-0.019716849119200,-0.009319775825970,-0.024085412866000,-0.022666415444000,-0.024405533753600,-0.011544821628600,-0.019516932695300,0.000000000000000,23635.979045499996573,-0.038231856882900,2532.536519709999993,0.986085078257000,445.591737233000003,1.896178017370000,0.217940421069000,0.002624527163050,6.000000000000000,0.000000000000000,1.000000000000000,0.000000000000000,6.000000000000000,1.000000000000000,4.000000000000000,2.000000000000000,7.000000000000000,20.000000000000000,0.000000000000000,10.000000000000000,0.000000000000000,26.666666666699999,10.000000000000000,21.250000000000000,7.500000000000000,35.000000000000000,0.086354695354428,0.032030889531072,0.067710476006098,0.033758439609902,0.083001416179855,0.033789166224110,0.079137768644576,0.036754002911208,0.077495685442788,0.036408624955815,0.077519695458339,0.037334853327362,0.077855081630233,0.039056014547180,0.073981567534077,0.042712205700124,0.070517308440296,0.043776740567872,0.493795381140873,0.494809186167510,0.496614445034519,0.497730970117304,0.499303432932028,0.499501251959367,0.500632486065541,0.502478314745973,0.501711396343835,0.248723357015986,0.252258832440621,0.248058130794287,0.232168744563642,0.220682052725396,0.227151770967150,0.231521932952924,0.234303981906357,0.243861097831283,0.118385584885500,0.101468915616000,0.116790582403965,0.115891771555784,0.113904310398603,0.114854548785701,0.116911096177413,0.116693773234201,0.114294049008168,0.356674561516401,120.000000000000000,42.800947381968136,0.320941328567155,0.000000000000000,0.000000000000000,0.368969185958890,10.000000000000000,3.689691859588901,0.356659565072548,0.000000000000000,0.000000000000000,0.348845758102759,160.000000000200004,55.815321296511144,0.359439934715636,10.000000000000000,3.594399347156363,0.376538974387033,85.000000000000000,32.005812822897788,0.390211198424233,15.000000000000000,5.853167976363500,0.389090279325711,245.000000000000000,95.327118434799232,51420.000000000000000,50.17,"221",0.004
208.000000000000000,JAGAKARSA,LENTENG AGUNG,JAKARTA SELATAN,"207",208.000000000000000,JAGAKARSA,LENTENG AGUNG,JAKARTA SELATAN,208.000000000000000,155.847098984000013,244.984772012000008,233.825256709000001,182.316443875999994,155.847098984000013,235.040795959999997,226.357813058000005,212.214856840000010,139.319361968000010,198.828774759999988,0.716174402250000,0.662447257384000,0.669760900141000,0.707172995781000,0.735864978903000,0.697890295359000,0.776090014065000,0.799156118143000,0.868917018284000,0.837974683544000,138.509963024000001,958511.927089000004344,18627.466070900001796,19070.117123899999569,19162.006032500001311,20341.352645999999368,20932.927102599998761,21392.371645800001716,21577.100037899999734,21892.374051999999210,22083.122751999999309,21473.170513699998992,0.155625835396000,0.170206922222000,0.164879226630000,0.159144394144000,0.147219826905000,0.161051536411000,0.163346514085000,0.159405769578000,0.152010399069000,0.157152124200000,371.746379328999978,-0.024373157771100,-0.016362895253900,36.051124928599997,2302441.750620000064373,15.419013708300000,17.123349856200001,19.731051446100000,21.958388051699998,16.005638006600002,16.030422487300001,18.029377369399999,20.620693583600001,21.325033039200001,-0.164969661947000,-0.183084820578000,-0.170549271043000,-0.167496502766000,-0.155007005631000,-0.173840613244000,-0.174405128091000,-0.169313231806000,-0.162282874423000,-0.170411137044000,0.000000000000000,38.911089606099999,39.754470282900002,40.020235550099997,40.748394220400002,39.660881928899997,39.835134754000002,39.043643572500002,40.471971230299999,38.633376626500002,0.003639730792170,-0.004488204785460,0.005717001285020,0.010458824149500,0.003939613064860,0.005873200962250,0.002521359221470,0.008920605764730,0.003977654985070,0.000000000000000,22319.475432300001557,-0.002035389139750,2978.947062019999521,0.960926632668000,436.495818340000028,2.879310448220000,0.298748484946000,0.003042156337730,0.000000000000000,1.000000000000000,1.000000000000000,0.000000000000000,1.000000000000000,0.000000000000000,1.000000000000000,2.000000000000000,2.000000000000000,0.000000000000000,15.000000000000000,200.000000000000000,0.000000000000000,30.000000000000000,0.000000000000000,20.000000000000000,45.000000000000000,35.000000000000000,0.086749189997508,0.036138572734070,0.067532038032245,0.038925175692435,0.080502204152842,0.039768213467919,0.076758900460160,0.042670743521434,0.076191604704209,0.042509701691501,0.076596619528026,0.043070913549789,0.076333005268338,0.044809818792335,0.071828277900537,0.050018652968692,0.068674467676961,0.051660788856262,0.493877211929883,0.493790822653989,0.494555820365438,0.495625454105110,0.496267440827088,0.497026300718093,0.497307937243096,0.497675553132264,0.497395564343579,0.262867542512654,0.264240097456532,0.254102690519792,0.236155629816545,0.234125925431868,0.241419785742627,0.255553748577004,0.267707564427613,0.280836317051539,0.122887762731578,0.106457213724680,0.120270417620761,0.119429643981594,0.118701306395710,0.119667533077815,0.121142824060673,0.121846930869229,0.120335256533223,0.384231036567564,0.000000000000000,0.000000000000000,0.340779865998477,15.000000000000000,5.111697989977158,0.372097053527154,200.000000000000000,74.419410705430892,0.357489122911209,0.000000000000000,0.000000000000000,0.357324894369985,30.000000000000000,10.719746831099556,0.372273684922094,0.000000000000000,0.000000000000000,0.392872362888031,20.000000000000000,7.857447257760618,0.409830783462983,90.000000000000000,36.884770511668485,0.417858172839738,70.000000000000000,29.250072098781654,67769.000000000000000,49.74,"0",0.000
209.000000000000000,JAGAKARSA,TANJUNG BARAT,JAKARTA SELATAN,"208",209.000000000000000,JAGAKARSA,TANJUNG BARAT,JAKARTA SELATAN,209.000000000000000,150.653294119999998,235.377454639000007,225.661526761000005,176.142143002000012,150.653294119999998,228.859067009999990,220.705472374000010,204.654186976000005,134.581901410000000,192.558462730000002,0.683490800597000,0.615614122327000,0.601193436101000,0.659124813526000,0.697414221780000,0.644206862258000,0.744157135753000,0.775733465937000,0.848582794630000,0.815763301840000,149.155159970999989,1059731.982150000054389,12191.964533599999413,12479.058579500000633,12562.887797999999748,13233.801911299999119,13616.220152199999575,13936.116935800000647,14085.551629699999467,14296.947050200000376,14451.428319099999499,14314.610062800000378,0.158337075285000,0.178192290121000,0.167464741603000,0.159789708169000,0.149942509502000,0.166190928391000,0.167274542925000,0.161651628372000,0.154799489646000,0.161451457229000,480.483467249000000,-0.023653516544000,-0.023366028367700,30.994178179399999,2194836.649799999780953,20.241786924300001,22.902231180099999,28.238292327200000,29.690785873399999,20.922603042999999,20.624611964800000,21.914037478400001,24.083847288099999,26.987660787399999,-0.167057419216000,-0.188173669654000,-0.171841512361000,-0.167229653936000,-0.156343878222000,-0.177482779889000,-0.177551208419000,-0.169950312870000,-0.163683322752000,-0.172721518047000,0.000000000000000,38.515813625200003,40.188779612300003,40.078973959999999,40.975581196299999,39.531646040399998,39.691855440499999,39.967437347199997,40.759696635600001,38.647001895499997,-0.004840099919580,-0.015091276434800,-0.005021100552920,-0.000711378074569,-0.007024113278220,-0.005405807308640,-0.009655192252360,0.001041660836010,-0.008535601693690,15591.300185899999633,20239.432033699999010,-0.014779432551300,2648.547597569999652,0.940027224086000,442.282965178999973,2.869772770630000,0.293520845905000,0.002306284734980,1.000000000000000,2.000000000000000,1.000000000000000,0.000000000000000,1.000000000000000,0.000000000000000,5.000000000000000,5.000000000000000,3.000000000000000,7.500000000000000,30.000000000000000,150.000000000000000,0.000000000000000,30.000000000000000,0.000000000000000,17.500000000000000,27.000000000000000,35.000000000000000,0.087620759379915,0.037384857335430,0.068379120266018,0.040215135352273,0.080505063344774,0.041290623278675,0.076020261088004,0.043631347032904,0.076910696682560,0.043595469450983,0.075597133757962,0.044546178343949,0.075832450876574,0.045397497744833,0.071937142302842,0.050926375012125,0.068198288187712,0.052568697729988,0.497124241743428,0.497444709768127,0.497860260158468,0.499299921755961,0.498984046512564,0.500179140127389,0.500058830450641,0.500339509166748,0.500734473235795,0.248658502143829,0.258926124330385,0.257036770870763,0.237592764378479,0.231002695295690,0.238497652582160,0.247039140580284,0.254856473853092,0.264691142826016,0.125005616715345,0.108594255618291,0.121795686623449,0.119651608120908,0.120506166133543,0.120143312101911,0.121229948621407,0.122863517314967,0.120766985917700,0.394913071392722,7.500000000000000,2.961848035445417,0.363379469686451,60.000000000000000,21.802768181187059,0.399587148720968,150.000000000000000,59.938072308145152,0.382154393724525,0.000000000000000,0.000000000000000,0.375582282256792,30.000000000000000,11.267468467703747,0.389831437198423,0.000000000000000,0.000000000000000,0.401023460944772,87.500000000000000,35.089552832667536,0.415390718993150,135.000000000000000,56.077747064075226,0.422511949104788,105.000000000000000,44.363754656002790,51057.000000000000000,50.07,"202",0.004
210.000000000000000,JAGAKARSA,CIPEDAK,JAKARTA SELATAN,"209",210.000000000000000,JAGAKARSA,CIPEDAK,JAKARTA SELATAN,210.000000000000000,162.169610309999996,259.779321861000028,246.567219450000010,191.699592461999998,162.169610309999996,243.960967960000005,235.047776105999986,224.481351488999991,146.307817835999998,207.947198899000000,0.499562171629000,0.395359019264000,0.402364273205000,0.470884413310000,0.522985989492000,0.455341506130000,0.545096322242000,0.594133099825000,0.702495621716000,0.646672504378000,143.815754975999994,892578.349854000029154,9685.496256750000612,10009.874357099999543,10075.933119100000113,11025.404579899999590,11414.362514799999190,11800.116106800000125,12071.499304700000721,12482.394664299999931,12824.273406800000885,12849.168686499999239,0.198447573106000,0.227627043610000,0.219573231809000,0.204762184978000,0.191419708437000,0.211637178732000,0.213065373338000,0.209049513577000,0.186517504955000,0.198916171414000,3588.393402069999411,-0.032411740806500,0.011090892400300,42.319173782000000,491530.747893999970984,9.749451773050000,11.423561554799999,12.546978345499999,18.756515019300000,15.121164066200000,18.085801217400000,18.286006911800001,23.906923838099999,24.799502027500001,-0.199701193064000,-0.225018968191000,-0.214174027948000,-0.202974065929000,-0.188889157065000,-0.213329847640000,-0.210434547748000,-0.206620600785000,-0.187675229520000,-0.200651471130000,0.000000000000000,36.788796886199997,37.966975525199999,39.171106569800003,39.882703033799999,38.374289582499998,39.031932734199998,37.669447027399997,40.460303060400001,37.797409835499998,-0.024542843307300,-0.044966050270200,-0.028460178944300,-0.019067988147200,-0.037273874484500,-0.038055670319800,-0.039909104716400,-0.022462380506900,-0.034993900936900,0.000000000000000,25571.937536599998566,-0.049620959615300,2566.393747050000002,0.973983801110000,446.028773799000021,1.965835104500000,0.215727954407000,0.002042642323270,1.000000000000000,1.000000000000000,5.000000000000000,0.000000000000000,8.000000000000000,2.000000000000000,3.000000000000000,1.000000000000000,3.000000000000000,12.500000000000000,25.000000000000000,38.000000000000000,0.000000000000000,37.777777777799997,30.000000000000000,50.000000000000000,50.000000000000000,43.333333333299997,0.085668554543216,0.029377000738734,0.066637311023044,0.030701110621850,0.081958417169685,0.030739995528728,0.079683855921223,0.032802107627192,0.078729137509661,0.033588870553339,0.078163923714624,0.035202352268551,0.077012697221619,0.037874449556683,0.073671868993619,0.042227262243407,0.070344721747971,0.043603368566441,0.497094311745875,0.497284602964920,0.496981891348089,0.498488382136996,0.500616213732166,0.501061787887450,0.501826583203333,0.502998385484739,0.503193999501237,0.252875179259342,0.251651651651652,0.242968176409529,0.229703694671381,0.220725388601036,0.229341317365269,0.237685030606567,0.246714005136728,0.258412276565648,0.115045555281950,0.097338421644894,0.112698412698413,0.112485963548415,0.112318008063000,0.113366275983175,0.114887146778302,0.115899131237026,0.113948090314412,0.372275898771932,12.500000000000000,4.653448734649154,0.324341474678332,25.000000000000000,8.108536866958310,0.354813583810129,190.000000000000000,67.414580923924575,0.349515404425485,0.000000000000000,0.000000000000000,0.352665259370172,302.222222222399978,106.583278387492442,0.367305228045929,60.000000000000000,22.038313682755756,0.384893872828293,150.000000000000000,57.734080924243912,0.404328171998432,50.000000000000000,20.216408599921596,0.412581561627056,129.999999999899984,53.635603011476015,52129.000000000000000,50.32,"12",0.000
211.000000000000000,PESANGGRAHAN,PESANGGRAHAN,JAKARTA SELATAN,"210",211.000000000000000,PESANGGRAHAN,PESANGGRAHAN,JAKARTA SELATAN,211.000000000000000,136.912309464999993,221.406334931999993,214.406134691999995,167.798375149000009,136.912309464999993,215.147368489999991,208.295614566000012,196.226364128999990,124.875000682000007,179.641667790000014,0.602941176471000,0.465992647059000,0.469669117647000,0.543658088235000,0.588694852941000,0.480698529412000,0.638327205882000,0.678308823529000,0.818474264706000,0.743566176471000,174.604807692000009,432202.804254000016954,15826.305389600000126,16232.704685099999551,16228.568305500000861,17128.230868099999498,17436.908195600000909,17722.318387899998925,17902.250900399998500,18151.984818600001745,18260.564783099998749,17739.380953700001555,0.154781338950000,0.185479672394000,0.170046033943000,0.168680640848000,0.157294431890000,0.177556170393000,0.178027139957000,0.177781856121000,0.163258758711000,0.171103226841000,832.528701855000008,-0.012363839196300,-0.056941098008800,22.736005998500001,215655.864356000005500,15.370119861599999,19.278353832299999,21.551573746300001,24.617575481199999,18.083954402600000,17.142998722900000,19.009713840700002,24.191654727400000,26.179440439699999,-0.161867303398000,-0.192239774654000,-0.172317439998000,-0.166901151873000,-0.158950459623000,-0.178275693443000,-0.177637654968000,-0.180179463397000,-0.163063724290000,-0.174322661514000,1.000000000000000,39.518500507399999,40.441635648599998,39.899420768399999,41.243944887300003,40.544808602600000,40.252295721400003,38.330277366600001,40.292671668899999,39.635941883699999,-0.008875440486120,-0.027268931825500,-0.015693702488100,-0.007452319729450,-0.023361095900700,-0.019393274433600,-0.021793175813300,-0.011039716847500,-0.020961570680000,0.000000000000000,15918.654835699999239,-0.028848378190700,2808.966090979999535,0.990444179325000,336.655121757000018,3.098143861690000,0.216520214276000,0.002105417350650,0.000000000000000,1.000000000000000,0.000000000000000,0.000000000000000,8.000000000000000,0.000000000000000,0.000000000000000,0.000000000000000,6.000000000000000,0.000000000000000,30.000000000000000,0.000000000000000,0.000000000000000,35.625000000000000,0.000000000000000,0.000000000000000,0.000000000000000,32.500000000000000,0.083197961458831,0.048160535117057,0.063497626405837,0.050339312454201,0.073565369638059,0.049687566033749,0.070869410508836,0.052722097022892,0.071361885867662,0.052193954953904,0.071164510166359,0.052795748613678,0.070043011365255,0.053550573959609,0.066087153495484,0.055922077186624,0.063685913317205,0.057477629776444,0.494632903328555,0.495555484754835,0.496151175778066,0.495878306250741,0.498833002684094,0.499566774491682,0.498590024781383,0.499277968117337,0.497653676877787,0.231075552981211,0.234725663716814,0.224519491066594,0.211653699718590,0.204981904730853,0.211453460235522,0.218255603817254,0.223525353570197,0.231474924354600,0.131358496575888,0.113836938860038,0.123252935671808,0.123591507531728,0.123555840821566,0.123960258780037,0.123593585324864,0.122009230682108,0.121163543093649,0.378257618682539,0.000000000000000,0.000000000000000,0.340451884293288,30.000000000000000,10.213556528798634,0.358783958857799,0.000000000000000,0.000000000000000,0.344472660783854,0.000000000000000,0.000000000000000,0.355483971647932,285.000000000000000,101.312931919660755,0.367895674072162,0.000000000000000,0.000000000000000,0.368074998489988,0.000000000000000,0.000000000000000,0.373569453117522,0.000000000000000,0.000000000000000,0.369689512098660,195.000000000000000,72.089454859238714,34309.000000000000000,49.77,"82",0.002
212.000000000000000,PESANGGRAHAN,BINTARO,JAKARTA SELATAN,"211",212.000000000000000,PESANGGRAHAN,BINTARO,JAKARTA SELATAN,212.000000000000000,140.315952202999995,226.999554152000002,219.299836378000009,171.287724023999999,140.315952202999995,219.459161259000012,212.322918224999995,200.690113274999987,127.666070371000004,183.626595154999990,0.603414823438000,0.482343810633000,0.494373302289000,0.550252231277000,0.571400853706000,0.503880481180000,0.663174233605000,0.680636398913000,0.774544043461000,0.739037640667000,177.033961099000010,1240975.526360000018030,12553.053527300000496,12834.207698899997922,12903.186517300000560,13703.428126700000576,14031.514089300000705,14278.397139000000607,14461.540267899999890,14688.559164199999941,14792.900541500001054,14342.137059900000168,0.155580298860000,0.188079568139000,0.170628304370000,0.168738065941000,0.162862205855000,0.178317783350000,0.176012400750000,0.174691715084000,0.163091508496000,0.169463785701000,549.856202524999958,-0.013239656725000,-0.054281804582000,34.281930968499999,911954.410563000128604,16.462158687900001,18.638727336100001,22.740222102699999,25.679333381799999,19.396840734000001,17.358797350500001,20.719863795500000,25.994988128900001,26.976349702899999,-0.160228207125000,-0.194969307679000,-0.172518269324000,-0.169619704279000,-0.164707304181000,-0.181612663304000,-0.177368780388000,-0.179064653947000,-0.164233699561000,-0.175145946217000,4.000000000000000,38.092079386999998,39.965105807500002,39.504450087899997,40.810759868100000,40.039469603500002,39.663747151199999,37.999613427299998,40.195128775100002,39.036773422000003,-0.010276482858400,-0.027294298645100,-0.018173119256900,-0.013839634537700,-0.024842022939200,-0.019092211236100,-0.023121604597000,-0.015734744356400,-0.022171233345900,0.000000000000000,17180.471853200000623,-0.030790551578700,2830.674480129999665,0.986310647496000,352.449338348000026,2.615365271060000,0.265105097549000,0.002083554226180,0.000000000000000,1.000000000000000,0.000000000000000,0.000000000000000,16.000000000000000,6.000000000000000,5.000000000000000,1.000000000000000,6.000000000000000,0.000000000000000,40.000000000000000,0.000000000000000,0.000000000000000,45.312500000000000,37.500000000000000,17.000000000000000,10.000000000000000,25.000000000000000,0.078714176375542,0.044901777362021,0.062458764020233,0.046911742315305,0.072016821447345,0.047214744253469,0.068979464841319,0.050062227753578,0.069070951369036,0.049624680864075,0.068256603773585,0.051471698113208,0.068836379848417,0.053410610789122,0.065252036359344,0.056590131035297,0.062630321294309,0.059799400331796,0.496742920316353,0.497149430732013,0.499848670691495,0.500637834474176,0.500466282429561,0.501116981132075,0.502348045772032,0.502611852201629,0.501651370561466,0.229892118094214,0.231002470614659,0.224679715302491,0.207975726051149,0.206144832754275,0.211226667114703,0.218266560888536,0.224439147046338,0.235795025109592,0.123615953737563,0.109370506335538,0.119231565700814,0.119041692594897,0.118695632233111,0.119728301886793,0.122246990637539,0.121842167394641,0.122429721626105,0.369054734354700,0.000000000000000,0.000000000000000,0.334252922258888,40.000000000000000,13.370116890355527,0.370787606254940,0.000000000000000,0.000000000000000,0.357525121738868,0.000000000000000,0.000000000000000,0.353609390410315,725.000000000000000,256.366808047478060,0.365743952327156,225.000000000000000,82.292389273610084,0.387515474686551,85.000000000000000,32.938815348356833,0.394542696840853,10.000000000000000,3.945426968408534,0.402194698317379,150.000000000000000,60.329204747606880,65703.000000000000000,50.17,"200",0.003
213.000000000000000,PESANGGRAHAN,PETUKANGAN UTARA,JAKARTA SELATAN,"212",213.000000000000000,PESANGGRAHAN,PETUKANGAN UTARA,JAKARTA SELATAN,213.000000000000000,130.984142846999987,211.414626260999995,205.358708635999989,161.575794118000005,130.984142846999987,207.265554121000008,201.035620375000008,187.820589418999987,120.506809707000002,172.754240113999998,0.797087685977000,0.737258626148000,0.740740740741000,0.776511554289000,0.799303577081000,0.767964545742000,0.832858499525000,0.850269072491000,0.911047799937000,0.897752453308000,79.594484583300002,955954.828103999956511,20948.578907600000093,21608.185968999998295,21639.884148500001174,22933.810959499998717,23493.693411200001719,23974.508493799999997,24104.150486400001682,24544.007247099998494,24768.031459599998925,24395.844969800000399,0.138877883143000,0.153457025583000,0.142413291625000,0.142806970166000,0.134890615437000,0.143878831487000,0.143999619875000,0.142935630081000,0.134225551236000,0.135870674599000,1331.438421470000094,-0.012667179926600,-0.073763531892600,33.706073359199998,70638.931229499998153,17.100348062100000,19.983935941300000,22.611870487600001,26.932574119200002,20.328409868100000,19.146663219400001,22.103275095499999,24.835041759199999,25.138101085399999,-0.153993737284000,-0.169744937276000,-0.155752659486000,-0.154519129370000,-0.146821762636000,-0.158916140341000,-0.161056895085000,-0.158788761626000,-0.146272040540000,-0.152085591882000,0.000000000000000,39.919925947199999,41.008751424400003,40.832469481600000,41.435174567399997,40.601608324200001,40.755598487000000,39.548958245300000,41.173075369099998,39.402887466400003,0.016900612172100,0.004556153207300,0.013684210868700,0.019349646125900,0.017780960051200,0.018296432635800,0.017233200552400,0.022943296208700,0.019153057543400,0.000000000000000,13434.512567399999170,0.006259656947760,3058.752053809999779,0.989714684941000,360.208212780999986,2.864708462660000,0.333598124769000,0.003437294315950,0.000000000000000,1.000000000000000,0.000000000000000,1.000000000000000,6.000000000000000,4.000000000000000,0.000000000000000,1.000000000000000,2.000000000000000,0.000000000000000,20.000000000000000,0.000000000000000,25.000000000000000,26.666666666699999,48.750000000000000,0.000000000000000,5.500000000000000,35.000000000000000,0.087769902752596,0.039113235536509,0.066541582317023,0.041870340196514,0.077773636476581,0.042707168592372,0.073600751925293,0.046752774240495,0.075288944350358,0.047731526874053,0.074455509914595,0.048908064659121,0.073832223237996,0.050338833021346,0.069742026401311,0.053219637053867,0.065842299662759,0.054469538811919,0.498269325861216,0.498708010335917,0.499456454217915,0.501576617548966,0.501574709570075,0.501950412246225,0.502619244554728,0.502013171896120,0.502036585543892,0.234442100504784,0.236734319037561,0.228733194271591,0.213644952082659,0.215166019045078,0.220804190008950,0.229536758120980,0.240369033293221,0.253608514636556,0.126883138289105,0.108411922513537,0.120480805068953,0.120353526165788,0.123020471224411,0.123363574573716,0.124171056259342,0.122961663455178,0.120311838474678,0.392037578801580,0.000000000000000,0.000000000000000,0.347267397199532,20.000000000000000,6.945347943990634,0.376022900863104,0.000000000000000,0.000000000000000,0.372800295606127,25.000000000000000,9.320007390153169,0.381592051804642,160.000000000200004,61.054728288819113,0.390762764467608,195.000000000000000,76.198739071183510,0.406245659725155,0.000000000000000,0.000000000000000,0.410669182251564,5.500000000000000,2.258680502383603,0.417602055399020,70.000000000000000,29.232143877931392,68497.000000000000000,50.20,"193",0.003
214.000000000000000,PESANGGRAHAN,PETUKANGAN SELATAN,JAKARTA SELATAN,"213",214.000000000000000,PESANGGRAHAN,PETUKANGAN SELATAN,JAKARTA SELATAN,214.000000000000000,133.962217224000000,216.541430004000006,210.020794934999998,164.753588884999999,133.962217224000000,211.280836996000005,204.671115942000000,192.205623712999994,122.654890074999997,176.238607779000006,0.727121464226000,0.649750415973000,0.639351081531000,0.693843594010000,0.720465890183000,0.670965058236000,0.756655574043000,0.784941763727000,0.862312811980000,0.841514143095000,118.952078095000005,620600.626577000017278,18732.392745799999830,19369.883778300001723,19482.382195800000773,20762.989181800003280,21259.388449099998979,21721.100704299999052,21954.066177199998492,22309.842422599998827,22250.312010000001465,21076.578520700000809,0.145342898072000,0.166707265051000,0.156614233775000,0.152971586484000,0.146978659100000,0.159640730872000,0.159368722663000,0.156384674251000,0.149162097365000,0.147577915657000,1202.703128430000106,-0.013125102017600,-0.068495441830700,18.731767501099998,93842.994958399998723,15.982865645300000,20.116017323200001,23.192022740900001,27.220308613200000,20.409374961299999,19.761350465400000,22.443668539699999,24.801636369699999,26.326928950900001,-0.159306724058000,-0.181153280108000,-0.166629928270000,-0.160519479429000,-0.157152004535000,-0.169058979972000,-0.169034505695000,-0.168574371939000,-0.156666502698000,-0.160519502602000,2.000000000000000,40.053953026899997,40.951820213700003,40.539557667200000,41.549256175300002,40.323176221700002,40.862206518999997,39.031199246600004,41.103151476500003,39.875568473000001,0.004508773561900,-0.009995606421520,-0.000022255734394,0.007633996021020,-0.001668705326660,0.000093742743970,-0.000028501525842,0.006827253128900,0.002896507178580,0.000000000000000,14808.259574899999279,-0.007359436783020,3056.000957360000029,0.979746472725000,319.518462100000022,2.173255699630000,0.285294582263000,0.003123239801490,0.000000000000000,4.000000000000000,5.000000000000000,3.000000000000000,7.000000000000000,6.000000000000000,4.000000000000000,10.000000000000000,9.000000000000000,0.000000000000000,37.500000000000000,29.000000000000000,22.500000000000000,32.857142857100001,24.333333333300001,22.500000000000000,28.850000000000001,23.333333333300001,0.082109236986666,0.038525760472376,0.062411279262806,0.041479200250223,0.076690371373744,0.042036347217519,0.073378312827975,0.045574811483000,0.074688707136537,0.046310882841667,0.076500982150482,0.047869160474848,0.074167454564555,0.049816157159365,0.069689053678267,0.052961995449566,0.065229961747176,0.057023396494974,0.498463325508797,0.499025575632173,0.501885088610453,0.501785950522556,0.502967262996612,0.503864548637800,0.503645340897153,0.502907221707255,0.502824481807668,0.230592042120273,0.235715048595536,0.233683516037353,0.221130585040731,0.215237403100775,0.220743724376034,0.227006009190527,0.229619341321594,0.239710995487387,0.120634997459042,0.103890479513029,0.118726718591263,0.118953124310975,0.120999589978204,0.124370142625330,0.123983611723920,0.122651049127833,0.122253358242150,0.372301686249397,0.000000000000000,0.000000000000000,0.335933911876935,150.000000000000000,50.390086781540205,0.391406197584038,145.000000000000000,56.753898649685460,0.378187827210343,67.500000000000000,25.527678336698123,0.384757232305785,229.999999999700009,88.494163430215139,0.405165190471079,145.999999999799996,59.154117808696483,0.409371752571791,90.000000000000000,36.843457731461235,0.403995718105340,288.500000000000000,116.552764673390627,0.413042972175332,209.999999999700009,86.739024156695734,44964.000000000000000,50.28,"143",0.003
215.000000000000000,PESANGGRAHAN,ULUJAMI,JAKARTA SELATAN,"214",215.000000000000000,PESANGGRAHAN,ULUJAMI,JAKARTA SELATAN,215.000000000000000,132.584147846000008,213.407767833000008,207.148903295999986,162.845247370999999,132.584147846000008,209.353297228999992,203.300391794999996,189.201140382999995,121.594912672999996,174.373773602999989,0.729401561145000,0.679965307892000,0.669991326973000,0.703816131830000,0.731136166522000,0.696877710321000,0.761925411969000,0.782740676496000,0.836079791847000,0.820468343452000,90.108851674600004,602130.615263000014238,22330.452981099999306,22866.015377899999294,22862.095433499998762,24121.867548899997928,24642.730154400003812,25149.872954600003141,25440.928822599998966,25675.145497500001511,25669.755573999995249,25074.904018900000665,0.137680556131000,0.149966522908000,0.144189857491000,0.147827213763000,0.139157799564000,0.152891844821000,0.153238651120000,0.149418709026000,0.143017297451000,0.144495126186000,199.136815317000014,-0.011386485217700,-0.073369328009600,31.845685459999999,779225.380754000041634,17.373754052700001,19.985222311499999,23.051181953699999,27.090338414600001,19.823839439699999,19.440140306600000,20.960437869600000,25.081816393499999,26.091619449600000,-0.151445835170000,-0.167433629205000,-0.155123725711000,-0.155298713362000,-0.150124254498000,-0.164957196994000,-0.166620197607000,-0.162847238770000,-0.151825543089000,-0.157676495019000,3.000000000000000,39.650905108300002,41.002749262400002,40.651117192100003,41.312326688399999,40.379309470199999,40.740358639999997,39.393297854200000,40.923665432400000,39.593554695900004,0.010726013977400,-0.004256210969880,0.005779563391090,0.011685641315600,0.006575352868910,0.006229765100870,0.005992735575220,0.010622051951500,0.006784646110120,2799.783538419999786,13671.652749999999287,0.002893920633710,2785.555013329999838,0.992119672490000,289.187308267999981,2.536339537230000,0.289499163398000,0.003636728795550,3.000000000000000,2.000000000000000,3.000000000000000,0.000000000000000,6.000000000000000,6.000000000000000,2.000000000000000,3.000000000000000,13.000000000000000,26.666666666699999,36.666666666700003,16.666666666699999,0.000000000000000,39.166666666700003,30.000000000000000,15.000000000000000,11.666666666699999,32.115384615399996,0.087279818283118,0.038957699395706,0.068348407561404,0.040271764756312,0.080115379146438,0.040565520323387,0.076433627614730,0.043167899467112,0.078048590410505,0.042765016463070,0.078889081489185,0.044278808189365,0.077577816370541,0.045611557472471,0.072669313583263,0.047549057035962,0.068394106382147,0.051471450345879,0.491878455406506,0.492091388400703,0.495419366633488,0.494770540046131,0.496035225125178,0.497679166425916,0.498120193133457,0.498873787890357,0.498807988431625,0.234106171266114,0.239113222486144,0.241807519834426,0.229495321230617,0.226566449089031,0.230466798444729,0.239653243847875,0.248239398934007,0.262044781320788,0.126237517678824,0.108620172317716,0.120680899469825,0.119601527081842,0.120813606873575,0.123167889678550,0.123189373843012,0.120218370619225,0.119865556728026,0.350716080138970,80.000000000100002,28.057286411152663,0.309725370528179,73.333333333400006,22.713193838753785,0.365555750758399,50.000000000100002,18.277787537956502,0.345691256954737,0.000000000000000,0.000000000000000,0.353641447714014,235.000000000200032,83.105740212864063,0.374196392466650,180.000000000000000,67.355350643997070,0.386636769862173,30.000000000000000,11.599103095865182,0.392282839542262,35.000000000100002,13.729899384018397,0.405466694944191,417.500000000199975,169.282345139280636,51174.000000000000000,49.88,"304",0.006
216.000000000000000,MATRAMAN,PISANGAN BARU,JAKARTA TIMUR,"215",216.000000000000000,MATRAMAN,PISANGAN BARU,JAKARTA TIMUR,216.000000000000000,129.087785453999999,198.001333313000003,193.123515319999996,152.447309170000011,129.087785453999999,202.515912552000003,197.249206084999997,173.537884520999995,118.054409561000000,167.225584430999987,0.958435207824000,0.941320293399000,0.930317848411000,0.952322738386000,0.971882640587000,0.953545232274000,0.980440097800000,0.988997555012000,1.000000000000000,0.997555012225000,45.585864374400003,311711.128358000016306,51661.525182199999108,51832.148875799997768,51533.904208100000687,53029.289100000001781,54231.978062299996964,54380.406803899997612,54724.428560100001050,54871.470117199991364,54799.336523199992371,52595.100351300003240,0.088786229427500,0.097766101364900,0.089591049568700,0.084970213040200,0.079084996352600,0.088013023333900,0.088738469643800,0.085687850613400,0.082718321816700,0.084882786037500,1303.171032530000048,-0.022029369561200,-0.072440095771100,91.512743922100000,70991.007690600003116,29.670492086399999,26.136558089299999,27.103615689300000,35.558691725700001,26.743838360300000,27.963618872200001,25.375310475799999,33.917767085999998,35.961408629399997,-0.107722704205000,-0.119833409089000,-0.111480382820000,-0.107868349426000,-0.098604517089400,-0.108379378400000,-0.115140318957000,-0.107907666048000,-0.105673484163000,-0.108803243743000,0.000000000000000,41.340895452500000,42.176328043900000,42.257499036799999,42.505963640200001,42.276298732800001,42.403124690100000,41.208005838399998,42.321336865399999,39.941883082399997,0.048622285875300,0.033638656471300,0.054012534211400,0.054550530856000,0.054993113952400,0.059753309463100,0.055406835578300,0.056144347112100,0.054221586891900,0.000000000000000,10154.468208800000866,0.048331641622100,3027.358405689999927,0.986339637897000,117.404849455999994,1.723824877980000,0.410337920114000,0.006988639013120,0.000000000000000,0.000000000000000,0.000000000000000,0.000000000000000,0.000000000000000,0.000000000000000,0.000000000000000,0.000000000000000,0.000000000000000,0.000000000000000,0.000000000000000,0.000000000000000,0.000000000000000,0.000000000000000,0.000000000000000,0.000000000000000,0.000000000000000,0.000000000000000,0.075204067978054,0.047879031178911,0.058142664872140,0.049959623149394,0.072172229779219,0.050878936904886,0.068730016626167,0.053638572707507,0.070328044487526,0.054180909137289,0.069759188846641,0.055006337135615,0.069016078471028,0.058878551926383,0.065284528149048,0.063537869582827,0.062112620334960,0.063985230120005,0.496079218520005,0.497819650067295,0.497671863555509,0.497659547256682,0.498112341207081,0.498783269961977,0.499191020325614,0.498506480356420,0.498536199393380,0.256461053579469,0.252624088240527,0.239093666161204,0.219691800295690,0.221028701335607,0.233531751629193,0.243832537229559,0.250259110899465,0.258422720269760,0.123083099156965,0.108102288021534,0.123051166684105,0.122368589333674,0.124508953624815,0.124765525982256,0.127894630397411,0.128822397731875,0.126097850454965,0.391525865946473,0.000000000000000,0.000000000000000,0.357714692637193,0.000000000000000,0.000000000000000,0.382922556662692,0.000000000000000,0.000000000000000,0.360569002927420,0.000000000000000,0.000000000000000,0.370535648787302,0.000000000000000,0.000000000000000,0.388515043329509,0.000000000000000,0.000000000000000,0.410316203549980,0.000000000000000,0.000000000000000,0.415388730265491,0.000000000000000,0.000000000000000,0.416812419901007,0.000000000000000,0.000000000000000,37915.000000000000000,49.85,"0",0.000
217.000000000000000,MATRAMAN,UTAN KAYU UTARA,JAKARTA TIMUR,"216",217.000000000000000,MATRAMAN,UTAN KAYU UTARA,JAKARTA TIMUR,217.000000000000000,126.078176044000003,193.081606923999999,188.732638849000011,149.685321248999998,126.078176044000003,198.478468813000006,193.965060373999989,169.156148785999989,116.442815905000003,163.787552876000007,0.944396177237000,0.915725456125000,0.931364031277000,0.938314509123000,0.952215464813000,0.919200695048000,0.962641181581000,0.976542137272000,0.986099044309000,0.977410947003000,60.042336271000003,406768.038586999988183,32273.080783599998540,32741.586229600001388,32493.151191400000243,33399.841271600002074,34005.279415800003335,34178.401469900003576,34119.716027800001029,34058.096313599999121,33819.442182500002673,32495.107372800001031,0.092556654406900,0.104525415138000,0.085361455762200,0.090121997356900,0.085347335429600,0.093648728391000,0.094609722517700,0.090915537678000,0.092295673663700,0.090817051301300,1838.401139220000005,-0.019649876963300,-0.074749790821600,16.487187569400000,134952.470747999992454,32.513376838100001,25.841830796899998,31.825180026799998,37.425584708999999,29.126428780700000,28.206438153699999,24.812875433199999,34.258770776200002,28.200104308099998,-0.111854269220000,-0.126589981993000,-0.102785413352000,-0.111266116119000,-0.100887120414000,-0.113753570177000,-0.117274847532000,-0.110980809408000,-0.112099259810000,-0.112614019818000,0.000000000000000,41.015285488600000,41.969246896300000,42.131245328799999,42.339731122200000,42.160846168600003,41.941151953700000,41.396429226700000,41.835032326799997,39.935811976300002,0.043096575561900,0.034820606074900,0.048724754429600,0.046030310982200,0.044472471608500,0.048228343511200,0.045097109490800,0.043643817752000,0.041815387819900,0.000000000000000,8430.385621440000250,0.040319122609400,2840.966120879999835,0.985310457803000,172.104658881000006,1.840578225530000,0.393089524755000,0.005588813984010,0.000000000000000,0.000000000000000,0.000000000000000,2.000000000000000,3.000000000000000,0.000000000000000,7.000000000000000,0.000000000000000,2.000000000000000,0.000000000000000,0.000000000000000,0.000000000000000,28.500000000000000,18.333333333300001,0.000000000000000,30.000000000000000,0.000000000000000,7.500000000000000,0.081493651979089,0.046333084391337,0.061075825532043,0.049577074741880,0.074528522900316,0.051511069462340,0.068254379152645,0.053499007679696,0.068395146520146,0.053685897435897,0.068226120857700,0.054867561059512,0.067229545389277,0.057091984721863,0.062353587644966,0.061688405587529,0.059567167323842,0.063179122896788,0.492905153099328,0.493302429186358,0.495900199133185,0.498346132827106,0.498740842490842,0.499168673317280,0.498951781970650,0.500361511987737,0.499172260181200,0.214512747683776,0.213952558635394,0.203753527134326,0.194096343065927,0.192539262846039,0.205672630037563,0.215770540858880,0.226262239658087,0.238824736128114,0.127826736370426,0.110652900273923,0.126039592362656,0.121753386832341,0.122081043956043,0.123093681917212,0.124321530111140,0.124041993232495,0.122746290220630,0.340672196366403,0.000000000000000,0.000000000000000,0.296146845726516,0.000000000000000,0.000000000000000,0.342896687106068,0.000000000000000,0.000000000000000,0.336163588101202,57.000000000000000,19.161324521768496,0.337830918047882,54.999999999899998,18.580700492599707,0.357023725702664,0.000000000000000,0.000000000000000,0.369643568143994,210.000000000000000,77.625149310238783,0.388591333660524,0.000000000000000,0.000000000000000,0.391024839669322,15.000000000000000,5.865372595039826,33223.000000000000000,49.92,"325",0.010
218.000000000000000,MATRAMAN,KAYU MANIS,JAKARTA TIMUR,"217",218.000000000000000,MATRAMAN,KAYU MANIS,JAKARTA TIMUR,218.000000000000000,127.205573517000005,195.285381539000014,190.758723346000011,151.016400491000013,127.205573517000005,200.121863243000007,195.232906993000000,171.188247705999999,117.027653810000004,165.130758939999993,1.000000000000000,0.990147783251000,0.996715927750000,0.996715927750000,0.996715927750000,0.993431855501000,0.996715927750000,1.000000000000000,0.998357963875000,1.000000000000000,39.933242196400002,236209.884149999998044,55591.511592599999858,55322.481770799997321,55081.091999200005375,56639.990829399997892,57513.416415100000449,57697.683416300002136,57397.328204400000686,57349.418784000001324,56929.290021300002991,54749.411397099996975,0.080610790423000,0.086128406410100,0.082281807826000,0.078938975716100,0.076373424118000,0.081920608186900,0.080614248526200,0.077726332565600,0.076701954949200,0.076542450008000,975.934878649999973,-0.020060420204700,-0.072308462472800,66.084081970100002,0.000000000000000,31.153554014899999,26.566845133099999,29.791480980100001,35.591045082299999,27.637307937300001,28.011516279999999,25.079120152000002,34.517832754499999,32.303283450999999,-0.100855418785000,-0.114473978856000,-0.101075139233000,-0.102396907924000,-0.094777943942600,-0.106237657931000,-0.106197201951000,-0.103417557718000,-0.102623836442000,-0.103400306137000,0.000000000000000,41.353367193399997,41.965068405899999,42.322999191900003,42.376217869000001,42.297780228299999,42.120038951399998,41.308489329799997,42.006105084500000,39.895835901799998,0.060104587660900,0.045800333750800,0.060930185810200,0.059444464611100,0.063071438095300,0.073233388047800,0.064664594144300,0.062548007845100,0.064699060234900,0.000000000000000,8999.349771609999152,0.057702400938700,2693.549783559999923,0.993117394672000,135.635200647000005,1.542971435090000,0.424360574668000,0.007960333756700,0.000000000000000,1.000000000000000,0.000000000000000,0.000000000000000,0.000000000000000,0.000000000000000,0.000000000000000,0.000000000000000,0.000000000000000,0.000000000000000,30.000000000000000,0.000000000000000,0.000000000000000,0.000000000000000,0.000000000000000,0.000000000000000,0.000000000000000,0.000000000000000,0.079738866868734,0.046497685108084,0.061320754716981,0.048441054462733,0.073427028433860,0.051499772268853,0.068915801614764,0.054338075099321,0.069557996934083,0.055346193152785,0.067963658544415,0.056406305178336,0.066767342479838,0.059345178806670,0.061951772131413,0.064444084803366,0.057586160473883,0.067211900915455,0.501548812577024,0.500735982871671,0.504099160648058,0.503812636165577,0.505077925396014,0.506597322546470,0.506538572759695,0.507493121864379,0.507370759289176,0.225155862690603,0.223290558781110,0.207438106663758,0.194535480193787,0.191345095672548,0.199273556014529,0.202768584747874,0.211413702145861,0.221372918282190,0.126236551976818,0.109761809179714,0.124926800702713,0.123253876714085,0.124904190086868,0.124369963722751,0.126112521286508,0.126395856934779,0.124798061389338,0.400639036699906,0.000000000000000,0.000000000000000,0.349199716162703,30.000000000000000,10.475991484881089,0.394094234748398,0.000000000000000,0.000000000000000,0.374228791660173,0.000000000000000,0.000000000000000,0.383090594992937,0.000000000000000,0.000000000000000,0.399324017134055,0.000000000000000,0.000000000000000,0.407349883131233,0.000000000000000,0.000000000000000,0.423078950504046,0.000000000000000,0.000000000000000,0.428502946924124,0.000000000000000,0.000000000000000,29712.000000000000000,50.74,"43",0.001
219.000000000000000,MATRAMAN,PAL MERIAM,JAKARTA TIMUR,"218",219.000000000000000,MATRAMAN,PAL MERIAM,JAKARTA TIMUR,219.000000000000000,127.278146898000003,195.579944791000003,191.053444375999987,151.234039582999998,127.278146898000003,200.276242013999990,195.322560535999997,171.485846772000002,117.057428088999998,165.239267673000001,0.942465753425000,0.897260273973000,0.942465753425000,0.953424657534000,0.942465753425000,0.901369863014000,0.954794520548000,0.982191780822000,0.995890410959000,0.973972602740000,58.983295119600001,250733.918458000029204,36246.653145700001915,36338.969946299999719,36182.031385299997055,37155.973631699998805,37666.793261699996947,37365.225046400002611,37332.914166200003820,37237.520138899999438,37046.732084299997950,35145.005991799996991,0.094547427726300,0.102101547843000,0.097353687076100,0.091907448592000,0.087570277581100,0.095687990247800,0.098160141425800,0.093430978115900,0.092027866386200,0.094778559387500,621.591866275000029,-0.020379554611600,-0.068056699278800,64.559809775399998,80235.502162200005841,33.209212034899998,28.924389159099999,32.417553795400003,37.522413466300002,29.447373214900001,29.663058052499998,26.170803309200000,35.899809770899999,33.389097083599999,-0.107839501113000,-0.122077079816000,-0.108610848776000,-0.104786084051000,-0.101822331578000,-0.112475956037000,-0.116677168731000,-0.109464745076000,-0.108814212466000,-0.112941514277000,0.000000000000000,41.118814909400001,41.859383011900000,42.232858381600003,42.262287033600003,42.137857368100001,41.969598727600001,41.202959538800002,41.830241487599999,39.713499281700003,0.037758467357300,0.025672524423700,0.042088444305300,0.039481885359200,0.037142391967600,0.043414806365500,0.037372680164200,0.037688532444600,0.036115726097200,0.000000000000000,9021.358245159999569,0.032301776674500,2201.356061850000060,0.983929829934000,134.437710005000014,1.718128162190000,0.378355885030000,0.004626611073230,0.000000000000000,0.000000000000000,0.000000000000000,0.000000000000000,1.000000000000000,0.000000000000000,0.000000000000000,0.000000000000000,0.000000000000000,0.000000000000000,0.000000000000000,0.000000000000000,0.000000000000000,30.000000000000000,0.000000000000000,0.000000000000000,0.000000000000000,0.000000000000000,0.074688796680498,0.053391481073757,0.058470828372172,0.056004422520837,0.071804215495466,0.056772537165100,0.068052775621911,0.060209958743515,0.067407864937204,0.057278155239860,0.068537751401253,0.058399274645565,0.066440790017354,0.064333526154863,0.063585015366725,0.069607110225102,0.059802118903774,0.071184659837142,0.498052332966382,0.499149515223678,0.499316741894074,0.501899432212736,0.503191270331480,0.503997692054072,0.504710354516156,0.505232992773486,0.503589878294370,0.221469515372590,0.225735637552545,0.212787535149587,0.182803009699936,0.175051499198901,0.183761270538697,0.198016634676903,0.207821945411247,0.218233371780085,0.128080277754255,0.114475250893009,0.128576752660566,0.128262734365426,0.124686020177064,0.126937026046818,0.130774316172217,0.133192125591827,0.130986778740916,0.380275094086937,0.000000000000000,0.000000000000000,0.354765401440983,0.000000000000000,0.000000000000000,0.380231871288565,0.000000000000000,0.000000000000000,0.363654439879183,0.000000000000000,0.000000000000000,0.353760947011163,30.000000000000000,10.612828410334881,0.373962170460962,0.000000000000000,0.000000000000000,0.403712147553956,0.000000000000000,0.000000000000000,0.423775910859254,0.000000000000000,0.000000000000000,0.418701948054820,0.000000000000000,0.000000000000000,22842.000000000000000,50.36,"14",0.001
220.000000000000000,MATRAMAN,KEBON MANGGIS,JAKARTA TIMUR,"219",220.000000000000000,MATRAMAN,KEBON MANGGIS,JAKARTA TIMUR,220.000000000000000,127.845310272000006,196.735722836000008,192.129811128000000,151.963958233999989,127.845310272000006,201.110422776000007,195.960274126999991,172.560826404000011,117.358782638999998,165.920149481999999,0.861678004535000,0.804988662132000,0.825396825397000,0.888888888889000,0.883219954649000,0.807256235828000,0.922902494331000,0.939909297052000,0.978458049887000,0.955782312925000,61.804537521800000,279886.031881999981124,25241.545553299994936,25145.550628299999516,24970.199898599999869,25547.449381099999300,25900.710705199999211,25606.326268400000117,25528.250396100000216,25594.806877399998484,25524.410599099999672,24574.700807500001247,0.112997053567000,0.121253315638000,0.115683125970000,0.108167271457000,0.102368114128000,0.112275473647000,0.113998764547000,0.108987148319000,0.105491890409000,0.108553222552000,242.482523065000009,-0.020933726793200,-0.061627522131900,51.575772385100002,964272.392393999965861,31.212121005499998,27.671112536300001,31.624037103199999,36.304475518099999,28.451477190399999,28.649511149599999,26.523179732999999,34.822894600500000,31.808360588599999,-0.121615972121000,-0.134988642857000,-0.123310590834000,-0.116384705520000,-0.110111149746000,-0.125241980683000,-0.126882820903000,-0.119793458388000,-0.116221785858000,-0.122825997413000,0.000000000000000,40.540252144299998,41.653812670299999,42.113068539200000,42.083452407999999,41.912821754399999,41.693800522499998,40.993851506699997,41.622015304900003,39.472441383000003,0.021640563776900,0.012544544127400,0.031174211083500,0.027984686257300,0.023405269909300,0.032396315439100,0.027735339005300,0.030041260805700,0.027006619946800,0.000000000000000,9349.254858910000621,0.018767873348600,2465.877266410000175,0.974073605293000,259.199401437000006,1.728572967750000,0.354014244354000,0.002914406877110,0.000000000000000,1.000000000000000,0.000000000000000,0.000000000000000,1.000000000000000,0.000000000000000,0.000000000000000,0.000000000000000,0.000000000000000,0.000000000000000,30.000000000000000,0.000000000000000,0.000000000000000,50.000000000000000,0.000000000000000,0.000000000000000,0.000000000000000,0.000000000000000,0.071821235874987,0.059452305812888,0.056486749705264,0.060792454764468,0.066933867735471,0.063927855711423,0.063797193121170,0.066811622850366,0.063281015695291,0.066929921023693,0.065680621709702,0.066031586863876,0.065709856478472,0.070060509076361,0.062431050045131,0.075167987162772,0.060781250000000,0.076458333333333,0.495062608164512,0.495771182531139,0.495691382765531,0.496886736509192,0.497800659802059,0.498520932564552,0.497024553683052,0.496740547588005,0.495625000000000,0.185857783326712,0.183381088825215,0.167239467849224,0.159293963826542,0.155486964669569,0.165172146573674,0.174389170151882,0.180372082782915,0.188254131640647,0.131273541687875,0.117279204469732,0.130861723446894,0.130608815971536,0.130210936718984,0.131712208573578,0.135770365554833,0.137599037207903,0.137239583333333,0.333040368092501,0.000000000000000,0.000000000000000,0.296992528109877,30.000000000000000,8.909775843296304,0.316177932115576,0.000000000000000,0.000000000000000,0.314463046236383,0.000000000000000,0.000000000000000,0.314988245541258,50.000000000000000,15.749412277062911,0.333663597713964,0.000000000000000,0.000000000000000,0.345145262996805,0.000000000000000,0.000000000000000,0.354641474821362,0.000000000000000,0.000000000000000,0.355125813741644,0.000000000000000,0.000000000000000,19200.000000000000000,49.56,"12",0.001
221.000000000000000,MATRAMAN,UTAN KAYU SELATAN,JAKARTA TIMUR,"220",221.000000000000000,MATRAMAN,UTAN KAYU SELATAN,JAKARTA TIMUR,221.000000000000000,127.556847473000005,195.462108107000006,190.860199961000006,151.013362247000003,127.556847473000005,200.457900520000010,195.558885857000007,171.276788489000012,117.218034954999993,165.465719697999987,0.961838006231000,0.950155763240000,0.950155763240000,0.968068535826000,0.975856697819000,0.955607476636000,0.989096573209000,0.992211838006000,0.996105919003000,0.992990654206000,50.515229110500002,478926.308869000000414,34226.042011500001536,34288.226590600002964,34104.300370700002532,35199.975138000001607,35866.488725499999418,36246.602913299997454,36261.492178699998476,36278.133122500003083,36341.193540699998266,35111.515384600003017,0.091765679923900,0.104375973176000,0.087932775760300,0.089399188237600,0.083371947000100,0.090260874390100,0.090345899194400,0.088047728006300,0.087381324374000,0.088542668279400,1636.714149700000007,-0.020210260304900,-0.077442546173000,37.636774759200001,111534.279636000021128,27.849835940300000,23.148609581100001,25.822193336800002,33.311392083199998,25.186894777799999,25.950151987999998,22.756209757000001,32.238747703500003,30.180372027600001,-0.113149271851000,-0.126629659181000,-0.108695741174000,-0.113221603005000,-0.103439792254000,-0.112847242777000,-0.115232035683000,-0.111277712367000,-0.111158366039000,-0.112618821386000,0.000000000000000,41.313493770800001,42.030006474899999,42.161943742500000,42.342406994900003,42.247399318100001,42.097453809299999,41.306337988300001,42.089516513400000,39.855737394300000,0.048022137367200,0.036641928835700,0.055262351520000,0.051673505187600,0.051609955592500,0.057532296335000,0.054289290218800,0.053879876930400,0.052826271209300,0.000000000000000,9298.679468700000143,0.045438228691100,2739.492819659999896,0.987718048486000,152.299687167999991,1.697124875860000,0.412278399891000,0.006393625991990,0.000000000000000,2.000000000000000,0.000000000000000,1.000000000000000,2.000000000000000,1.000000000000000,0.000000000000000,0.000000000000000,0.000000000000000,0.000000000000000,40.000000000000000,0.000000000000000,16.250000000000000,22.500000000000000,20.000000000000000,0.000000000000000,0.000000000000000,0.000000000000000,0.075199877391504,0.056042299931033,0.058219266031485,0.058681527517399,0.069270962926101,0.059741229161483,0.065688261580914,0.062269541647335,0.069276307841005,0.060601667270750,0.071011062267523,0.060600937152794,0.070326645904251,0.062456242002849,0.065601426746680,0.067384860096884,0.060989298810147,0.068198258874005,0.501034509182866,0.501091450730630,0.502612590196566,0.502112280530390,0.501824332487616,0.501932273803198,0.501629608169769,0.502397994842504,0.501833420639078,0.219151376146789,0.214681597104400,0.207138904261206,0.200628062481388,0.196690485144791,0.207306279001153,0.219155322113839,0.224747878981911,0.230691056910569,0.131242177322537,0.116900793548884,0.129012192087584,0.127957803228249,0.129877975111755,0.131611999420317,0.132782887907100,0.132986286843564,0.129187557684152,0.404674737459371,0.000000000000000,0.000000000000000,0.361591152465351,80.000000000000000,28.927292197228045,0.395686764114143,0.000000000000000,0.000000000000000,0.382911487969230,16.250000000000000,6.222311679499984,0.382181916644092,45.000000000000000,17.198186248984161,0.398707696108737,20.000000000000000,7.974153922174742,0.412491651940961,0.000000000000000,0.000000000000000,0.423647206605929,0.000000000000000,0.000000000000000,0.416184178514589,0.000000000000000,0.000000000000000,40089.000000000000000,50.18,"100",0.002
222.000000000000000,PULO GADUNG,PULO GADUNG,JAKARTA TIMUR,"221",222.000000000000000,PULO GADUNG,PULO GADUNG,JAKARTA TIMUR,222.000000000000000,124.794324485000004,189.053763078999992,185.103498750000000,147.143946249999999,124.794324485000004,196.003105368999996,191.977523950999995,165.388940996000002,115.803320353000004,162.107576999999992,0.765506807867000,0.727685325265000,0.747352496218000,0.771558245083000,0.816439737771000,0.695410993444000,0.837619768028000,0.877458396369000,0.933434190620000,0.895108421583000,58.544660982499998,559392.051873999997042,21865.975306800002727,22406.113091200000781,22290.288566300001548,23462.093759600000340,23988.671599599998444,24181.335809300002438,24260.435484800000268,24235.575586800001474,24154.215920499998902,23416.893944999999803,0.115551398611000,0.129989850998000,0.114764456608000,0.115236161866000,0.103269581791000,0.119953903859000,0.121792961494000,0.119283193126000,0.116578610722000,0.123514582063000,477.649492754999983,-0.021462878379500,-0.068287174481000,29.083734538600002,586603.122132000047714,27.718568015900001,22.089590223399998,30.927576329000001,34.928471939900000,26.957256507600000,24.803553752799999,20.599290557800000,30.816624950300000,27.273046678200000,-0.121796733135000,-0.133602751717000,-0.125119503690000,-0.118332977486000,-0.112066916315000,-0.129198893872000,-0.135026850694000,-0.126757074749000,-0.124942223661000,-0.132173419542000,1.000000000000000,40.428169339400000,41.986004908200002,41.815745474099998,42.092889879499999,42.036439881100002,41.747315767899998,41.146233685799999,41.664288435300001,39.763761324100003,0.006473441914150,0.006603386394590,0.011516804332700,0.014692508738000,0.004464610662750,0.009740374889810,0.006301040449310,0.008519303849110,0.002844037640280,0.000000000000000,8060.175225709999722,0.004327307712310,2741.720071780000126,0.991716035867000,256.614887205999992,2.390357563170000,0.310191566554000,0.002739106695730,0.000000000000000,3.000000000000000,0.000000000000000,0.000000000000000,3.000000000000000,3.000000000000000,0.000000000000000,0.000000000000000,0.000000000000000,0.000000000000000,31.000000000000000,0.000000000000000,0.000000000000000,36.666666666700003,16.666666666699999,0.000000000000000,0.000000000000000,0.000000000000000,0.076758201578536,0.043901454976423,0.060123694616242,0.047450065902869,0.074483456147955,0.048644222896499,0.070987799707947,0.051627490696688,0.071824108039907,0.050304913666207,0.072568061668879,0.052004005682480,0.072898939270311,0.053595990208649,0.068325887113752,0.056536689200253,0.065531052453795,0.059788640640834,0.490657387094334,0.490038527831289,0.492534797476280,0.494111828159593,0.496740578050889,0.497845781224528,0.498519640983798,0.497625786531309,0.496742749601892,0.244727654622350,0.243560701401124,0.236621690770515,0.227443460901999,0.225214869771938,0.235009620885121,0.241074446784721,0.246029476748720,0.256594596039234,0.120659656554959,0.107573760519111,0.123127679044454,0.122615290404635,0.122129021706114,0.124572067351359,0.126494929478960,0.124862576314005,0.125319693094629,0.339347061341002,0.000000000000000,0.000000000000000,0.298984509010393,93.000000000000000,27.805559337966521,0.348996525642311,0.000000000000000,0.000000000000000,0.347625183909320,0.000000000000000,0.000000000000000,0.360099003317329,110.000000000100016,39.610890364942207,0.383795315738611,50.000000000100002,19.189765786968906,0.399511098390542,0.000000000000000,0.000000000000000,0.394836091346625,0.000000000000000,0.000000000000000,0.401778341447769,0.000000000000000,0.000000000000000,41446.000000000000000,49.67,"0",0.000
223.000000000000000,PULO GADUNG,PISANGAN TIMUR,JAKARTA TIMUR,"222",223.000000000000000,PULO GADUNG,PISANGAN TIMUR,JAKARTA TIMUR,223.000000000000000,128.788615520999997,196.773114951999986,191.966096445999995,151.607065798999997,128.788615520999997,201.848517340999990,196.726289119000000,172.347085851000003,117.860082031999994,166.753922695000000,0.871972318339000,0.755808205635000,0.805239742956000,0.854671280277000,0.872466633712000,0.802273850717000,0.877904102818000,0.924864063272000,0.965397923875000,0.948096885813000,47.140403736099998,701079.841673000017181,26793.208228899999085,26805.965578900002583,26761.037520400004723,27499.299815200003650,27993.508458899999823,28176.548697300000640,28271.396820800000569,28238.116777499999444,28109.433943200001522,27191.459414299999480,0.106251850076000,0.122988384622000,0.104349486265000,0.106236996688000,0.104185229732000,0.112540524623000,0.115137766590000,0.110329397468000,0.104911131737000,0.107984129141000,1573.008467769999925,-0.025496139692700,-0.069156244831200,23.079177681800001,58023.773478800001612,26.319372313999999,22.515033687700001,24.727960762399999,32.637576055200000,26.538576967200001,26.204100701500000,24.122443586399999,33.500511019299999,34.499346138699998,-0.123261134031000,-0.134834847740000,-0.120837832512000,-0.121998111612000,-0.118676231442000,-0.128239862630000,-0.132718424848000,-0.125479085643000,-0.120683456804000,-0.123499762015000,0.000000000000000,40.976546473299997,42.100469424800004,41.816264003800001,42.082959240199997,41.849276038500001,41.912989435400000,41.290547148999998,42.012451183300001,39.632067809100000,0.032269562939000,0.019312244266000,0.034986289748900,0.036995839896300,0.028746914984300,0.033907069667800,0.032895281928900,0.033924838457900,0.030521391937300,0.000000000000000,10248.700419900000270,0.019577597325500,3329.378361460000178,0.990784591589000,200.349141467999999,2.273998951890000,0.384838690909000,0.003650267265050,0.000000000000000,2.000000000000000,0.000000000000000,5.000000000000000,1.000000000000000,6.000000000000000,2.000000000000000,1.000000000000000,0.000000000000000,0.000000000000000,20.000000000000000,0.000000000000000,19.285714285699999,40.000000000000000,18.333333333300001,45.000000000000000,30.000000000000000,0.000000000000000,0.080181261380566,0.045294653203112,0.062636018819823,0.047381184322341,0.073318810762838,0.049235548025334,0.070102439121045,0.052368780835760,0.069824209137975,0.051831728971043,0.071610751422405,0.052756523445164,0.071380868198782,0.055941858181104,0.067682228975098,0.060578554796953,0.063725190216837,0.062154498908675,0.496937593113723,0.497709702157647,0.499213360764855,0.500148606075016,0.500324809543495,0.498724740043163,0.498566097033982,0.500276253995817,0.499439038818514,0.232808558348127,0.234911025499908,0.218201110759922,0.206355875978593,0.202924002283005,0.210541285608016,0.217175363745761,0.226247616542836,0.238302576366015,0.125475914583678,0.110017203142164,0.122554358788172,0.122471219956805,0.121655938109018,0.124367274867569,0.127322726379886,0.128260783772051,0.125879689125512,0.378343621824844,0.000000000000000,0.000000000000000,0.343554512833491,40.000000000000000,13.742180513339637,0.369037194931201,0.000000000000000,0.000000000000000,0.362076941056010,96.428571428500007,34.914562173232262,0.357342347259778,40.000000000000000,14.293693890391122,0.362865943200102,109.999999999799996,39.915253751938593,0.376859999118972,90.000000000000000,33.917399920707467,0.399444443070336,30.000000000000000,11.983333292110084,0.400573208415083,0.000000000000000,0.000000000000000,49023.000000000000000,49.94,"244",0.005
224.000000000000000,PULO GADUNG,CIPINANG,JAKARTA TIMUR,"223",224.000000000000000,PULO GADUNG,CIPINANG,JAKARTA TIMUR,224.000000000000000,128.876187730999987,196.176949430000008,191.412703190000002,151.175274621000000,128.876187730999987,201.677336553000004,196.559203816999997,171.747957969999987,117.859556381999994,166.727253410999992,0.941002949853000,0.858407079646000,0.887905604720000,0.921533923304000,0.928023598820000,0.886135693215000,0.930973451327000,0.944542772861000,0.983480825959000,0.949262536873000,103.017216642999998,522864.784581999992952,30943.700643699998182,31113.911689600001409,30872.946248200005357,32051.741177600000810,32510.309759899999335,32547.689440599999216,32500.297345499999210,32400.840695200000482,32170.555162500000733,30840.239027600000554,0.102512293023000,0.120212903559000,0.104169618042000,0.102303549214000,0.096416802605400,0.106636910417000,0.107881044172000,0.106316745302000,0.100424124602000,0.108794227639000,470.852252167000017,-0.026198818240200,-0.067688035111100,15.252240710100001,375169.029683000000659,24.817855293800001,20.635677629500002,23.222302359800000,30.327560320200000,24.877172409200000,24.968286741800000,21.917895567599999,31.651110673200002,31.929161468200000,-0.121163991120000,-0.139887166665000,-0.121239367947000,-0.118544540737000,-0.113709916955000,-0.127266214414000,-0.130931992055000,-0.126842537839000,-0.121181323203000,-0.128679399581000,0.000000000000000,40.593124240300000,42.269970197600003,41.966547235199997,42.278726042300001,41.990474767599999,41.783860381300002,41.404349823499999,41.948901240799998,39.925001698199999,0.039077871622700,0.024501200952100,0.043514566752700,0.044471119240300,0.037510500378800,0.040494336479800,0.037562586864000,0.042706940814900,0.035716116203200,0.000000000000000,10422.860299899999518,0.026362238218200,2900.697974979999799,0.995213931507000,180.587539482000011,2.048368464790000,0.345012478195000,0.004121774953210,0.000000000000000,0.000000000000000,0.000000000000000,1.000000000000000,0.000000000000000,0.000000000000000,0.000000000000000,0.000000000000000,0.000000000000000,0.000000000000000,0.000000000000000,0.000000000000000,20.000000000000000,0.000000000000000,0.000000000000000,0.000000000000000,0.000000000000000,0.000000000000000,0.077424752751378,0.052646257481818,0.060148750324310,0.052862578915506,0.073639052022158,0.053271689782998,0.070896211887896,0.055435786880197,0.071614610036710,0.053834006685671,0.070959129184637,0.054508112548778,0.070085082713582,0.056158711192600,0.064631919661383,0.060585940741970,0.060623769019328,0.062550050862498,0.496470941582820,0.496627172879011,0.498084051813903,0.497916025048763,0.499600090236049,0.500184842883549,0.500133907418471,0.500145240268902,0.497911391035214,0.225665321118658,0.223634842872506,0.218459603605282,0.206494130569094,0.203205377352020,0.214212223060567,0.224635028145165,0.230295651374882,0.236924985684291,0.130071010233196,0.113011329239816,0.126910741805156,0.126331998768093,0.125448616722381,0.125467241733415,0.126243793906182,0.125217860403353,0.123173819881826,0.380363877682002,0.000000000000000,0.000000000000000,0.333118779303144,0.000000000000000,0.000000000000000,0.374141570300653,0.000000000000000,0.000000000000000,0.358945023606438,20.000000000000000,7.178900472128762,0.363431873585919,0.000000000000000,0.000000000000000,0.378663976544537,0.000000000000000,0.000000000000000,0.391425963048332,0.000000000000000,0.000000000000000,0.394687240784282,0.000000000000000,0.000000000000000,0.382439722760285,0.000000000000000,0.000000000000000,46203.000000000000000,49.79,"6",0.000
225.000000000000000,PULO GADUNG,JATINEGARA KAUM,JAKARTA TIMUR,"224",225.000000000000000,PULO GADUNG,JATINEGARA KAUM,JAKARTA TIMUR,225.000000000000000,128.179865199999995,194.332323908999996,189.770444652999998,150.072099232999989,128.179865199999995,200.443387015000013,195.498065000999986,170.067643938999993,117.447354117000003,165.825794058000014,0.807089297887000,0.683026584867000,0.719836400818000,0.815950920245000,0.788684389911000,0.680981595092000,0.764826175869000,0.802317655078000,0.928425357873000,0.885480572597000,72.279352226699999,373320.106102999998257,21127.546503699999448,21573.817017299999861,21507.334937399999035,22704.012375999998767,23615.657449099995574,23773.838949600001797,23878.529121399998985,24029.833165399999416,24021.427385200000572,22632.181163199998991,0.117291356685000,0.141736838736000,0.123836556514000,0.120660697857000,0.115714621398000,0.130905601704000,0.137559371059000,0.134866153473000,0.121813223278000,0.130630649821000,341.130507145000024,-0.026797031767300,-0.058352083717000,18.699460607999999,340217.647626999998465,24.477117146000001,19.374789098000001,25.713129255500000,30.514661931500001,24.984805400199999,24.362682005000000,20.466019609500002,29.479592015900000,29.510415497099999,-0.126475915320000,-0.151296829426000,-0.130024166102000,-0.126587070432000,-0.125307242190000,-0.139126195240000,-0.146202517794000,-0.140852845328000,-0.130924470481000,-0.139349875432000,0.000000000000000,40.594166615699997,42.449140478099999,42.054922237299998,42.613452110799997,42.220297131800002,41.908201714800001,41.592432587200001,42.000051129500001,40.217672214600000,0.014361935446400,0.003965471130820,0.019256543426000,0.016443529049700,0.003630394300960,0.005128550451110,0.003236396796440,0.013358820602100,0.007866890351250,0.000000000000000,10164.165301799999725,-0.003159129406690,2840.892425250000088,0.991323263011000,199.548983865999986,2.443842767660000,0.272964751759000,0.002569877685490,0.000000000000000,0.000000000000000,0.000000000000000,0.000000000000000,0.000000000000000,0.000000000000000,0.000000000000000,1.000000000000000,0.000000000000000,0.000000000000000,0.000000000000000,0.000000000000000,0.000000000000000,0.000000000000000,0.000000000000000,0.000000000000000,18.500000000000000,0.000000000000000,0.084903655426466,0.033968546330405,0.066157399182803,0.034748623201279,0.081585944599643,0.036585776311804,0.077077400983691,0.039056432824230,0.079425283661727,0.037285847449455,0.079141065028162,0.037890424987199,0.078165744450805,0.040577497932964,0.073739462382694,0.045713376809289,0.068001485633251,0.046561096667454,0.487283933125531,0.487546633505063,0.488876173807681,0.489483561998447,0.490051750184822,0.490623399897593,0.492240666539464,0.492603785589311,0.491204375865212,0.265496368038741,0.266336633663366,0.255591054313099,0.238834244080146,0.231578183928053,0.233793874679846,0.239705882352941,0.247878182725911,0.260488721804511,0.118872201756871,0.100906022384082,0.118171720911447,0.116133833807921,0.116711131111182,0.117031490015361,0.118743242383769,0.119452839191983,0.114562582300705,0.335690164861247,0.000000000000000,0.000000000000000,0.289674338970791,0.000000000000000,0.000000000000000,0.333138485288465,0.000000000000000,0.000000000000000,0.313714610179066,0.000000000000000,0.000000000000000,0.311118368689172,0.000000000000000,0.000000000000000,0.317825607207210,0.000000000000000,0.000000000000000,0.338600602345118,0.000000000000000,0.000000000000000,0.351352753976828,18.500000000000000,6.500025948571320,0.342840811355723,0.000000000000000,0.000000000000000,29617.000000000000000,49.12,"170",0.006
226.000000000000000,PULO GADUNG,RAWAMANGUN,JAKARTA TIMUR,"225",226.000000000000000,PULO GADUNG,RAWAMANGUN,JAKARTA TIMUR,226.000000000000000,126.537607102999999,192.945949033999995,188.551623081999992,149.445945499000004,126.537607102999999,198.771529001000005,194.238571779000011,168.926780543999996,116.675099888999995,164.176866627000010,0.716503543706000,0.630779615255000,0.671954100574000,0.726628417145000,0.723928450894000,0.663854201822000,0.736753290584000,0.784002699966000,0.827202159973000,0.800539993250000,88.747585318700004,807453.177024999982677,16688.809640399998898,16846.538779099999374,16753.577644199998758,17299.533817499999714,17498.790676299999177,17597.085646799998358,17581.465128200001345,17571.940421800001786,17546.414208499998495,16920.450501100000110,0.143915035580000,0.161969389843000,0.135646040572000,0.139682700173000,0.134762726943000,0.147997111389000,0.151688152709000,0.146233963066000,0.140376767002000,0.146065490791000,1784.332278139999971,-0.023163726163200,-0.066499072547400,12.069421671500001,645193.255851999972947,29.499524876100001,22.978618666900001,30.079279043300001,36.187310707100004,28.667589220299998,27.471119738199999,21.220453928400001,34.227205322899998,30.411972692399999,-0.149276139508000,-0.163413024011000,-0.141322453626000,-0.145841461307000,-0.144891349299000,-0.155433346928000,-0.160121486237000,-0.153168384288000,-0.148085097879000,-0.153773722195000,0.000000000000000,40.474853590099997,42.063641331800000,41.939262080299997,42.069345873000003,41.950090809700001,41.639298204399999,41.239577563399997,41.638112051800000,39.587443179799997,0.005539890306090,-0.003175023065310,0.009478028062570,0.008703849241580,-0.001012945657490,0.001771508102930,-0.001081485982730,0.004764442424470,-0.002622643421900,4430.952208579999933,8985.904465179999534,-0.009379169146940,3088.061360579999928,0.988750381243000,191.743277240999987,1.595495436160000,0.303862213416000,0.002351837966640,0.000000000000000,3.000000000000000,4.000000000000000,2.000000000000000,2.000000000000000,2.000000000000000,1.000000000000000,0.000000000000000,0.000000000000000,0.000000000000000,24.500000000000000,37.500000000000000,17.500000000000000,17.500000000000000,12.500000000000000,20.000000000000000,0.000000000000000,0.000000000000000,0.072504409968791,0.057736668325116,0.057624960203757,0.059239550643562,0.069813024423547,0.061179994274011,0.065882865229697,0.063901589375136,0.066987096215467,0.062851822984325,0.065876438338353,0.062885994755889,0.065782056285504,0.064351068904210,0.061991097600695,0.067766800564542,0.058092407457444,0.070228766999910,0.501786602740965,0.503115477327512,0.503556720329465,0.504920531243196,0.506776651944228,0.507140225800160,0.508607605914748,0.508956682227771,0.508353598126632,0.227025385335729,0.224462264857978,0.213702181782604,0.203407007045652,0.197514276116896,0.204398819945794,0.211277744451110,0.223199560197911,0.234215332971318,0.130241078293907,0.116864510847319,0.130993018697558,0.129784454604833,0.129838919199792,0.128762433094242,0.130133125189714,0.129757898165237,0.128321174457354,0.414880765308460,0.000000000000000,0.000000000000000,0.384217160002442,73.500000000000000,28.239961260179506,0.413742855306007,150.000000000000000,62.061428295901003,0.408006605462971,35.000000000000000,14.280231191203994,0.413339261311226,35.000000000000000,14.466874145892904,0.419915017382089,25.000000000000000,10.497875434552215,0.439867523259198,20.000000000000000,8.797350465183968,0.453553333509105,0.000000000000000,0.000000000000000,0.457574615445459,0.000000000000000,0.000000000000000,44412.000000000000000,50.84,"0",0.000
227.000000000000000,PULO GADUNG,KAYU PUTIH,JAKARTA TIMUR,"226",227.000000000000000,PULO GADUNG,KAYU PUTIH,JAKARTA TIMUR,227.000000000000000,123.811573249000006,188.486803341000012,184.584684126000013,146.938706042000007,123.811573249000006,195.096855029000011,191.356300333999997,164.921781328999998,115.372031481999997,161.153894930000007,0.677993527508000,0.520804438280000,0.575358298659000,0.610494683310000,0.643550624133000,0.538141470180000,0.643319463708000,0.687008784096000,0.766759130837000,0.723532131299000,86.737203663800003,985410.719666999997571,12185.817704099999901,12249.515705699999671,12185.037728499999503,12620.784058200000800,12864.136423700001615,12968.913136600000144,12984.772639099999651,13057.310363399999915,13039.630918099997871,12629.363789000000907,0.129401032843000,0.154661346437000,0.125747263589000,0.129812180040000,0.127881261406000,0.142733939233000,0.150480183313000,0.147178860990000,0.141055925200000,0.148996224210000,942.146631131000049,-0.020390424113500,-0.075744466873200,33.500979125900002,538286.212633999995887,29.738212072500001,23.632171958699999,32.561588659000002,37.329937400699997,29.571540601799999,26.089495028500000,22.441687518900000,33.237916960699998,26.707114947499999,-0.134833350925000,-0.159184298732000,-0.130284837964000,-0.136593581098000,-0.133352880764000,-0.148045094967000,-0.156234200108000,-0.150594516509000,-0.145173161035000,-0.152549527065000,1.000000000000000,39.680122858499999,41.722934156699999,41.344990847200002,41.712356353600001,41.484951720500000,41.301873310600001,41.054703539599998,41.317867186000001,39.533039277299999,0.000329040807710,-0.010992493287700,-0.005220456493020,-0.002301652303600,-0.015933082542600,-0.016793304758800,-0.018076287061400,-0.012594997716300,-0.021581112297200,0.000000000000000,7205.084626820001176,-0.019049528127400,2398.425283779999518,0.992617904599000,240.484400991999991,1.901017493450000,0.253147504702000,0.001909902857550,0.000000000000000,2.000000000000000,0.000000000000000,2.000000000000000,4.000000000000000,0.000000000000000,4.000000000000000,0.000000000000000,2.000000000000000,0.000000000000000,30.000000000000000,0.000000000000000,27.500000000000000,30.000000000000000,0.000000000000000,20.000000000000000,0.000000000000000,35.000000000000000,0.073564682160671,0.063949909795182,0.056585657285510,0.066357991763928,0.071132810085903,0.068186968254949,0.067361911113806,0.071444451181309,0.066617216631250,0.070205685417585,0.065955188915364,0.069439160643133,0.065608697383617,0.070825534626259,0.061131714319895,0.072875543326554,0.056921113306983,0.075428194993412,0.500541228907991,0.500096016386797,0.502358733494016,0.503829907637584,0.503327853734814,0.504635284224015,0.504539843096651,0.505004585875503,0.505352437417655,0.224449040724627,0.226229277557624,0.224460332737522,0.207460982108869,0.201169616650360,0.207791056027315,0.211947194719472,0.216778921041662,0.227099623678933,0.137514591955853,0.122943649049438,0.139319778340852,0.138806362295115,0.136822902048835,0.135394349558497,0.136434232009876,0.134007257646449,0.132349308300395,0.424164000276738,0.000000000000000,0.000000000000000,0.383961318256356,60.000000000000000,23.037679095381360,0.440205389649080,0.000000000000000,0.000000000000000,0.429944051044015,55.000000000000000,23.646922807420843,0.414880506359773,120.000000000000000,49.785660763172714,0.426021459300950,0.000000000000000,0.000000000000000,0.432621039728259,80.000000000000000,34.609683178260717,0.434008960119636,0.000000000000000,0.000000000000000,0.442537225642558,70.000000000000000,30.977605794979045,48576.000000000000000,50.54,"334",0.007
228.000000000000000,PULO GADUNG,JATI,JAKARTA TIMUR,"227",228.000000000000000,PULO GADUNG,JATI,JAKARTA TIMUR,228.000000000000000,126.698153445000003,192.239298531000003,187.918097399999994,148.932644619999991,126.698153445000003,198.594409821999989,194.040108339000000,168.232477495000012,116.723262314999999,164.227193895999989,0.871231696813000,0.811369509044000,0.839362618432000,0.884582256675000,0.898794142980000,0.813092161929000,0.901808785530000,0.932816537468000,0.973298880276000,0.948751076658000,60.319132211899998,750664.734073000028729,18454.268353100000240,18495.826578699998208,18421.891595900000539,18974.712643699996988,19246.774051000000327,19338.105500400000892,19270.935810099999799,19284.949630399998568,19217.296704900003533,18674.623595900000510,0.106206599625000,0.121325610534000,0.101107936312000,0.105310376029000,0.099215159125300,0.110478511318000,0.110483179268000,0.109658101373000,0.105902500146000,0.111815958389000,506.664120721000018,-0.024652936620000,-0.058875153359900,15.313462481700000,711462.800748000037856,28.705880888700001,21.680850544100000,28.926330387699998,33.589983319900000,27.592275207400000,25.988216056700001,20.285281097300000,32.656539819300001,29.251779074700000,-0.121095867393000,-0.136890424119000,-0.114756956854000,-0.115035466648000,-0.111352860639000,-0.125836972043000,-0.130667752815000,-0.125656384187000,-0.121637950840000,-0.127681142699000,0.000000000000000,40.604622843800001,42.336743965099998,42.080008906000003,42.340743159600002,42.155811162500001,41.863273875499999,41.381734499700002,41.800842761799998,40.013435820500000,0.020438382858600,0.013347325991600,0.027392561468800,0.027528822289100,0.018731298333700,0.024895824232300,0.020618690943200,0.022524430791700,0.016928648488500,1261.468447969999943,9191.264499389999401,0.014420153113900,2949.613016769999831,0.994597720329000,252.692417008999996,1.992626059380000,0.356323554352000,0.003046314767740,0.000000000000000,1.000000000000000,1.000000000000000,1.000000000000000,1.000000000000000,3.000000000000000,0.000000000000000,0.000000000000000,2.000000000000000,0.000000000000000,14.000000000000000,20.000000000000000,15.000000000000000,20.000000000000000,15.666666666699999,0.000000000000000,0.000000000000000,15.000000000000000,0.071848465055519,0.069131286740692,0.057001206652327,0.072372908032107,0.070773697346305,0.072963887332552,0.066986366717718,0.077506339601798,0.065920335848868,0.077165275625968,0.063742822036661,0.076105218285313,0.062869600080184,0.077603488022452,0.059796821565077,0.081522832428083,0.056566179324621,0.082856773191875,0.506074461136512,0.506636587797073,0.507028981816330,0.507092821813252,0.508920985556500,0.509365831640713,0.510073168287060,0.510385234359284,0.511760900504593,0.206523008642840,0.210198039722917,0.205157900683577,0.196590940689042,0.188320682586293,0.195257749092823,0.202220810430075,0.210761589403973,0.220880239859705,0.140979751796211,0.129374114684434,0.143737584678857,0.144492706319516,0.143085611474836,0.139848040321974,0.140473088102636,0.141319653993160,0.139422952516496,0.448600913878326,0.000000000000000,0.000000000000000,0.424583575720895,14.000000000000000,5.944170060092536,0.460468391106662,20.000000000000000,9.209367822133247,0.453876159760640,15.000000000000000,6.808142396409602,0.452586544850948,20.000000000000000,9.051730897018960,0.453880964244552,47.000000000100002,21.332405319539323,0.467243848753064,0.000000000000000,0.000000000000000,0.480440607011492,0.000000000000000,0.000000000000000,0.494419645927520,30.000000000000000,14.832589377825601,38645.000000000000000,51.18,"7",0.000
229.000000000000000,JATINEGARA,KAMPUNG MELAYU,JAKARTA TIMUR,"228",229.000000000000000,JATINEGARA,KAMPUNG MELAYU,JAKARTA TIMUR,229.000000000000000,129.944649446999989,199.883555612000009,194.880893340999990,153.672089744000004,129.944649446999989,203.807428076000008,198.261054059000003,175.296467667999991,118.542661461999998,168.280207977000003,0.891143911439000,0.865313653137000,0.911439114391000,0.926199261993000,0.929889298893000,0.880073800738000,0.926199261993000,0.940959409594000,0.976014760148000,0.963099630996000,78.785769528200007,168126.203559999994468,63965.982702100001916,63913.888048900000285,64049.334147100002156,65407.962701099997503,66370.671891200006939,67568.848913499998162,68254.414548800006742,68727.433999400003813,68825.371947299994645,66214.387931699995534,0.088920088777000,0.089461158089900,0.084609573555800,0.077378089890200,0.078952962171800,0.083573724259200,0.088309241628900,0.088712822106400,0.085799788228000,0.088031609958500,330.926773602000026,-0.022875547444700,-0.063040379698600,88.328540386900002,967878.512593999970704,29.335464473900000,26.449946297499999,30.868551487800001,34.791735230599997,25.821662500500000,26.677618931900000,25.421587453699999,32.937667519800002,33.397154888899998,-0.105894780261000,-0.109918436156000,-0.098577939633700,-0.092789672911400,-0.091584973175100,-0.101410775164000,-0.106274493420000,-0.104660146124000,-0.101128803655000,-0.103830170258000,5.000000000000000,40.922270952600002,42.071691875900001,42.157934788699997,42.421877650900001,42.208460224100001,42.225924267400003,40.930293059800000,42.026964449799998,39.973644191900000,0.033023905690200,0.027855055597000,0.040982694826100,0.040684866252200,0.034774095350400,0.040109297295200,0.036024683134100,0.037146363973600,0.035689519960100,0.000000000000000,10562.477320899999540,0.030559765127400,2363.946544689999882,0.985118820462000,151.007983179000007,2.467306540540000,0.339086346104000,0.005307406973830,6.000000000000000,5.000000000000000,1.000000000000000,1.000000000000000,1.000000000000000,2.000000000000000,1.000000000000000,8.000000000000000,7.000000000000000,35.000000000000000,35.833333333299997,120.000000000000000,15.000000000000000,15.000000000000000,35.000000000000000,25.000000000000000,75.625000000000000,93.571428571400006,0.087799947835159,0.041275430359937,0.068646907635748,0.042977518951101,0.082321832489089,0.044123737615088,0.078176509371762,0.046560547549527,0.079874175044717,0.047061000431752,0.081605861700504,0.047809494733628,0.080346855860773,0.051331029046146,0.076387417118290,0.057131611614036,0.071689325276938,0.057055639476334,0.484806990088680,0.486091681035885,0.489470833731562,0.489184013060814,0.490501449454142,0.490490001526484,0.489842944636468,0.490145024069757,0.488135699899295,0.315616846813269,0.315981202870569,0.299837398373984,0.274961815792278,0.270597259509780,0.282069845209777,0.291167818293767,0.299390804206514,0.306087936865840,0.129075378195096,0.111624426586849,0.126445570104177,0.124737056921289,0.126935175476469,0.129415356434132,0.131677884906919,0.133519028732326,0.128744964753272,0.400827824155442,210.000000000000000,84.173843072642839,0.361974522419064,179.166666666499992,64.853768600022036,0.405731748464676,120.000000000000000,48.687809815761099,0.373157984492678,15.000000000000000,5.597369767390164,0.382582369459168,15.000000000000000,5.738735541887516,0.401292607406191,70.000000000000000,28.090482518433362,0.413013003136322,25.000000000000000,10.325325078408049,0.428499363830622,605.000000000000000,259.242115117526225,0.410329545223736,654.999999999800025,268.765852121465002,31776.000000000000000,48.81,"23",0.001
230.000000000000000,JATINEGARA,BIDARA CINA,JAKARTA TIMUR,"229",230.000000000000000,JATINEGARA,BIDARA CINA,JAKARTA TIMUR,230.000000000000000,133.816088990999987,205.903525589999987,200.200718367000007,157.194443884999998,133.816088990999987,208.674434595999998,202.456266580000005,180.520860131999996,120.923727510000006,172.670296651999990,0.883404864092000,0.847639484979000,0.851931330472000,0.883404864092000,0.867668097282000,0.839771101574000,0.910586552217000,0.924177396280000,0.967811158798000,0.952789699571000,69.882272649699999,452022.134338999981992,35692.388464099996781,35135.108344100000977,34821.588161500003480,35566.499285899997631,36129.392299200000707,36245.659374599999865,36233.631746200000634,36118.968354600001476,35909.687618800002383,34641.173734099997091,0.101268905096000,0.111186218875000,0.098823237360800,0.099230822070500,0.095824921381100,0.103599196301000,0.107257347535000,0.105014867981000,0.099921495214700,0.101340908550000,429.652677869999991,-0.025757913908500,-0.049265629980900,50.726814329500002,953606.644034999888390,30.140464279700002,26.628222611599998,37.849391250899998,36.093661330300002,25.552451606399998,25.126279201100001,25.351904656799999,32.695214358400001,36.973283756699999,-0.115228704987000,-0.130266887549000,-0.109611029368000,-0.111721939712000,-0.108257097489000,-0.121035374856000,-0.124206696110000,-0.123126244767000,-0.116549445308000,-0.118882243574000,5.000000000000000,40.992970439099999,41.706963798200000,41.585999731400001,42.087298183800002,41.724174105400003,41.623584226399998,39.915941910900003,41.807768405499999,40.226594128400002,0.033654282252000,0.024892392663000,0.039615259156500,0.035473259548900,0.029711689450800,0.037492206168100,0.032811659047900,0.035094965681200,0.033821131618200,0.000000000000000,12635.198403200000030,0.028298171652400,3026.768909100000201,0.988712607545000,186.883594310999996,2.019219608980000,0.349173042173000,0.004530407210480,6.000000000000000,1.000000000000000,1.000000000000000,9.000000000000000,4.000000000000000,3.000000000000000,0.000000000000000,3.000000000000000,7.000000000000000,26.250000000000000,40.000000000000000,125.000000000000000,50.208333333299997,46.250000000000000,33.333333333299997,0.000000000000000,120.000000000000000,100.000000000000000,0.075037655757908,0.048701446893970,0.057636953968729,0.051718976673498,0.072729732167012,0.052484444043647,0.068533889653336,0.055217719383905,0.067960091144393,0.055792757117890,0.068978489864566,0.056585819244047,0.067621267621268,0.060317460317460,0.062522329403358,0.066742586638085,0.059418545437711,0.070251377251053,0.498973024784335,0.500426002256661,0.499639282171521,0.499866838297306,0.501117182487888,0.501593343365495,0.502208902208902,0.501875669882101,0.501111059673163,0.220856230031949,0.216616383135157,0.210021885140744,0.202160189386467,0.199110805433421,0.208053032163025,0.212482485681276,0.217958519322301,0.228894203857310,0.123739102651878,0.109355930642227,0.125214176210659,0.123751609037241,0.123752848262283,0.125564309108613,0.127938727938728,0.129264916041443,0.129669922688764,0.373557701961051,157.500000000000000,58.835338058865531,0.339171705711070,40.000000000000000,13.566868228442805,0.370218791200910,125.000000000000000,46.277348900113736,0.359385877134682,451.874999999699980,162.397493230126571,0.363851550266202,185.000000000000000,67.312536799247297,0.381083728351028,99.999999999899984,38.108372835064650,0.395938560861221,0.000000000000000,0.000000000000000,0.403241947277474,360.000000000000000,145.167101019890822,0.411160632414458,700.000000000000000,287.812442690120918,43202.000000000000000,50.11,"467",0.011
231.000000000000000,JATINEGARA,BALI MESTER,JAKARTA TIMUR,"230",231.000000000000000,JATINEGARA,BALI MESTER,JAKARTA TIMUR,231.000000000000000,130.536608497000003,200.573611223000000,195.430687000999995,153.963633042999987,130.536608497000003,204.494254689999991,198.897827067000009,175.842778659000004,118.894563453999993,168.925119555000009,0.931307793923000,0.883751651255000,0.914134742404000,0.929986789960000,0.937912813738000,0.903566710700000,0.960369881110000,0.973579920740000,0.989431968296000,0.981505944518000,55.809261300999999,231487.898574999999255,16656.755309399999533,16674.616185499999119,16801.130724099999497,17214.907685599999240,17400.958477600001061,17310.165691099999094,17167.278682799998933,17003.553985800001101,16754.990127599998232,16283.165318999999727,0.088027925874000,0.097500864888800,0.090744923805200,0.083371512422100,0.081795124068900,0.089828263456400,0.094007847643700,0.089979273128100,0.085942476116800,0.087987839786900,652.705633087000024,-0.023027783606700,-0.064108425093100,71.978919326699994,40677.228669800002535,32.052669720700003,28.893417467599999,33.850215467399998,38.052144808700000,28.205742761100002,28.624406334600000,27.797358575099999,34.758666890599997,38.357617587800000,-0.102687478075000,-0.114834476400000,-0.103737846814000,-0.095770628918600,-0.092771736745000,-0.104775070032000,-0.111171675376000,-0.105330868965000,-0.101737723355000,-0.103873990776000,0.000000000000000,41.168916201899997,42.232189132800002,42.144737888700000,42.488868764199999,42.144397532399999,42.314761587200003,40.901932362099998,42.197650259200003,40.227934790399999,0.033595365466400,0.022370073932600,0.035200507581600,0.034834966430100,0.028250214429200,0.036194000715200,0.032787287997400,0.035279072785900,0.028719699500900,6466.839068880000013,10914.871770600000673,0.026005559295000,3031.618861339999967,0.979970444741000,194.440902714999993,1.658785368820000,0.336263873443000,0.002622571442950,0.000000000000000,1.000000000000000,0.000000000000000,0.000000000000000,0.000000000000000,1.000000000000000,0.000000000000000,0.000000000000000,0.000000000000000,0.000000000000000,25.000000000000000,0.000000000000000,0.000000000000000,0.000000000000000,0.000000000000000,0.000000000000000,0.000000000000000,0.000000000000000,0.066142997411408,0.075515486923145,0.049787384833451,0.078844790928420,0.061992045651046,0.080581013314888,0.057480112907365,0.085108202891113,0.057609630266552,0.086758383490972,0.056181723599792,0.087653892838564,0.057072829131653,0.093224789915966,0.056675846140179,0.096206804654881,0.054204753199269,0.098537477148080,0.500669463536553,0.497785258681786,0.499567698426422,0.500898126764178,0.502407566638005,0.501560603433328,0.502713585434174,0.502975926090433,0.500822669104205,0.215025140490979,0.219852022677044,0.214868196472596,0.201100643596679,0.187787693752936,0.196801968019680,0.206870155965936,0.213167053364269,0.223489733161393,0.141658484334553,0.128632175761871,0.142573058965934,0.142588315798478,0.144368013757524,0.143835616438356,0.150297619047619,0.152882650795060,0.152742230347349,0.426214957081834,0.000000000000000,0.000000000000000,0.378422563144433,25.000000000000000,9.460564078610814,0.421757088058010,0.000000000000000,0.000000000000000,0.415463322932012,0.000000000000000,0.000000000000000,0.415511489400544,0.000000000000000,0.000000000000000,0.418369796254277,0.000000000000000,0.000000000000000,0.453499535392631,0.000000000000000,0.000000000000000,0.468722045377131,0.000000000000000,0.000000000000000,0.465999397592720,0.000000000000000,0.000000000000000,10940.000000000000000,50.08,"3029",0.277
232.000000000000000,JATINEGARA,RAWA BUNGA,JAKARTA TIMUR,"231",232.000000000000000,JATINEGARA,RAWA BUNGA,JAKARTA TIMUR,232.000000000000000,130.759575882000007,200.648181338000001,195.442933267999990,153.902095054999990,130.759575882000007,204.696631832000008,199.103495371999998,175.857440077999996,119.008103320000004,169.139538762999990,0.890179514256000,0.802534318902000,0.816261879620000,0.904963041183000,0.893347412883000,0.856388595565000,0.898627243928000,0.938753959873000,0.969376979937000,0.942977824710000,58.202155172399998,241104.915520999988075,29888.985950400001457,29634.240223100001458,29861.860247900000104,30910.327615999998670,31406.845908499999496,31507.093069599999581,31640.362825100000919,31725.278067499999452,31673.385419399997772,30591.895456999998714,0.104309574977000,0.122039826565000,0.109201769159000,0.099065565269100,0.095854519904800,0.103071128944000,0.110505160039000,0.102736250982000,0.099536410240800,0.105687252965000,1093.482222719999982,-0.023215521849500,-0.064355787713600,69.811669533000000,102626.006051000003936,32.690774793599999,30.158283312900000,36.333271120100001,41.424570412999998,32.838963136499999,30.868872183000001,31.370633875599999,36.608275793799997,41.041870918400001,-0.114229789954000,-0.136980442962000,-0.120506377897000,-0.112188441374000,-0.111481226576000,-0.118756119878000,-0.127013223940000,-0.119190929137000,-0.115207114706000,-0.121953186631000,0.000000000000000,41.274321334400000,42.267223886799997,42.160884316299999,42.461324931699998,42.003905229200001,42.337540787199998,40.875001407100001,42.296525040200002,40.235624305199998,0.027682509031500,0.010846011987100,0.029381453628500,0.029822171460900,0.026498926148000,0.031099827970700,0.029088547775700,0.031178802985300,0.022374719274700,0.000000000000000,11103.752306599999429,0.017921284180600,3275.656635880000067,0.985700132674000,151.268076062999995,2.098384540280000,0.271620358366000,0.002655960038800,0.000000000000000,1.000000000000000,0.000000000000000,5.000000000000000,1.000000000000000,0.000000000000000,1.000000000000000,0.000000000000000,0.000000000000000,0.000000000000000,23.000000000000000,0.000000000000000,19.500000000000000,15.000000000000000,0.000000000000000,30.000000000000000,0.000000000000000,0.000000000000000,0.080033430174712,0.049030922911609,0.060939968404423,0.050750394944708,0.076805677439048,0.051966881605555,0.072437101013894,0.056327450244086,0.072805539958825,0.055437020400524,0.073579841956165,0.057365439093484,0.073159851301115,0.060297397769517,0.068848674411677,0.065050640452785,0.064381818882763,0.065538378503412,0.493294066143989,0.493601895734597,0.493952459078942,0.496169733383402,0.496200636346622,0.497987177575667,0.499182156133829,0.499180816204945,0.500019275993677,0.289605186152253,0.295198110732091,0.274542571881561,0.253527633126155,0.245725062866722,0.255298731642190,0.263212607592831,0.276009284589240,0.289536570794572,0.129064353086321,0.111690363349131,0.128772559044603,0.128764551257980,0.128242560359349,0.130945281049649,0.133457249070632,0.133899314864462,0.129920197386175,0.425491451106250,0.000000000000000,0.000000000000000,0.386357361505096,23.000000000000000,8.886219314617213,0.412879903521801,0.000000000000000,0.000000000000000,0.404333147052496,97.500000000000000,39.422481837618321,0.394895326492900,15.000000000000000,5.923429897393508,0.423241726284394,0.000000000000000,0.000000000000000,0.445694134022430,30.000000000000000,13.370824020672888,0.460357577643554,0.000000000000000,0.000000000000000,0.469006551322180,0.000000000000000,0.000000000000000,25939.000000000000000,50.00,"10",0.000
233.000000000000000,JATINEGARA,CIPINANG CEMPEDAK,JAKARTA TIMUR,"232",233.000000000000000,JATINEGARA,CIPINANG CEMPEDAK,JAKARTA TIMUR,233.000000000000000,134.203802754000009,206.067832215000010,200.290662354000006,157.178032550000012,134.203802754000009,209.007916077000004,202.744776257000012,180.582047313000004,121.107460868999993,173.007840057000010,0.902923331495000,0.868725868726000,0.846111417540000,0.895201323773000,0.902923331495000,0.862107004964000,0.927192498621000,0.936017650303000,0.983452840596000,0.961941533370000,58.336106750399999,682593.976806999999098,23827.713018800001009,23591.438008400000399,23643.667221299998346,24436.432058700000198,24851.156879499998468,24820.689838700000109,24815.093851599998743,24728.045163599999796,24512.910548899999412,23686.569788900000276,0.101744608059000,0.109044847738000,0.102031672313000,0.100925048243000,0.095398693914100,0.103782137464000,0.107567542988000,0.104875621087000,0.097914940745900,0.101773569961000,566.723957230999986,-0.025363020475400,-0.045376845883000,67.527001957200000,67654.810863199993037,32.920339198199997,28.980027194000002,40.744214235999998,39.063416329600003,28.693545193300000,27.692049865200001,26.510944443500001,33.117571304999998,38.722945516599999,-0.118161325916000,-0.133677142923000,-0.115465098890000,-0.118837103424000,-0.111501205978000,-0.124198816328000,-0.128656198050000,-0.124829549188000,-0.116946584679000,-0.120768285172000,1.000000000000000,40.669829070699997,41.565867248000004,41.512224504400002,41.914432692500000,41.292928551300001,41.372594999199997,39.735790197100002,41.712080244699997,40.021291956399999,0.032435380793700,0.021152198886100,0.035037586573900,0.034325208786800,0.026931701378700,0.035854687338500,0.030766693269600,0.034833036389000,0.030659037748700,0.000000000000000,12940.041095099999438,0.029671058655700,3321.482687000000169,0.975637610149000,209.520128742999987,1.635278349280000,0.413982993209000,0.003891700644850,2.000000000000000,4.000000000000000,0.000000000000000,4.000000000000000,4.000000000000000,5.000000000000000,3.000000000000000,0.000000000000000,3.000000000000000,27.500000000000000,27.500000000000000,0.000000000000000,32.500000000000000,11.250000000000000,26.000000000000000,30.000000000000000,0.000000000000000,26.666666666699999,0.071556586368668,0.065389278372252,0.054804607373902,0.067953505496239,0.068446095519198,0.070176331391059,0.065277221777422,0.072733186549239,0.065106841353741,0.072496806032215,0.065397143573039,0.072437985467301,0.064420417400050,0.074427960774453,0.061257102272727,0.078581574675325,0.058879117994487,0.080929255807849,0.501581361024722,0.503366117919318,0.504134754840844,0.503377702161729,0.503845286705579,0.504009020295665,0.503671108876037,0.503221387987013,0.504291901824386,0.207990599294947,0.210630884851277,0.204312607603511,0.190807837934942,0.188087600929101,0.198339559983396,0.206135480288728,0.212593811901905,0.223719754008851,0.136945864740920,0.122758112870141,0.138622426910257,0.138010408326661,0.137603647385956,0.137835129040340,0.138848378174503,0.139838676948052,0.139808373802336,0.411677469152665,55.000000000000000,22.642260803396596,0.387101906712251,110.000000000000000,42.581209738347589,0.428002401650372,0.000000000000000,0.000000000000000,0.407479571402270,130.000000000000000,52.972344282295047,0.406385979311909,45.000000000000000,18.287369069035897,0.418813741542436,130.000000000000000,54.445786400516702,0.427686795242028,90.000000000000000,38.491811571782527,0.434402837274132,0.000000000000000,0.000000000000000,0.452609647363838,80.000000000100002,36.208771789152287,38095.000000000000000,50.43,"70",0.002
234.000000000000000,JATINEGARA,CIPINANG MUARA,JAKARTA TIMUR,"233",234.000000000000000,JATINEGARA,CIPINANG MUARA,JAKARTA TIMUR,234.000000000000000,132.367785131999995,201.946565991999989,196.549564753999988,154.523040312999996,132.367785131999995,206.259177386999994,200.333674121999991,176.825710289999989,119.822310123999998,170.656301086000013,0.880666666667000,0.817666666667000,0.833333333333000,0.873666666667000,0.880333333333000,0.839000000000000,0.920333333333000,0.925666666667000,0.949666666667000,0.941666666667000,71.070826306900003,932369.365559000056237,24255.439565600001515,24044.780656099999760,24088.339361099995585,25143.511438699999417,25621.906181299997115,25920.433512899999187,25885.886953799999901,26041.346469799998886,26064.627846600000339,25371.443627699998615,0.112235929823000,0.126546135858000,0.115676247615000,0.115311356915000,0.108395049170000,0.114674958952000,0.118515693069000,0.114595335729000,0.110941536055000,0.114995257561000,362.869702227999994,-0.024871500676000,-0.045826544969600,22.122669786800000,833987.196947999997064,24.708675535800001,23.999725178900000,28.915274388000000,32.774770017000002,29.537821084499999,27.087826548900001,26.023578609699999,31.361534960600000,33.588852639400002,-0.127245694235000,-0.146812159618000,-0.126751409579000,-0.128040955613000,-0.120899013200000,-0.131828543967000,-0.134772754800000,-0.130633047509000,-0.124770259066000,-0.131232649256000,1.000000000000000,40.928705418200003,41.940506614900002,41.699652470700002,41.918729596100000,41.498766405700003,41.433552572399996,40.499956627300001,42.292911757399999,39.973692243499997,0.026439555482600,0.016707852380800,0.030909175463700,0.029960131784700,0.025566276797200,0.033644108000500,0.025149141100200,0.029191677723100,0.025206776145100,0.000000000000000,12403.182713000000149,0.019358812484400,2598.231131689999984,0.988437851499000,239.303266183000005,2.222807247210000,0.343820763397000,0.003731026110650,0.000000000000000,1.000000000000000,0.000000000000000,0.000000000000000,0.000000000000000,1.000000000000000,0.000000000000000,0.000000000000000,0.000000000000000,0.000000000000000,20.000000000000000,0.000000000000000,0.000000000000000,0.000000000000000,50.000000000000000,0.000000000000000,0.000000000000000,0.000000000000000,0.082285696437774,0.054003404494557,0.063570749349171,0.056477887418354,0.078286712764528,0.057527740856345,0.073849896677561,0.060308062081398,0.075389696934577,0.059787332676595,0.074141232447488,0.059620517581525,0.072472963229993,0.062638788752704,0.067985362761482,0.067538754105918,0.063567474765414,0.069990823787112,0.494307622632080,0.494879109573025,0.498439343478845,0.498087435698269,0.498044271889668,0.499419751653708,0.499740447007931,0.499553391344436,0.499600390729065,0.223353399433428,0.222756854057048,0.215216915908288,0.207252096694623,0.202867185211703,0.208950376721226,0.215448333655644,0.224286194693100,0.236386847575247,0.136289100932331,0.120048636767525,0.135814453620873,0.134157958758959,0.135177029611172,0.133761750029013,0.135111751982697,0.135524116867400,0.133558298552526,0.381441765504090,0.000000000000000,0.000000000000000,0.340467689480547,20.000000000000000,6.809353789610944,0.396949107164806,0.000000000000000,0.000000000000000,0.381927431942228,0.000000000000000,0.000000000000000,0.379795890325147,0.000000000000000,0.000000000000000,0.390823435403682,50.000000000000000,19.541171770184100,0.403280976292928,0.000000000000000,0.000000000000000,0.412554793040227,0.000000000000000,0.000000000000000,0.420279953355674,0.000000000000000,0.000000000000000,67566.000000000000000,49.96,"0",0.000
235.000000000000000,JATINEGARA,CIPINANG BESAR SELATAN,JAKARTA TIMUR,"234",235.000000000000000,JATINEGARA,CIPINANG BESAR SELATAN,JAKARTA TIMUR,235.000000000000000,132.929438820000001,203.491763517000010,197.938072943999998,155.491736610000004,132.929438820000001,207.227633959000002,201.213260397999989,178.254293439000008,120.239385948999995,171.448802489999991,0.779705573081000,0.658780231335000,0.665089379600000,0.767613038906000,0.792849631966000,0.671924290221000,0.784437434280000,0.797055730810000,0.898527865405000,0.827549947424000,78.470946087700000,467364.144726999977138,23559.714948600001662,23719.196458099999290,23808.647341700001562,25175.715779199999815,25684.173432999999932,26050.215864399997372,26232.648587499999849,26593.394584900001064,26837.619036799998867,26095.529798899999150,0.123968958561000,0.141476504991000,0.131564834914000,0.125437238969000,0.121130949843000,0.135258753790000,0.141889526680000,0.137602427347000,0.128299599150000,0.139751493063000,924.887365545999955,-0.023367154557000,-0.047295868060600,29.778442405000000,729377.424123000004329,30.002417959700001,31.050121438600002,39.070662465700003,39.766395249799999,38.656655521099999,31.482503760699998,32.229195031899998,35.311415876799998,42.327981271299997,-0.134342886767000,-0.155169821329000,-0.137285649394000,-0.133966067090000,-0.129418797436000,-0.147210646779000,-0.151907533221000,-0.147762746397000,-0.137311634768000,-0.149285853560000,2.000000000000000,40.888071749799998,41.900540553299997,41.611179422500001,41.869031806199999,41.332897186300002,41.524093518900003,40.185322821600003,42.220788029799998,40.008410525000002,0.015466549046100,-0.000336325712214,0.017227522712300,0.018247189443000,0.005032279930150,0.010658438952000,0.003964658384520,0.012488708026300,0.001864670002230,9262.595359630000530,12460.064081300000908,0.001787371105950,3093.120038130000012,0.984589745169000,220.426981493000000,2.123540129620000,0.266543839818000,0.002734135209900,0.000000000000000,1.000000000000000,2.000000000000000,3.000000000000000,1.000000000000000,0.000000000000000,0.000000000000000,0.000000000000000,0.000000000000000,0.000000000000000,30.000000000000000,20.000000000000000,18.333333333300001,50.000000000000000,0.000000000000000,0.000000000000000,0.000000000000000,0.000000000000000,0.084307157920853,0.041409254434934,0.064636527671355,0.042885038435870,0.079569892473118,0.043688639551192,0.077948858949684,0.046077353129869,0.077802376541815,0.044639226494375,0.078427853553482,0.045248564249821,0.078890880524021,0.046582132819934,0.074511007806333,0.051530567494079,0.070180186275173,0.052341970547775,0.491626349088202,0.491262327903700,0.492402992052361,0.493378242140959,0.495142999141553,0.495423546302943,0.496890836265463,0.497368651872643,0.496989378255869,0.273004575495679,0.278991088128507,0.265833817547937,0.250335813184542,0.244892767191594,0.256326798375091,0.267569856054191,0.271155976855841,0.279828542612204,0.125716412355787,0.107521566107225,0.123258532024310,0.124026212079553,0.122441603036190,0.123676417803303,0.125473013343955,0.126041575300412,0.122522156822948,0.388731026271166,0.000000000000000,0.000000000000000,0.343671438091009,30.000000000000000,10.310143142730270,0.379308295219381,40.000000000000000,15.172331808775246,0.371043751155492,54.999999999899998,20.407406313514961,0.371863375501598,50.000000000000000,18.593168775079882,0.388962344057986,0.000000000000000,0.000000000000000,0.414660824368003,0.000000000000000,0.000000000000000,0.422905753197872,0.000000000000000,0.000000000000000,0.420208929045640,0.000000000000000,0.000000000000000,44343.000000000000000,49.70,"200",0.005
236.000000000000000,JATINEGARA,CIPINANG BESAR UTARA,JAKARTA TIMUR,"235",236.000000000000000,JATINEGARA,CIPINANG BESAR UTARA,JAKARTA TIMUR,236.000000000000000,130.689351200999994,199.959713574999995,194.788693845000012,153.403575007000001,130.689351200999994,204.396839279000005,198.849430597999998,175.172210425999992,118.921314570999996,168.944149428000003,0.914576802508000,0.858150470219000,0.862852664577000,0.934952978056000,0.930250783699000,0.865987460815000,0.925548589342000,0.945924764890000,0.984326018809000,0.954545454545000,52.738252086099997,369834.375979000004008,50491.367330200002471,50422.463667500000156,50380.944793800001207,51913.609599800001888,52163.606222299997171,52212.192138400001568,51241.357197800003632,52009.014671299999463,52083.218615799996769,50315.574652199989941,0.096660431375200,0.116414674549000,0.099283626046200,0.094542523859200,0.093283872035400,0.101106082145000,0.104531362440000,0.100169889719000,0.096753648511500,0.101707492123000,1352.275302980000106,-0.024572940386800,-0.064236953888400,72.066210406500005,146157.817264000012074,29.577264132300002,29.173911586300001,36.318290486999999,40.813494705899998,41.770619792900000,32.978802253100000,36.805424142400000,38.793314106200000,45.949615700400003,-0.111249776411000,-0.131581900501000,-0.111841280174000,-0.106402915786000,-0.108510363526000,-0.116390849084000,-0.120467242198000,-0.115897896653000,-0.111990956779000,-0.116537303529000,0.000000000000000,41.353927691300001,42.230975387400001,42.091231400100000,42.346979312999999,41.871021620299999,42.173962432700002,40.990477318000003,42.363163787700003,40.165158081100003,0.042573212641300,0.030256449138400,0.047648944014900,0.045637024719100,0.040840514990200,0.048058018076700,0.043929892760300,0.042635921582800,0.041384873270500,0.000000000000000,11257.083090199999788,0.037269207620500,3067.582198799999787,0.974473603145000,144.684510009999997,2.158873197690000,0.314309010398000,0.003933691329090,0.000000000000000,1.000000000000000,0.000000000000000,0.000000000000000,0.000000000000000,0.000000000000000,0.000000000000000,0.000000000000000,0.000000000000000,0.000000000000000,50.000000000000000,0.000000000000000,0.000000000000000,0.000000000000000,0.000000000000000,0.000000000000000,0.000000000000000,0.000000000000000,0.083848700923282,0.040382627586328,0.064788189086828,0.041678356010661,0.080368233872752,0.042932257899842,0.075224386113463,0.044911092294666,0.076524828694696,0.043718805515608,0.076388649450057,0.043271385718719,0.076704883227176,0.046046709129512,0.072932037517597,0.050967621567530,0.070350082516942,0.052266582394045,0.485502549098618,0.486341001542993,0.489015944322494,0.489314140558848,0.490347686320954,0.491138847705410,0.490734607218684,0.488763377940603,0.487885810597282,0.321405750798722,0.318461116981723,0.308666204879550,0.287204675690597,0.282472419640646,0.279471071816349,0.289774895078214,0.299865267472532,0.310019199874613,0.124231328509610,0.106466545097489,0.123300491772594,0.120135478408129,0.120243634210304,0.119660035168776,0.122751592356688,0.123899659085127,0.122616664910987,0.398113824817621,0.000000000000000,0.000000000000000,0.352189121116522,50.000000000000000,17.609456055826097,0.403746198780484,0.000000000000000,0.000000000000000,0.374425916580045,0.000000000000000,0.000000000000000,0.376077208700667,0.000000000000000,0.000000000000000,0.376196004402499,0.000000000000000,0.000000000000000,0.392915334978533,0.000000000000000,0.000000000000000,0.394544454356603,0.000000000000000,0.000000000000000,0.396388461904510,0.000000000000000,0.000000000000000,56958.000000000000000,48.79,"27",0.000
237.000000000000000,KRAMAT JATI,KRAMAT JATI,JAKARTA TIMUR,"236",237.000000000000000,KRAMAT JATI,KRAMAT JATI,JAKARTA TIMUR,237.000000000000000,142.644147405000012,219.908661407000011,212.501862017999997,166.117866829999997,142.644147405000012,219.115101331000005,211.692300421999988,192.253726610999990,127.224751084999994,182.670511844999993,0.909305064782000,0.863957597173000,0.874558303887000,0.875736160188000,0.878091872792000,0.857479387515000,0.909893992933000,0.926972909305000,0.965253239105000,0.948763250883000,82.719480519499996,509607.526006000000052,26346.701191600001039,26033.984618099999352,26110.514412500000617,27262.419765700000426,27896.429527699998289,28020.460573699998349,28074.559221499999694,28191.333131799998228,28242.792821200000617,27144.986115700001392,0.112111386862000,0.120408893530000,0.119920126618000,0.115670507829000,0.106888474765000,0.116840955628000,0.118401256314000,0.115997631546000,0.109017686782000,0.115892801280000,1842.813476179999952,-0.026241249790400,0.003413576091190,37.246353511000002,256928.089558999985456,23.614761341200001,20.739626608700000,27.073685840000000,28.116784539899999,21.200207071600001,23.135081333799999,21.745408907200002,26.228329449800000,30.540957624299999,-0.127753380807000,-0.139707939550000,-0.128033396359000,-0.126298261969000,-0.119184088208000,-0.134673072655000,-0.132589528789000,-0.132232824398000,-0.125722183378000,-0.130072118912000,1.000000000000000,39.622279765999998,40.671574164399999,40.819584909600003,41.698312721900002,40.747366384899998,40.945220294400002,39.958018940400002,41.263809929700002,39.131049152199999,0.032843043199000,0.026912974856100,0.034896841360800,0.035684414927400,0.036609488114900,0.037708425624600,0.033233906740200,0.038450587376200,0.033918058497000,15660.667225699999108,16921.534845900001528,0.031253531250800,2904.482785289999811,0.988827880397000,217.192501504000006,2.048105064400000,0.328801193604000,0.004242784397920,1.000000000000000,2.000000000000000,0.000000000000000,0.000000000000000,4.000000000000000,0.000000000000000,0.000000000000000,2.000000000000000,2.000000000000000,15.000000000000000,30.000000000000000,0.000000000000000,0.000000000000000,16.250000000000000,0.000000000000000,0.000000000000000,7.500000000000000,40.000000000000000,0.081396822178860,0.041483996857657,0.063294337620335,0.043105844303510,0.077511313312199,0.043196282941703,0.075465897266105,0.045785639958377,0.074849312488228,0.045182708608024,0.074376086854350,0.044931146308220,0.074114811261145,0.047576700755892,0.070195519633722,0.052395524305637,0.065816016526917,0.054490217523393,0.489597323940093,0.490562700558405,0.493841202236043,0.494134897360704,0.496020907892258,0.497626545095643,0.498116121785121,0.498563386203836,0.497533114594726,0.238685607691204,0.242134484885873,0.231828552803129,0.222113191534504,0.212017122020821,0.217550418619346,0.222923101083599,0.230693172356370,0.241571821565349,0.122880819036517,0.106400181923845,0.120707596253902,0.121251537224482,0.120032021096252,0.119307233162570,0.121691512017037,0.122591043939359,0.120306234050310,0.332474824509826,15.000000000000000,4.987122367647396,0.297530546168553,60.000000000000000,17.851832770113173,0.345431507779233,0.000000000000000,0.000000000000000,0.338470242623986,0.000000000000000,0.000000000000000,0.336119156475525,65.000000000000000,21.847745170909125,0.349844634624443,0.000000000000000,0.000000000000000,0.364946315703287,0.000000000000000,0.000000000000000,0.378304142727200,15.000000000000000,5.674562140907994,0.377269067525022,80.000000000000000,30.181525402001746,41145.000000000000000,49.75,"150",0.004
238.000000000000000,KRAMAT JATI,KAMPUNG TENGAH,JAKARTA TIMUR,"237",238.000000000000000,KRAMAT JATI,KAMPUNG TENGAH,JAKARTA TIMUR,238.000000000000000,146.337209997000002,226.499958706999990,218.010284030000008,170.316995007999992,146.337209997000002,223.389276856000009,215.685047824999998,197.462610153000014,130.460325388999991,187.063951830000008,0.894090909091000,0.861818181818000,0.888181818182000,0.901818181818000,0.904545454545000,0.885909090909000,0.925454545455000,0.936363636364000,0.963181818182000,0.960000000000000,69.233837546600000,765083.700076999957673,25565.819328399997175,25515.627003300000069,25835.731117700001050,27268.773217199999635,28047.266423500001110,28615.771330799998395,29020.382931399999507,29339.462712699998519,29584.790506000004825,29058.795425100001012,0.120560492961000,0.129044681127000,0.124815908647000,0.119185948457000,0.108249918568000,0.120290490651000,0.118777900560000,0.115230332544000,0.109484012152000,0.113129492810000,1636.428808299999901,-0.025396622928200,-0.011848643007100,23.817055438499999,129083.907261000014842,17.740146318000001,17.232176811900001,19.778411750000000,23.638218481199999,18.457701484200001,19.473134710299998,18.902391596499999,23.900919776100000,26.730182543900000,-0.136976417193000,-0.149188916021000,-0.137927881007000,-0.133204495304000,-0.122192052305000,-0.140428342515000,-0.136556880467000,-0.133516383710000,-0.129493968514000,-0.131215339157000,0.000000000000000,39.833607976300001,40.904069589099997,40.502682026000002,41.891083877500002,40.482228222800003,40.924004289099997,40.440148520699999,41.513231397100000,39.290367598000003,0.030873623301800,0.030847003627700,0.038237879636200,0.037508632590900,0.037735268880600,0.043733557874700,0.034327629926000,0.044974734049800,0.042930999003300,0.000000000000000,18541.646558500000538,0.030364752495900,3070.478682929999650,0.984231086646000,272.528900898000018,2.150432356370000,0.386604114340000,0.004879411970480,4.000000000000000,0.000000000000000,0.000000000000000,3.000000000000000,4.000000000000000,3.000000000000000,0.000000000000000,0.000000000000000,1.000000000000000,27.500000000000000,0.000000000000000,0.000000000000000,36.666666666700003,13.750000000000000,35.000000000000000,0.000000000000000,0.000000000000000,10.000000000000000,0.087657319496578,0.033882655211867,0.066826579969868,0.036158908889065,0.084669997370497,0.037094774801848,0.079945947920090,0.040064278149081,0.080970790378007,0.040109536082474,0.081289047333310,0.040609226642194,0.080352622850659,0.042506764423496,0.074665881864137,0.047399764559241,0.070958986199482,0.048046248479828,0.492081334430639,0.492724605503132,0.494233875511814,0.494759139549322,0.495650773195876,0.495534926405704,0.496325390590905,0.496208711308081,0.495620142058974,0.309398608464029,0.313367016797412,0.299187339606501,0.285463410602868,0.283334346689366,0.290549986020689,0.295903662027441,0.300704883557909,0.308164796966345,0.121539974708445,0.102985488858933,0.121764772172345,0.120010226069171,0.121080326460481,0.121898273975504,0.122859387274155,0.122065646423378,0.119005234679310,0.418577774784640,110.000000000000000,46.043555226310446,0.376603836749024,0.000000000000000,0.000000000000000,0.421641210178653,0.000000000000000,0.000000000000000,0.405672738190858,110.000000000100016,44.624001201034901,0.411792314270456,55.000000000000000,22.648577284875056,0.420889764271122,105.000000000000000,44.193425248467854,0.433975239795397,0.000000000000000,0.000000000000000,0.436172656792570,0.000000000000000,0.000000000000000,0.432153486281040,10.000000000000000,4.321534862810399,56737.000000000000000,49.56,"399",0.007
239.000000000000000,KRAMAT JATI,DUKUH,JAKARTA TIMUR,"238",239.000000000000000,KRAMAT JATI,DUKUH,JAKARTA TIMUR,239.000000000000000,147.886030753000000,228.072865734999993,219.135511787000013,171.157476333000005,147.886030753000000,224.652864416999989,216.815174883999987,198.421525462999995,131.568873220000000,188.496050112999995,0.687950566426000,0.607621009269000,0.614830072091000,0.680226570546000,0.701338825953000,0.641606591143000,0.745108135942000,0.782698249228000,0.883110195675000,0.849124613800000,104.786027868000005,458545.159464999975171,16047.602504000000408,16137.344481400001314,16279.773684199999479,17338.729017800000292,17748.647211399998923,18046.822168599999713,18183.461566499998298,18375.683092300001590,18521.586178199999267,18101.246335600000748,0.151008657804000,0.162421640515000,0.159688521000000,0.150653693449000,0.138592172719000,0.156104541398000,0.155496902461000,0.152199086558000,0.135894844604000,0.143011351992000,2351.304596829999809,-0.027412090537200,-0.014622651482500,15.651306628800000,409349.521940000005998,22.395608510399999,21.784680700999999,23.718875000400001,26.868354857000000,20.273751773200001,19.361241362000001,20.776034083300001,26.874268819499999,29.096618503300000,-0.154679497844000,-0.168980691156000,-0.161545062075000,-0.152064879715000,-0.142854428713000,-0.165828977225000,-0.162180025464000,-0.158347761748000,-0.145737703771000,-0.151828647528000,0.000000000000000,39.289096740799998,40.629618954300000,40.207995758099997,41.765489392399999,39.979169518600003,40.476817987300002,39.815845103900003,41.083540345400003,38.938733741500002,-0.002765858773530,-0.012753969424700,-0.000411027199564,0.001613668057040,-0.003881701721370,-0.000920279001886,-0.008123962540580,0.005715535531660,-0.000662812153661,0.000000000000000,19436.448469300001307,-0.012844975325800,3223.341081739999936,0.984382417008000,285.467873602999987,2.620672786580000,0.261241509217000,0.002997960397450,1.000000000000000,0.000000000000000,0.000000000000000,2.000000000000000,5.000000000000000,1.000000000000000,0.000000000000000,1.000000000000000,2.000000000000000,100.000000000000000,0.000000000000000,0.000000000000000,23.750000000000000,28.000000000000000,12.500000000000000,0.000000000000000,10.000000000000000,35.000000000000000,0.092207233065442,0.034192020665901,0.069741802404154,0.036097873248453,0.087821818546098,0.036664774434835,0.081618006850432,0.039438916979285,0.080461982675650,0.041931344241258,0.079029484811819,0.043590396739476,0.076469846871258,0.045245447098116,0.072085026570803,0.049390434510785,0.068993091095189,0.051305015353122,0.494187715269805,0.493882921971691,0.496844425151100,0.498450497471864,0.498460057747834,0.500318410494810,0.499464364484214,0.499906220693967,0.501023541453429,0.250733319562074,0.250839060252517,0.235854448466374,0.234385394338088,0.227193492155723,0.235402050728548,0.235402756073306,0.244409393620750,0.258698132040496,0.126399253731343,0.105839675652607,0.124486592980933,0.121056923829717,0.122393326916908,0.122619881551295,0.121715293969374,0.121475461081588,0.120298106448311,0.382838415036223,100.000000000000000,38.283841503622291,0.325563107894251,0.000000000000000,0.000000000000000,0.378308437835281,0.000000000000000,0.000000000000000,0.377357572394366,47.500000000000000,17.924484688732381,0.373450067665342,140.000000000000000,52.283009473147928,0.394113159284491,12.500000000000000,4.926414491056144,0.386429531813052,0.000000000000000,0.000000000000000,0.397979998155550,10.000000000000000,3.979799981555503,0.416707948743418,70.000000000000000,29.169556412039238,31264.000000000000000,50.10,"15",0.000
240.000000000000000,KRAMAT JATI,BALE KAMBANG,JAKARTA TIMUR,"239",240.000000000000000,KRAMAT JATI,BALE KAMBANG,JAKARTA TIMUR,240.000000000000000,144.241061405000011,224.300653484999998,216.336931627000013,169.069424728000001,144.241061405000011,221.479540017000005,213.956336499000003,196.054403936999989,128.992078423999999,185.044633481000005,0.727464417501000,0.709014232999000,0.696889826041000,0.733263046916000,0.729573010016000,0.735898787559000,0.774380600949000,0.779124934106000,0.814971006853000,0.797047970480000,90.951608848700005,532206.960012000054121,18790.185240999999223,19016.694782800004759,19073.173539899999014,20451.849727199998597,21262.171263699998235,21871.547327500000392,22174.154563100000814,22559.399138000000676,22852.494161899998289,22562.371704199998931,0.142327284791000,0.157227644961000,0.156466854733000,0.149248875909000,0.142578462552000,0.148479923209000,0.151148775664000,0.148804606967000,0.141098745336000,0.148366382264000,384.921754539999995,-0.020731059893000,0.008796813766610,80.034606288199996,1696469.727010000031441,17.198987722999998,18.093941131499999,21.165612313400000,23.812272814699998,18.808814381299999,20.269801418299998,18.617522083400001,23.617313352400000,25.337217280000001,-0.156187543299000,-0.174604683965000,-0.167181518508000,-0.159429137919000,-0.149637075890000,-0.162389721421000,-0.164547986100000,-0.162432325486000,-0.154944883977000,-0.160732999181000,0.000000000000000,39.080286360999999,40.774552833599998,40.830377019700002,41.399135656799999,40.337125176400001,40.320270678900002,40.612832038299999,41.007509597199999,39.218840856200003,0.007268304673920,0.000023000662897,0.009285850220170,0.010276544648700,0.012018603727300,0.012010228907400,0.008015833578960,0.016327486600500,0.010082174774100,0.000000000000000,17494.178489099998842,0.002362272219790,3171.826862819999860,0.986312487655000,383.370309186999975,3.799685847180000,0.313912527324000,0.004698437796020,0.000000000000000,0.000000000000000,0.000000000000000,2.000000000000000,1.000000000000000,3.000000000000000,4.000000000000000,1.000000000000000,0.000000000000000,0.000000000000000,0.000000000000000,0.000000000000000,31.250000000000000,15.000000000000000,53.333333333299997,41.250000000000000,15.000000000000000,0.000000000000000,0.086222527901960,0.033232250601807,0.066579390312325,0.036562558443987,0.083398738408767,0.036423359786053,0.081646348283190,0.039648808858069,0.082823670118785,0.039577047487020,0.083194809373157,0.040189822510590,0.081774100036895,0.042692246877141,0.076927079268451,0.046853456125289,0.072883454981423,0.048799768122052,0.491856066527027,0.491864596970264,0.494840266271329,0.494379823285986,0.495419826578597,0.496594991688562,0.498234332999526,0.499700824683264,0.498010592606255,0.232354934198794,0.229185536124852,0.213014240506329,0.204980357369155,0.201980320182609,0.214769585953401,0.226714370900417,0.238123132798313,0.250310595752233,0.119454778503767,0.103141948756312,0.119822098194820,0.121295157141259,0.122400717605805,0.123384631883747,0.124466346914036,0.123780535393740,0.121683223103475,0.330419105005354,0.000000000000000,0.000000000000000,0.283084611975173,0.000000000000000,0.000000000000000,0.329356259735298,0.000000000000000,0.000000000000000,0.322046278430919,62.500000000000000,20.127892401932456,0.328254888685053,15.000000000000000,4.923823330275792,0.351594522272081,159.999999999900012,56.255123563497854,0.377157709863244,165.000000000000000,62.231022127435310,0.396322698660817,15.000000000000000,5.944840479912252,0.393121862878015,0.000000000000000,0.000000000000000,37951.000000000000000,49.80,"348",0.009
241.000000000000000,KRAMAT JATI,CILILITAN,JAKARTA TIMUR,"240",241.000000000000000,KRAMAT JATI,CILILITAN,JAKARTA TIMUR,241.000000000000000,139.845234908000009,215.893566955000011,209.109021524000013,163.624635783000002,139.845234908000009,216.071504640999990,208.967090344000013,189.113919097000007,125.167127195000006,179.634775096999988,0.861878453039000,0.798593671522000,0.810647915620000,0.832747363134000,0.840783525866000,0.818181818182000,0.861878453039000,0.868910095429000,0.924660974385000,0.908086388749000,74.384989069699998,545522.501601999974810,26852.291959400001360,26380.077988100001676,26476.217359499998565,27536.012547800000902,28198.243159099998593,28431.805279100000917,28534.165433300000586,28870.087707499998942,29026.172804599998926,28408.053199099998892,0.116530468812000,0.130593544744000,0.124429739686000,0.123747744329000,0.116616304177000,0.125675444275000,0.129708329739000,0.129456438459000,0.119522536797000,0.125426889957000,801.878212326000039,-0.025277872972200,0.003282942510090,112.708418664000007,2360016.898899999912828,25.209321782000000,22.329528959499999,29.823190470000000,29.433022814099999,21.913841967100002,24.025175561899999,21.527490716100001,26.969471825799999,31.158358972599999,-0.131026496874000,-0.149208165119000,-0.133456707274000,-0.135113501948000,-0.127698109353000,-0.140750464720000,-0.143146344188000,-0.143799105523000,-0.133828916378000,-0.138508244118000,0.000000000000000,39.750769127900000,40.518206192800001,41.173098441000000,41.810776272900000,40.735298585099997,40.557405521500002,39.783913784200003,40.997582696999999,38.980159632899998,0.026252124540600,0.016401547553400,0.026979453708200,0.027646540953000,0.027555255969300,0.027178100640800,0.023375970891200,0.029485565518100,0.025162585009100,15758.270773800000825,15539.434324899999410,0.020911865418200,2827.129528779999873,0.988783028757000,214.405266364999989,2.358154119020000,0.291829218640000,0.004553615906520,3.000000000000000,1.000000000000000,1.000000000000000,6.000000000000000,2.000000000000000,3.000000000000000,3.000000000000000,0.000000000000000,1.000000000000000,25.000000000000000,20.000000000000000,170.000000000000000,75.714285714300004,35.000000000000000,36.666666666700003,53.333333333299997,0.000000000000000,150.000000000000000,0.081205650952901,0.045469162003987,0.063417134801461,0.047440032466839,0.078084245548459,0.047626871495759,0.073202037623842,0.049877662348081,0.073853804077573,0.049467926404774,0.075590613603932,0.049785952116696,0.075063663075416,0.053496571988247,0.072438919845692,0.058683708062191,0.068839209284733,0.059622160730994,0.492743370420391,0.494884336886174,0.497258220204966,0.496751032850668,0.496111387369468,0.495065007134929,0.496434867776689,0.496454038888672,0.495212310632453,0.216783216783217,0.216839759093280,0.204988452655889,0.202502920823223,0.199710080285459,0.209086869584537,0.214415878103937,0.220305386743340,0.228990898824155,0.126674812956888,0.110857167268300,0.125711117044218,0.123079699971923,0.123321730482347,0.125376565720628,0.128560235063663,0.131122627907883,0.128461370015727,0.338960115126409,75.000000000000000,25.422008634480676,0.309448386896393,20.000000000000000,6.188967737927854,0.351645330588982,170.000000000000000,59.779706200127009,0.338809092378699,454.285714285800054,153.916130537780703,0.332595239946533,70.000000000000000,23.281666796257333,0.341597601893122,110.000000000100016,37.575736208277618,0.364214632698678,159.999999999900012,58.274341231752032,0.377454466076312,0.000000000000000,0.000000000000000,0.371795158555339,150.000000000000000,55.769273783300882,50233.000000000000000,49.52,"150",0.003
242.000000000000000,KRAMAT JATI,CAWANG,JAKARTA TIMUR,"241",242.000000000000000,KRAMAT JATI,CAWANG,JAKARTA TIMUR,242.000000000000000,137.214880138000012,211.395863832000003,205.127331077000008,160.703125390999986,137.214880138000012,212.845614807999993,206.073382129999999,185.273107409000005,123.211710362999995,176.542831992999993,0.771575984991000,0.678705440901000,0.719043151970000,0.770637898687000,0.771106941839000,0.720450281426000,0.804409005629000,0.827392120075000,0.908067542214000,0.871013133208000,91.710874869300000,541326.528255000011995,20895.119502300000022,20395.150283099999797,20543.661224499999662,21180.514193999999407,21534.086506500003452,21527.744402200001787,21574.253166800004692,21602.264127300000837,21491.805811399997765,20371.367392100000870,0.124503733164000,0.141877774498000,0.128218907688000,0.126598529511000,0.123267042119000,0.133358947059000,0.139579569367000,0.137094089136000,0.125172052698000,0.133833537838000,609.081586709000021,-0.027694679924100,-0.015547782802200,107.080752476000001,1150473.294389999937266,31.533260829500001,26.349400712100000,39.310179089700000,37.255454419899998,25.092407753200000,25.513347881800001,22.253781443499999,29.798523246900000,36.551672034299997,-0.132754557534000,-0.154474775445000,-0.134271048883000,-0.134206496200000,-0.129609248023000,-0.143385631668000,-0.150693786925000,-0.147279349407000,-0.135866132762000,-0.143037300981000,0.000000000000000,39.887481998900000,40.587062960600001,41.169840763800003,41.754655400099999,40.820215513000001,40.751909849500002,39.350552917199998,40.920048304700003,39.128651866900000,0.015473248811800,0.004715722145440,0.015272287626100,0.014942981086800,0.009252969278050,0.012109951443700,0.008415347319700,0.017661094326900,0.009752529289290,0.000000000000000,14318.339171100000385,0.005055648760440,2543.052954060000047,0.984106342876000,205.991972196000006,2.306277319670000,0.279381405324000,0.002970748791100,7.000000000000000,4.000000000000000,3.000000000000000,13.000000000000000,7.000000000000000,2.000000000000000,2.000000000000000,2.000000000000000,3.000000000000000,24.357142857100001,32.500000000000000,126.666666667000001,38.833333333299997,26.428571428600002,65.000000000000000,70.000000000000000,27.500000000000000,76.666666666699996,0.081912412542109,0.043197719616481,0.061742687350467,0.044994983406653,0.074982533186945,0.046511627906977,0.071100748558105,0.049674806724751,0.071342646011833,0.049885841946333,0.072046250704294,0.050929668552951,0.070998678866761,0.053921808484611,0.067281445960900,0.058625353498094,0.063406408094435,0.060993643792969,0.490593417983934,0.492629466697538,0.494011378381076,0.495201865259541,0.495274102079395,0.496386663727003,0.496452512599697,0.496717078568794,0.496069529121806,0.225716385011021,0.237602833638026,0.223690842901148,0.210863845647884,0.205984709396322,0.216491189787791,0.224488128947942,0.229474201206036,0.233757304915779,0.125110132158590,0.106737670757120,0.121494161093922,0.120775555282856,0.121228487958166,0.122975919257245,0.124920487351372,0.125906799458994,0.124400051887404,0.330948400927273,170.499999999700009,56.426702358000725,0.306353831344430,130.000000000000000,39.825998074775917,0.340028928970748,380.000000000999989,129.210993009224353,0.331885283927652,504.833333332899940,167.546754169332644,0.328412768616476,185.000000000200004,60.756362194113706,0.351025533977503,130.000000000000000,45.633319417075363,0.365103205268661,140.000000000000000,51.114448737612584,0.374641817088819,55.000000000000000,20.605299939885047,0.371109988109124,230.000000000099988,85.355297265135562,38545.000000000000000,49.61,"200",0.005
243.000000000000000,PASAR REBO,GEDONG,JAKARTA TIMUR,"242",243.000000000000000,PASAR REBO,GEDONG,JAKARTA TIMUR,243.000000000000000,149.363337494999996,232.213338875999995,222.822278119999993,174.002085071000010,149.363337494999996,227.012096946000014,219.084841960999995,201.991076372999999,133.247043923999996,190.781635123999990,0.710821570756000,0.643141512848000,0.651465798046000,0.702859211003000,0.726022439377000,0.672819399204000,0.746652189649000,0.772710821571000,0.841476655809000,0.810351067680000,102.911388927000004,794140.665105000021867,16327.170425599999362,16530.404761099998723,16633.854703500001051,17633.327768300001480,18038.574589700001525,18221.444763300001796,18407.165919600000052,18546.049503599999298,18494.731815700000880,17957.117942199998652,0.144793260469000,0.161174683096000,0.152879083870000,0.148944046428000,0.136664089287000,0.154241658966000,0.155476471610000,0.150421395007000,0.142048912203000,0.149209064917000,679.790037881999979,-0.026042063851000,-0.029448903494800,37.639932131300000,2041088.869350000051782,18.663875316100000,19.590769120099999,21.555274438100000,25.838627567300001,20.193549677600000,19.843722563099998,19.891565309600001,24.204712703700000,27.309378867700001,-0.154184043924000,-0.171502795612000,-0.158562406224000,-0.153355079804000,-0.143816275682000,-0.164555526292000,-0.163487001997000,-0.156421775254000,-0.151913526874000,-0.157902729962000,0.000000000000000,39.414090432499997,40.759451517499997,40.201638475300001,41.608747948800001,40.132663504400000,40.429340983600000,40.313121978900000,41.292296034400003,39.299957420900000,0.006155074888180,-0.003192479844900,0.007814304110410,0.009470645827580,0.004980264559350,0.006919666311800,0.001551113950580,0.012194159316400,0.004571267770120,0.000000000000000,19755.045501199998398,-0.003017200398010,3319.024222040000041,0.987304818110000,271.152649359000009,2.834639713280000,0.316858119313000,0.002894966733850,2.000000000000000,1.000000000000000,2.000000000000000,1.000000000000000,8.000000000000000,2.000000000000000,0.000000000000000,0.000000000000000,1.000000000000000,40.000000000000000,35.000000000000000,95.000000000000000,10.000000000000000,25.625000000000000,35.000000000000000,0.000000000000000,0.000000000000000,40.000000000000000,0.080469115726711,0.041072264518195,0.063073871844470,0.044465120834456,0.078577202910267,0.047049312853678,0.076360352223978,0.049966132309776,0.077091575582825,0.049241154250207,0.077442194933068,0.049253235977431,0.076884223471539,0.051387912860155,0.072384937238494,0.053005945826910,0.068541619414833,0.055250623724200,0.495774509079262,0.496976077960873,0.498117565538746,0.498487243170016,0.499765305438208,0.500674853412988,0.501405481377372,0.500990971151729,0.500544341120435,0.222885683194286,0.221766415822217,0.212566914401538,0.209564137021730,0.206094405506569,0.217057155648411,0.225778546712803,0.232711225068415,0.243187218767380,0.121541380244906,0.107538992678926,0.125626515763945,0.126326484533754,0.126332729833032,0.126695430910499,0.128272136331694,0.125390883065404,0.123792243139033,0.350129725130898,80.000000000000000,28.010378010471818,0.318515627710149,35.000000000000000,11.148046969855226,0.364673112620963,190.000000000000000,69.287891397982946,0.365669474393946,10.000000000000000,3.656694743939459,0.369876059412800,205.000000000000000,75.824592179624076,0.387984261002860,70.000000000000000,27.158898270200226,0.405911754665678,0.000000000000000,0.000000000000000,0.402889349000912,0.000000000000000,0.000000000000000,0.406865145681428,40.000000000000000,16.274605827257126,44090.000000000000000,50.05,"179",0.004
244.000000000000000,PASAR REBO,BARU,JAKARTA TIMUR,"243",244.000000000000000,PASAR REBO,BARU,JAKARTA TIMUR,244.000000000000000,155.643929538999998,243.803972181000006,232.675663557000007,181.466455528000012,155.643929538999998,234.470712843999991,225.904239415000006,211.118771470000013,138.968276077000013,198.346923465999993,0.625459558824000,0.550091911765000,0.545496323529000,0.608455882353000,0.652113970588000,0.578584558824000,0.640625000000000,0.667738970588000,0.749540441176000,0.721047794118000,132.632173520000009,610363.628838999895379,14169.807175700001608,14009.775362200000018,14061.565593100000115,14933.195179199999984,15323.175617900002180,15657.222607300000163,15786.698184499999115,15913.066347899999528,15973.143015800000285,15587.823697899999388,0.181955541816000,0.200175088704000,0.193134986367000,0.186685676686000,0.170500469740000,0.188931167273000,0.193776407072000,0.186752438545000,0.175628587446000,0.182552359146000,623.159554333999949,-0.026470077671800,-0.006427946226910,35.881292015600003,1765314.147469999967143,13.375402611100000,14.283551599600001,15.683466061400001,18.655470299600001,14.275655647100001,14.252739306000000,15.697297203500000,18.241802499300000,17.623072857400000,-0.185385167883000,-0.206295185575000,-0.189448368866000,-0.188847329183000,-0.172179876299000,-0.192108029109000,-0.197078193873000,-0.187253469985000,-0.178857726155000,-0.188276792832000,0.000000000000000,39.343912760400002,39.976745222399998,39.995002209200003,41.050420457000001,39.849816271300000,39.877216929699998,39.081494049800000,40.641256781999999,38.897971115600001,-0.014292109338200,-0.026997614499200,-0.014823092403200,-0.005229008176300,-0.017435873169000,-0.016600294365700,-0.019170555831900,-0.008497020667880,-0.014002614496500,0.000000000000000,22180.093349200000375,-0.024808430839000,2320.465937569999824,0.987635032272000,236.603147097000004,2.261910098220000,0.306707161219000,0.002237333235810,1.000000000000000,1.000000000000000,0.000000000000000,0.000000000000000,1.000000000000000,0.000000000000000,0.000000000000000,0.000000000000000,0.000000000000000,25.000000000000000,40.000000000000000,0.000000000000000,0.000000000000000,15.000000000000000,0.000000000000000,0.000000000000000,0.000000000000000,0.000000000000000,0.089460648404865,0.025248604487819,0.067400832381864,0.027733785127620,0.085177221335923,0.028265242422140,0.082029269611654,0.029607597931524,0.083256152421275,0.030629796242392,0.084016796798110,0.030805065284430,0.083056694655992,0.033522098548460,0.079728941054406,0.036800466895791,0.075818991295103,0.040401355571799,0.483198403016524,0.484328385694818,0.486682388846501,0.487139622131341,0.487893622651495,0.489666032412571,0.490203736249430,0.491569937098761,0.491793474649478,0.227166772621318,0.230889814776618,0.220607974733518,0.201958384332925,0.196896435398628,0.204535299374441,0.213763567894853,0.222165269285688,0.236201935652629,0.114709252892684,0.095134617509484,0.113442463758063,0.111636867543178,0.113885948663667,0.114821862082540,0.116578793204452,0.116529407950197,0.116220346866902,0.259003694628144,25.000000000000000,6.475092365703594,0.217003890138174,40.000000000000000,8.680155605526943,0.270058226067021,0.000000000000000,0.000000000000000,0.248346456754368,0.000000000000000,0.000000000000000,0.253715809926114,15.000000000000000,3.805737148891705,0.275166841592043,0.000000000000000,0.000000000000000,0.292930770212483,0.000000000000000,0.000000000000000,0.310031569587797,0.000000000000000,0.000000000000000,0.325352989271034,0.000000000000000,0.000000000000000,30098.000000000000000,49.18,"107",0.004
245.000000000000000,KRAMAT JATI,BATU AMPAR,JAKARTA TIMUR,"244",245.000000000000000,KRAMAT JATI,BATU AMPAR,JAKARTA TIMUR,245.000000000000000,143.758834204999999,222.697886089999997,214.921550865999990,167.979839932999994,143.758834204999999,220.685659985999990,213.195271988999991,194.634300483999994,128.388357312000011,184.248006693999997,0.924561403509000,0.893684210526000,0.891929824561000,0.926666666667000,0.938245614035000,0.924210526316000,0.948070175439000,0.956842105263000,0.983508771930000,0.975789473684000,68.748374821599995,934457.743401000159793,20810.955622099998436,21105.866860499998438,21207.587581700001465,22714.079348800001753,23346.876858899999206,23798.706109099999594,24097.560011000001396,24361.324206799999956,24592.364294599999994,24267.883079200000793,0.115920619010000,0.126309428265000,0.124890609465000,0.118801619854000,0.110380339587000,0.117085236655000,0.116777814572000,0.116837039340000,0.109718818321000,0.112701606305000,1063.271280270000034,-0.023028063655300,0.006580501438230,59.728863843100001,117877.482995999991545,17.736376613400001,16.694108243300001,20.929900710399998,23.142930075199999,18.129229452499999,19.511963961799999,18.478281939199999,23.331236401599998,25.874196014999999,-0.136318171390000,-0.150521222529000,-0.142014327386000,-0.134313071281000,-0.124375750642000,-0.139005880272000,-0.137259406190000,-0.136907592614000,-0.130063214120000,-0.132479378395000,0.000000000000000,39.538556694400000,40.846692752499997,40.807776168399997,41.608737496000003,40.605912060599998,40.822665011799998,40.466459154399999,41.175958416100002,39.237424719800003,0.036901581611100,0.030486680014000,0.039822624540400,0.040732049260300,0.044895875574800,0.044712994902200,0.038819287141100,0.045207631991000,0.042407383108900,0.000000000000000,17307.333007099998213,0.034890509741500,3259.286194750000050,0.986537481642000,443.361213270000007,2.138990890410000,0.366444390950000,0.004942126087030,0.000000000000000,0.000000000000000,0.000000000000000,0.000000000000000,1.000000000000000,0.000000000000000,0.000000000000000,0.000000000000000,1.000000000000000,0.000000000000000,0.000000000000000,0.000000000000000,0.000000000000000,15.000000000000000,0.000000000000000,0.000000000000000,0.000000000000000,15.000000000000000,0.087910035119181,0.037491593813046,0.068600111544897,0.040658114891244,0.083265348631338,0.041728142195067,0.079100243177519,0.044835855174277,0.078956959676618,0.045210562936947,0.079139397905759,0.045680628272251,0.077554257230251,0.047775494019971,0.071470941883767,0.052809619238477,0.067357681310112,0.053288276579152,0.497310020174849,0.497731920431307,0.500095467879398,0.500422183193731,0.501656671415791,0.502274214659686,0.502257683406432,0.502380761523046,0.502177021055368,0.215645226753252,0.220103950103950,0.211045675680999,0.209058102457373,0.204476550510911,0.213912626197375,0.221362229102167,0.229851442514712,0.241137190321939,0.125401628932227,0.109258226436141,0.124993490826405,0.123936098351796,0.124167522613565,0.124820026178010,0.125329751250222,0.124280561122244,0.120645957889264,0.362351707855544,0.000000000000000,0.000000000000000,0.326046039574136,0.000000000000000,0.000000000000000,0.373501050270963,0.000000000000000,0.000000000000000,0.370557668657562,0.000000000000000,0.000000000000000,0.373933840355818,15.000000000000000,5.609007605337276,0.389424429062724,0.000000000000000,0.000000000000000,0.398545576512221,0.000000000000000,0.000000000000000,0.405409084757354,0.000000000000000,0.000000000000000,0.406230887564984,15.000000000000000,6.093463313474764,61552.000000000000000,50.22,"100",0.002
246.000000000000000,PASAR REBO,CIJANTUNG,JAKARTA TIMUR,"245",246.000000000000000,PASAR REBO,CIJANTUNG,JAKARTA TIMUR,246.000000000000000,154.926891428999994,241.721850273000001,230.736049759999986,180.010813756999994,154.926891428999994,233.287022906999994,224.933504026999998,209.326809005000001,138.180995134000000,197.283223592000013,0.661565217391000,0.629913043478000,0.646260869565000,0.688000000000000,0.699826086957000,0.660869565217000,0.727652173913000,0.769043478261000,0.819826086957000,0.793391304348000,67.151951575900000,972430.746231000055559,17829.480440899998939,18033.721247599998605,18166.497297800000524,19360.310196599999472,19856.658313899999484,20197.970866600000591,20315.516722800002754,20544.750668399999995,20604.890408800001751,20126.896627900001477,0.163644824536000,0.179416052318000,0.170467078170000,0.157874566482000,0.148383320161000,0.167364132451000,0.168517198429000,0.159559193837000,0.152188214483000,0.157944853863000,1054.463492970000061,-0.027986283394000,-0.012546421381700,38.230551289899999,1936001.477960000047460,15.303356727900001,16.318692348199999,17.619882889599999,20.577839229300000,15.566814137800000,14.065543007600001,16.050911532099999,19.668515642500001,21.343566232099999,-0.170482580343000,-0.190030394694000,-0.173810352623000,-0.166622785732000,-0.157630188683000,-0.177724621172000,-0.178801714337000,-0.166049519858000,-0.162432562134000,-0.168897160542000,0.000000000000000,39.471622414599999,40.257461315100002,40.003405583099998,41.303111758299998,40.132281869700002,40.256490280999998,39.303500815699998,40.801207760300002,38.786372176699999,-0.001251499444500,-0.006521326065860,0.006975604177030,0.010303545543400,0.001669043647750,0.006230653612490,0.003267568886340,0.010649335147100,0.005574576850400,8689.499689930000386,21934.674863799999002,-0.009334507732230,2604.628147089999857,0.987791601844000,298.473137459999975,2.313672472640000,0.369226639184000,0.003640402276840,2.000000000000000,2.000000000000000,1.000000000000000,0.000000000000000,1.000000000000000,1.000000000000000,0.000000000000000,1.000000000000000,0.000000000000000,31.250000000000000,50.000000000000000,40.000000000000000,0.000000000000000,50.000000000000000,45.000000000000000,0.000000000000000,50.000000000000000,0.000000000000000,0.086013122848048,0.033889863357803,0.066402975128442,0.036608697521443,0.080200096821042,0.039252864289172,0.076209019214506,0.042618050229119,0.077028673072833,0.042110554706985,0.076775210487871,0.043462381300219,0.076089642456614,0.047520386245699,0.073289994882778,0.050982696207570,0.068647043986108,0.054114359999224,0.495506615561186,0.496485307078828,0.497357592383411,0.498987157551085,0.499448966570639,0.500499788550998,0.500921895493167,0.501828933153915,0.501329090591591,0.230018002910059,0.232675638139936,0.216548614116200,0.204153015142123,0.199064098378496,0.208993909024148,0.219516359678142,0.228126324713862,0.241666666666667,0.119902986205851,0.103011672649885,0.119452961110214,0.118827069443625,0.119139227779818,0.120237591788090,0.123610028702313,0.124272691090348,0.122761403985332,0.351573488627472,62.500000000000000,21.973343039216974,0.314768634259924,100.000000000000000,31.476863425992391,0.347532282009523,40.000000000000000,13.901291280380914,0.342788223587003,0.000000000000000,0.000000000000000,0.341105655639020,50.000000000000000,17.055282781950996,0.360979474507839,45.000000000000000,16.244076352852744,0.383759274174184,0.000000000000000,0.000000000000000,0.400183990179928,50.000000000000000,20.009199508996399,0.407296562147504,0.000000000000000,0.000000000000000,51539.000000000000000,50.13,"0",0.000
247.000000000000000,PASAR REBO,KALISARI,JAKARTA TIMUR,"246",247.000000000000000,PASAR REBO,KALISARI,JAKARTA TIMUR,247.000000000000000,158.821654926999997,248.736175808000013,236.664763754999996,184.488880448000003,158.821654926999997,237.834370312999994,229.114686404999986,214.827551024000002,141.700920751000012,201.921526800999999,0.763139453399000,0.706727400140000,0.728451296426000,0.783461807989000,0.807988787666000,0.786965662228000,0.822354590049000,0.834267694464000,0.878416257884000,0.868605466013000,129.420116559000007,1038697.949069999973290,18291.320151700001588,18653.792218600003253,18803.483385700001236,20091.924635499999567,20635.436805099998310,21115.859241900005145,21486.952266100000998,21836.101035399999091,22103.350710700000491,21792.604387399998814,0.157455276479000,0.170447512205000,0.162265192848000,0.152461093060000,0.140588661131000,0.152946013375000,0.154589880101000,0.153609025344000,0.139417397638000,0.143914430971000,1444.514864839999973,-0.027661535357300,0.001192926723050,37.070155658899999,474072.245356999977957,13.208787573300000,14.221084192099999,15.620684390799999,18.931407914899999,15.036174974600000,14.832707927700000,16.800822814099998,19.142227085599998,18.932314337600001,-0.169596942816000,-0.186098453010000,-0.169332708735000,-0.165157437346000,-0.151883830892000,-0.169561393949000,-0.170147818201000,-0.165633475259000,-0.153884414845000,-0.160313534020000,0.000000000000000,40.088861144299997,40.094860213499999,40.667796941200002,41.440280069200000,40.400552103899997,40.163777340199999,38.647815216200001,41.328341626399997,39.074366342700003,0.006953732740600,0.000308908829283,0.014271966367400,0.020559339220000,0.018296345193100,0.020176437965100,0.015194279788800,0.023021069196400,0.018878894039600,0.000000000000000,23427.766500999998243,-0.000573345876175,2628.213212329999806,0.991427713717000,307.383806228000026,2.662382972720000,0.389048385193000,0.003759826183430,0.000000000000000,1.000000000000000,0.000000000000000,2.000000000000000,3.000000000000000,0.000000000000000,2.000000000000000,0.000000000000000,0.000000000000000,0.000000000000000,40.000000000000000,0.000000000000000,32.500000000000000,31.666666666699999,0.000000000000000,32.500000000000000,0.000000000000000,0.000000000000000,0.084826586559671,0.031069470411529,0.066041471293112,0.034177347087632,0.080393189397929,0.035457258206073,0.076110900113938,0.038872009115078,0.077200014846157,0.038822699773596,0.077836339430635,0.040523042693269,0.078386332639437,0.043302706194817,0.074531078254086,0.048629578413644,0.070990595724021,0.051786452807797,0.494716719534483,0.495717411691153,0.495855518499015,0.495404481579947,0.496770960917493,0.497711232287126,0.497272270475917,0.498900826153246,0.498498552496718,0.212522677360833,0.210627727737023,0.198373697084554,0.193603520840900,0.188592552369416,0.200028701463775,0.208558094429965,0.216424294268606,0.226034694164707,0.115896056971200,0.100218818380744,0.115850447604002,0.114982909229016,0.116022714619753,0.118359382123904,0.121689038834254,0.123160656667730,0.122777048531818,0.317478959162213,0.000000000000000,0.000000000000000,0.279292473212844,40.000000000000000,11.171698928513766,0.309442968613402,0.000000000000000,0.000000000000000,0.299307989401699,65.000000000000000,19.455019311110441,0.305224816254676,95.000000000100002,28.996357544224782,0.329350389364824,0.000000000000000,0.000000000000000,0.344630641860068,65.000000000000000,22.400991720904436,0.366884735466453,0.000000000000000,0.000000000000000,0.373501982502791,0.000000000000000,0.000000000000000,55613.000000000000000,49.85,"204",0.004
248.000000000000000,PASAR REBO,PEKAYON,JAKARTA TIMUR,"247",248.000000000000000,PASAR REBO,PEKAYON,JAKARTA TIMUR,248.000000000000000,161.441605659999993,252.443908544999999,239.560620486999994,186.644424410999989,161.441605659999993,240.434242899999987,231.713403215999989,217.571547307000003,143.948296088000006,204.817104540999992,0.719251336898000,0.625965537730000,0.621509209745000,0.703505644682000,0.769162210339000,0.686571598336000,0.739156268568000,0.772727272727000,0.839572192513000,0.830659536542000,82.321501014199995,1093968.697339999955148,16054.625360699999874,16195.311430699999619,16371.503985100000136,17561.976111200001469,17962.596443999998883,18254.017589099999896,18533.379928199999995,18834.850078300001769,18967.161977600000682,18438.919281200000114,0.154669214462000,0.171869506176000,0.168750409219000,0.154322269246000,0.139045035275000,0.161432320718000,0.164645823322000,0.160642969045000,0.151523492013000,0.155788875578000,1660.383202830000073,-0.026678710613900,0.006004024327890,42.608761423600001,329185.837437000009231,13.949007147200000,15.133341760900000,15.717452892600001,20.525798321300002,16.392947195800001,16.025175700999998,18.395507787300001,20.273259280400001,20.839007807500000,-0.163100956563000,-0.180570192757000,-0.168505064891000,-0.162476596107000,-0.150903710209000,-0.173079352803000,-0.173377664460000,-0.166306517926000,-0.159715737857000,-0.164580285131000,0.000000000000000,39.565078339899998,40.039029198199998,40.740644239500000,41.312853444100000,40.349928093599999,40.719250283599997,38.683013216799999,41.484123518799997,38.162024581700003,0.009232159243060,-0.010240828711000,0.011496062445700,0.018985527567300,0.008450425932840,0.008387243859060,0.001876146761440,0.011010074794200,0.008818409005050,0.000000000000000,24582.903776700000890,-0.005651983103620,2468.586819300000116,0.984104585980000,372.273696205000022,2.972048352500000,0.344484407630000,0.002883394942260,2.000000000000000,1.000000000000000,0.000000000000000,1.000000000000000,0.000000000000000,0.000000000000000,0.000000000000000,0.000000000000000,0.000000000000000,12.500000000000000,60.000000000000000,0.000000000000000,20.000000000000000,0.000000000000000,0.000000000000000,0.000000000000000,0.000000000000000,0.000000000000000,0.088874640633726,0.027156714720056,0.069667519181586,0.029421994884910,0.083484331190753,0.032157775277041,0.080279720279720,0.034797202797203,0.080466097807138,0.036792366272135,0.080030363823673,0.038063221818576,0.080261075245870,0.040423980508279,0.075215456343600,0.046234812093812,0.072211019674097,0.049048994495613,0.492998821071790,0.493831202046036,0.493352915371264,0.492512820512821,0.493715019726580,0.495797863688120,0.496754343843924,0.495973438824527,0.496339491707087,0.237519269536345,0.242004631009422,0.231779183638097,0.221616942209835,0.216340262922888,0.228114598435809,0.238936097551176,0.248971806640043,0.261225734322594,0.116031355353782,0.099089514066496,0.115642106467794,0.115076923076923,0.117258464079273,0.118093585642249,0.120685055754149,0.121450268437412,0.121260014169710,0.333628019917785,25.000000000000000,8.340700497944626,0.297713773863063,60.000000000000000,17.862826431783809,0.328704534202027,0.000000000000000,0.000000000000000,0.311318980745129,20.000000000000000,6.226379614902588,0.319030642170161,0.000000000000000,0.000000000000000,0.346470465514268,0.000000000000000,0.000000000000000,0.370736177325450,0.000000000000000,0.000000000000000,0.378579607598138,0.000000000000000,0.000000000000000,0.393218878918149,0.000000000000000,0.000000000000000,55047.000000000000000,49.63,"190",0.003
249.000000000000000,CAKUNG,JATINEGARA,JAKARTA TIMUR,"248",249.000000000000000,CAKUNG,JATINEGARA,JAKARTA TIMUR,249.000000000000000,128.655649974999989,194.111172019999998,189.529417744999989,149.854995134999996,128.655649974999989,200.596179029000012,195.524755440999996,169.823120568000007,117.561775905999994,166.150110731000012,0.810526315789000,0.695830485304000,0.735611756664000,0.779220779221000,0.803007518797000,0.714012303486000,0.798496240602000,0.843198906357000,0.901161995899000,0.877238550923000,77.851610012199998,2516627.607400000095367,15084.236171700000341,14928.957043599999452,14923.878538900000422,16001.906578800000716,16220.436174300000857,16530.686642299999221,16613.173869900001591,16605.017483600000560,16617.329010099998413,15954.507201700000223,0.112186900712000,0.135455001234000,0.114843813346000,0.116554082844000,0.107893896526000,0.119943460019000,0.123328819449000,0.121063841541000,0.119016826096000,0.124564643748000,852.223940558999971,-0.025296395335800,-0.047968570220500,42.717392928999999,502359.156994000019040,20.565509669899999,16.961736163400001,23.772191826899999,27.961979858500001,23.549227469600002,22.301759093200001,19.079890075300000,26.661929319900000,25.931392192200001,-0.118751704225000,-0.142934256353000,-0.121400970009000,-0.122660713177000,-0.116381994572000,-0.127702068510000,-0.132602889169000,-0.128245997877000,-0.126557738355000,-0.131370657338000,0.000000000000000,40.110851658900003,42.436734424599997,42.119215744900004,42.897946125499999,42.492901855699998,41.895310398299998,41.659450068900000,42.224712089699999,40.190508616300001,0.021833408704600,0.012050179611300,0.023141950683400,0.022283283667100,0.013623951089400,0.016635035476000,0.014306881747100,0.018872889195100,0.014942262892800,0.000000000000000,10554.256746299999577,0.007388426297970,3026.665659450000021,0.975955862562000,758.327615216000027,3.205718650040000,0.380442463024000,0.002351650597800,1.000000000000000,2.000000000000000,1.000000000000000,0.000000000000000,7.000000000000000,0.000000000000000,0.000000000000000,1.000000000000000,1.000000000000000,15.000000000000000,21.000000000000000,25.000000000000000,0.000000000000000,25.000000000000000,0.000000000000000,0.000000000000000,15.000000000000000,45.000000000000000,0.091270823024905,0.019802490516246,0.068708430007734,0.021799432843516,0.083852663973841,0.023360261588767,0.079250474383302,0.025948766603415,0.078926789305131,0.025657257764206,0.077960575070402,0.027262116496221,0.076052604750739,0.029379326963178,0.072041785902814,0.033793608016374,0.067896828458986,0.036972374411606,0.485021853867722,0.485094096416602,0.486305058665128,0.486299810246679,0.487329634318910,0.488735734400474,0.489346518503415,0.490187906907825,0.489379967590092,0.258204106795656,0.267691418665126,0.271028037383177,0.237194624533081,0.235827497235533,0.243666185485052,0.252068746021642,0.261417502515325,0.272064037820995,0.111073313541151,0.090507862851250,0.107212925562608,0.105199240986717,0.104584047069337,0.105222691566623,0.105431931713917,0.105835393919188,0.104869202870592,0.293067069295340,15.000000000000000,4.396006039430105,0.247971036101952,42.000000000000000,10.414783516281972,0.304025488513577,25.000000000000000,7.600637212839428,0.262921101690895,0.000000000000000,0.000000000000000,0.266140617174174,175.000000000000000,46.574608005480535,0.284751164166322,0.000000000000000,0.000000000000000,0.297914806319109,0.000000000000000,0.000000000000000,0.314014816091109,15.000000000000000,4.710222241366632,0.317660446641927,45.000000000000000,14.294720098886719,103672.000000000000000,48.94,"450",0.004
250.000000000000000,CAKUNG,RAWA TERATE,JAKARTA TIMUR,"249",250.000000000000000,CAKUNG,RAWA TERATE,JAKARTA TIMUR,250.000000000000000,125.530401827999995,188.850876426000013,184.892322393999990,146.870632535999988,125.530401827999995,196.326184532000013,192.105900294999998,165.164428512999990,116.025871361000000,162.654507378000005,0.759734702610000,0.613607188703000,0.670089858793000,0.721223791185000,0.732349165597000,0.607188703466000,0.748609328199000,0.787334189131000,0.863714163457000,0.825631151048000,143.052920207999989,1469332.283039999892935,7456.298245959999804,7219.830921920000037,7213.095331819999956,7511.866864319999877,7613.141272679999929,7580.425549309999951,7589.807264099999884,7529.668066739999631,7433.926464539999870,7054.808964349999769,0.094932730888300,0.116018354990000,0.100338768884000,0.102456213876000,0.094907550922800,0.113965021205000,0.120377652183000,0.118855155849000,0.112620870887000,0.119355183126000,451.356100394999999,-0.019988253674700,-0.066631653764700,31.835702389800002,871653.209418999962509,25.445868920399999,17.371604587400000,27.507802807200001,33.628802287299997,26.101827508000000,23.278464184600001,20.327084847799998,29.787111227000000,27.459055553199999,-0.103471120020000,-0.120088299321000,-0.107766646134000,-0.107583053201000,-0.103151099845000,-0.119967735903000,-0.126835857878000,-0.122009992592000,-0.118130624717000,-0.124081781317000,0.000000000000000,40.236668019400000,41.914716805200001,41.874829867499997,42.499600492799999,42.374805169799998,41.699286002100003,41.513843917800003,42.204795769699999,39.834627227799999,0.011543919795500,0.000794985061970,0.008453174831700,0.008032720442000,-0.004724754787610,0.000578541244853,-0.002798999328650,0.002917971713980,-0.001062108099100,14919.870453999999881,8537.537958490000165,-0.006736973970980,3351.227758049999920,0.973829345088000,494.170044044000008,2.058198061950000,0.351489536024000,0.000864562437623,2.000000000000000,4.000000000000000,3.000000000000000,1.000000000000000,0.000000000000000,0.000000000000000,1.000000000000000,0.000000000000000,3.000000000000000,30.000000000000000,36.250000000000000,58.333333333299997,60.000000000000000,0.000000000000000,0.000000000000000,15.000000000000000,0.000000000000000,28.333333333300001,0.089494552360644,0.022856762069770,0.068901117225279,0.023611805902951,0.084798411630960,0.026003138309796,0.079151921132457,0.028974974721941,0.079398324447829,0.027862401624778,0.079838990840227,0.029666254635352,0.079709913421296,0.032427079007060,0.075235414037472,0.036792544413164,0.070481126606881,0.040270058308044,0.478059507546730,0.478205769551442,0.481922695103596,0.481610212335693,0.482387661843107,0.483217647618142,0.483371138302291,0.482703944600848,0.481706277491731,0.275729940991647,0.281030357409900,0.281567541974724,0.259981396680023,0.258805347901093,0.268283088366770,0.275129795211999,0.280678138756503,0.291903436177110,0.112351314430414,0.092512923128230,0.110801549940756,0.108126895854398,0.107260726072607,0.109505245475579,0.112136992428356,0.112027958450636,0.110751184914925,0.272245095686788,60.000000000000000,16.334705741207266,0.225156794841988,145.000000000000000,32.647735252088282,0.297919286627646,174.999999999900012,52.135875159808307,0.266043767365837,60.000000000000000,15.962626041950244,0.267237873140511,0.000000000000000,0.000000000000000,0.288375063537200,0.000000000000000,0.000000000000000,0.303634724676074,15.000000000000000,4.554520870141114,0.305089105300361,0.000000000000000,0.000000000000000,0.307341195786065,84.999999999899998,26.124001641784808,29327.000000000000000,48.17,"0",0.000
251.000000000000000,CAKUNG,PENGGILINGAN,JAKARTA TIMUR,"250",251.000000000000000,CAKUNG,PENGGILINGAN,JAKARTA TIMUR,251.000000000000000,129.201778353000009,193.753164599999991,189.090206222000006,149.547457906999995,129.201778353000009,200.614618237000002,195.429619432999999,169.442128217000004,117.641719125999998,166.439862785999992,0.794247787611000,0.717417538214000,0.762268704747000,0.816975060338000,0.828439259855000,0.776749798874000,0.835679806919000,0.867457763475000,0.906275140788000,0.888978278359000,66.902628918100007,1677965.744949999963865,24302.703512399999454,24501.289342999996734,24780.981331999999384,26455.970351700001629,27291.431559600001492,28051.886515099999087,29264.186364000001049,30010.408205399999133,30214.642097200001444,29574.151960899998812,0.121159187121000,0.139284759989000,0.118703516207000,0.118555413177000,0.109268618852000,0.120354735725000,0.125883298289000,0.121449850757000,0.118907823336000,0.123841930992000,733.296670593000044,-0.024175858479400,-0.050754878476200,24.987098834000001,549685.352673999965191,20.566638919399999,18.885807371300000,24.867879860599999,28.525603418700001,25.240603688600000,23.560409480099999,20.039510013699999,26.691069040399999,25.419294803700001,-0.131523075034000,-0.152349903860000,-0.128005654942000,-0.126487675072000,-0.120852057866000,-0.132435647291000,-0.138315906559000,-0.132242923494000,-0.129493222393000,-0.134490328163000,1.000000000000000,39.828399824700000,42.228334668499997,42.049257582000003,42.350674800000000,42.346131906700002,41.696952338099997,41.167636951100000,42.072487013699998,39.962386519600003,0.017092644878500,0.012258808969300,0.026919785388200,0.025852530911800,0.022233615582500,0.023498131896300,0.020608944465000,0.024212517139400,0.023775288140700,0.000000000000000,11096.618421099999978,0.008602277396360,2830.945938889999979,0.990126709717000,282.718886118999990,2.338649820480000,0.371508786665000,0.004394869399150,0.000000000000000,0.000000000000000,1.000000000000000,4.000000000000000,2.000000000000000,0.000000000000000,0.000000000000000,0.000000000000000,0.000000000000000,0.000000000000000,0.000000000000000,10.000000000000000,18.125000000000000,17.500000000000000,0.000000000000000,0.000000000000000,0.000000000000000,0.000000000000000,0.089830242786932,0.025929238628295,0.069451535263657,0.028271096200131,0.087154788133422,0.029820156786391,0.082193708609271,0.032789735099338,0.082856820707762,0.033841792439154,0.084226291572739,0.034809931136708,0.083283773101969,0.037294387774306,0.078683106648023,0.042246465129842,0.074382753773758,0.044269082686549,0.489783310281236,0.490381810225366,0.491708083551092,0.491589403973510,0.492574456775607,0.493561436556218,0.494244739714684,0.494051847254728,0.494010878200819,0.258814934033587,0.264049481163421,0.252406094139651,0.239072156220899,0.233699881886519,0.236692524620696,0.245197121267874,0.258461928719401,0.271207994294699,0.115759481415227,0.097722631463788,0.116974944919813,0.114983443708609,0.116698613146916,0.119036222709447,0.120578160876275,0.120929571777865,0.118651836460307,0.335587961821504,0.000000000000000,0.000000000000000,0.296070533166969,0.000000000000000,0.000000000000000,0.343933376717423,10.000000000000000,3.439333767174229,0.323783579008006,72.500000000000000,23.474309478080407,0.328802487244332,35.000000000000000,11.508087053551638,0.344324236214995,0.000000000000000,0.000000000000000,0.361639054125711,0.000000000000000,0.000000000000000,0.375375095858338,0.000000000000000,0.000000000000000,0.382397865759652,0.000000000000000,0.000000000000000,130904.000000000000000,49.40,"201",0.002
252.000000000000000,CAKUNG,CAKUNG TIMUR,JAKARTA TIMUR,"251",252.000000000000000,CAKUNG,CAKUNG TIMUR,JAKARTA TIMUR,252.000000000000000,123.980022931999997,184.789902904999991,181.124990029000003,144.208834008999986,123.980022931999997,193.419148983000014,189.703968086000003,161.448192344000006,114.973554458999999,160.356694540000007,0.441098054705000,0.366248642244000,0.545966228893000,0.507257825615000,0.558111977881000,0.386985286857000,0.490668509924000,0.532734274711000,0.627431618446000,0.604818801224000,137.899390039999986,1826828.357379999943078,7279.469147509999857,7325.753891260000273,7374.258526810000149,7990.167503069999839,8158.657289699999637,8296.290580479999335,8418.051644990000568,8590.759226009999111,8715.406149849999565,8600.415755289999652,0.167856481697000,0.171464703528000,0.143477165249000,0.148743170756000,0.141609190005000,0.168609231388000,0.175040797768000,0.173980896972000,0.160035787370000,0.169979278753000,3279.400208249999650,-0.031001439564900,-0.074411328145100,12.926915150899999,3430880.121139999944717,20.455374107899999,16.616767590799999,23.293347919700000,29.733201187999999,24.282349616400001,20.970590137100000,18.301070573899999,27.689606152900001,26.581661473000000,-0.171389708119000,-0.174087874224000,-0.152136906672000,-0.154242422634000,-0.151698847026000,-0.173145696461000,-0.177844913422000,-0.174419870230000,-0.159649700583000,-0.171722532061000,1.000000000000000,36.978729645400001,39.864839105599998,40.158527920600001,40.845956664600003,39.769207426999998,39.928377976900002,39.282223626300002,40.416631936500004,37.855052213900002,-0.037987314936900,-0.017641195192000,-0.018774962574000,-0.015571049797400,-0.040037089234700,-0.041261300173500,-0.043369451507600,-0.034374666546100,-0.041120932225500,43632.168535099997825,8143.837705769999957,-0.051701262198200,2582.495331380000152,0.988084685399000,694.030128998000009,4.668814879460000,0.195802236129000,0.001615753747820,0.000000000000000,2.000000000000000,0.000000000000000,1.000000000000000,3.000000000000000,3.000000000000000,2.000000000000000,2.000000000000000,5.000000000000000,0.000000000000000,22.500000000000000,0.000000000000000,15.000000000000000,31.666666666699999,51.666666666700003,20.000000000000000,21.250000000000000,13.500000000000000,0.093074347358373,0.024969318646687,0.071961829073723,0.027153135253921,0.087543584258269,0.028755191909650,0.083817427385892,0.032215495544521,0.085116061275002,0.032630945213727,0.084939743150233,0.034690540861264,0.084562908602289,0.037339466136076,0.080526228652208,0.041173698755747,0.077047170420081,0.043595534619604,0.491098619717883,0.491872121376321,0.493380749301957,0.494265696211142,0.493946083350057,0.494712692175839,0.493888730974961,0.494390035786605,0.493153513583274,0.257398413752140,0.258650768110296,0.258326318631577,0.243128079581022,0.236851727710403,0.244813091127458,0.251755871309725,0.260357509284548,0.273128716334383,0.118043666005060,0.099114964327644,0.116298776167919,0.116032922930413,0.117747006488729,0.119630284011497,0.121902374738365,0.121699927407955,0.120642705039685,0.348336683396407,0.000000000000000,0.000000000000000,0.303290908946278,45.000000000000000,13.648090902582508,0.358609058646744,0.000000000000000,0.000000000000000,0.347315200678453,15.000000000000000,5.209728010176788,0.343371502489263,95.000000000100002,32.620292736514322,0.361547160030629,155.000000000099988,56.039809804783701,0.369937678866416,40.000000000000000,14.797507154656635,0.381527402885496,42.500000000000000,16.214914622633589,0.384534563714864,67.500000000000000,25.956083050753307,77485.000000000000000,49.32,"306",0.004
253.000000000000000,CAKUNG,PULO GEBANG,JAKARTA TIMUR,"252",253.000000000000000,CAKUNG,PULO GEBANG,JAKARTA TIMUR,253.000000000000000,129.454699857999998,193.149534093000000,188.407695163000000,149.127527148000013,129.454699857999998,200.287599892999992,195.093839368000005,168.847317532000005,117.608585829999996,166.426102022999999,0.674309466345000,0.614910163583000,0.636363636364000,0.703673907214000,0.727943148297000,0.656744435505000,0.739340305712000,0.781979082864000,0.834540091177000,0.804102976669000,72.920447591599995,2192788.845290000084788,15379.554910400000153,15903.878517600000123,15957.202122700000473,17348.600781799999822,17797.244144899999810,18549.212717700000212,18852.688985900000262,19285.622278399998322,19512.511952299999393,19363.719456399998307,0.135315385200000,0.154691281852000,0.134068120027000,0.137718941884000,0.124114950352000,0.140613281027000,0.146591623843000,0.141346405986000,0.136515684465000,0.141403505142000,2515.543853220000074,-0.030089097229300,-0.049696516742500,19.127022353099999,2119128.092730000149459,23.181807242000001,20.547309235899998,26.236466805100001,29.791321390099998,27.798162919799999,22.521966712600001,18.495771445100001,27.479419849500001,26.256653981900001,-0.142679786029000,-0.161628724161000,-0.142295142418000,-0.144143060565000,-0.134600256632000,-0.150999294195000,-0.156444755722000,-0.149455748360000,-0.142606344200000,-0.150056609866000,0.000000000000000,39.875442812800003,41.753055797499997,41.709344473100003,42.181210456700001,41.779225711199999,41.248150411899999,40.582658926299999,41.759614390899998,39.656421028499999,-0.003465624362810,-0.007481095522090,0.004693919304160,0.006543149030650,-0.000636843869077,-0.000870966661140,-0.001273028828780,0.003454961534220,0.000049268604269,0.000000000000000,11722.302519900000334,-0.010446725744200,2550.318638929999906,0.991117160952000,393.647025972999984,2.495247087070000,0.325843925617000,0.003413315629770,1.000000000000000,1.000000000000000,0.000000000000000,1.000000000000000,0.000000000000000,3.000000000000000,0.000000000000000,1.000000000000000,1.000000000000000,20.000000000000000,15.000000000000000,0.000000000000000,15.000000000000000,0.000000000000000,21.666666666699999,0.000000000000000,17.500000000000000,20.000000000000000,0.087620983444621,0.031097138189451,0.067798856450452,0.034429550532016,0.084486316577708,0.035360087768945,0.079122707249378,0.039119991172751,0.080719899018690,0.039211694287227,0.081255408480497,0.041384891509888,0.081937808412313,0.043455784444270,0.076982627814077,0.047649645433995,0.073845241717179,0.049240562615554,0.492292202919750,0.492956946495513,0.495615906379792,0.495667009005491,0.496127692495623,0.497443992179738,0.497885172710895,0.497584615861022,0.496181360044310,0.230765054026171,0.237554215592933,0.237555397277620,0.224487836722155,0.222383304861720,0.231304805649861,0.246804814493113,0.259127430710042,0.275170255843917,0.118718121634072,0.102228406982468,0.119846404346653,0.118242698422129,0.119931593305917,0.122640299990385,0.125393592856583,0.124632273248072,0.123085804332733,0.329432234390559,20.000000000000000,6.588644687811170,0.296136414313514,15.000000000000000,4.442046214702702,0.360030172048890,0.000000000000000,0.000000000000000,0.342250126193760,15.000000000000000,5.133751892906404,0.347421457726152,0.000000000000000,0.000000000000000,0.372210995944947,65.000000000100002,24.193714736458801,0.398678583791380,0.000000000000000,0.000000000000000,0.407756824869024,17.500000000000000,7.135744435207914,0.411865361427133,20.000000000000000,8.237307228542662,128187.000000000000000,49.62,"787",0.006
254.000000000000000,CAKUNG,UJUNG MENTENG,JAKARTA TIMUR,"253",254.000000000000000,CAKUNG,UJUNG MENTENG,JAKARTA TIMUR,254.000000000000000,126.555267458000003,188.460165015999991,184.206050379000004,146.281785367999987,126.555267458000003,196.389208642000000,192.143695414000007,164.657565457999993,116.212014593000006,163.140741646000009,0.454490044697000,0.338886631451000,0.385615603413000,0.409183258838000,0.450629825274000,0.363470134092000,0.486387647298000,0.531288094271000,0.658472165786000,0.587769199512000,90.176455664100004,991931.019658999983221,7521.104263639999772,7616.562500779999937,7630.721378059999552,8181.090640080000412,8407.861045550000199,8618.873990829999457,8759.092549700000745,8903.193381369999770,9241.179484189999130,8999.108356500000809,0.155978248067000,0.185955296971000,0.160939594600000,0.168171809166000,0.157586611729000,0.176570357203000,0.183443442929000,0.179218120450000,0.167184738717000,0.176192089718000,3567.102025640000193,-0.032307511816400,-0.062028388454200,15.814811488900000,2338899.346059999894351,27.221616774499999,22.147821630900001,24.881572664499998,28.990349224500001,25.448223334000001,21.359289493399999,17.640113457000002,27.262034289900001,26.501771430300000,-0.159883580035000,-0.183798424330000,-0.163273991257000,-0.168610734077000,-0.163448513240000,-0.179749191801000,-0.185862880923000,-0.180905605769000,-0.166468833829000,-0.177695547398000,0.000000000000000,38.078143176200001,40.566809428500001,40.608682402600003,41.447376567900001,40.547499799500002,40.454539489699997,39.722235739900000,40.907155856599999,38.210467850699999,-0.024805792704600,-0.033914007616900,-0.028826355603900,-0.027676703507200,-0.043564790300100,-0.042666002826100,-0.041178159550900,-0.031281479628300,-0.040819962310400,0.000000000000000,9840.414918559999933,-0.049162852815300,2510.824748500000169,0.989900033419000,292.109119867999993,2.805835490500000,0.220936653192000,0.001782876543490,0.000000000000000,0.000000000000000,0.000000000000000,1.000000000000000,2.000000000000000,0.000000000000000,0.000000000000000,0.000000000000000,0.000000000000000,0.000000000000000,0.000000000000000,0.000000000000000,7.500000000000000,20.000000000000000,0.000000000000000,0.000000000000000,0.000000000000000,0.000000000000000,0.087431038618374,0.030732789637803,0.066828275573113,0.031992577961334,0.082151630192050,0.032827154979902,0.077165439878317,0.036070293614363,0.078800243766726,0.036962454624944,0.078503454569156,0.038977968974058,0.077232852818961,0.040835171600061,0.075322492957050,0.043690999851727,0.071689590417703,0.047048672790946,0.493253777884385,0.494672891602322,0.495282492184011,0.495776407637776,0.496515725603455,0.496675791943684,0.497819730159544,0.498838531112539,0.499340201999695,0.240001372024422,0.243833968317626,0.234771613718982,0.223809669804090,0.218968047195520,0.231755743153808,0.241676300578035,0.252034100691455,0.262320197463614,0.118163828256177,0.098820853534447,0.114978785171952,0.113235733492680,0.115762698391670,0.117481423543214,0.118068024419022,0.119013492808777,0.118738263208649,0.343565292500009,0.000000000000000,0.000000000000000,0.304080975417631,0.000000000000000,0.000000000000000,0.341908042494638,0.000000000000000,0.000000000000000,0.328687239313864,7.500000000000000,2.465154294853980,0.334948889597684,40.000000000000000,13.397955583907370,0.354040813402654,0.000000000000000,0.000000000000000,0.373094504693097,0.000000000000000,0.000000000000000,0.392809712160930,0.000000000000000,0.000000000000000,0.405979293072595,0.000000000000000,0.000000000000000,39406.000000000000000,49.93,"145",0.004
255.000000000000000,CAKUNG,CAKUNG BARAT,JAKARTA TIMUR,"254",255.000000000000000,CAKUNG,CAKUNG BARAT,JAKARTA TIMUR,255.000000000000000,123.952910075999995,185.695549647999997,182.052224948999992,144.939849060000000,123.952910075999995,193.943105672999991,190.221495210000000,162.320767514000011,115.168845378000000,160.703271672999989,0.615184004636000,0.530136192408000,0.612720950449000,0.636627064619000,0.754708780064000,0.585047812228000,0.727615184005000,0.775572297885000,0.861199652275000,0.820921472037000,73.484929340799994,1764411.461129999952391,10916.571660800000245,10846.291552900000170,10929.453629600000568,11717.047414499998922,11878.153555200000483,12167.916320399999677,12221.074824299999818,12262.655862699999489,12300.323391500000071,11960.011128699999972,0.132567995868000,0.151946932237000,0.130302467791000,0.131787292629000,0.105694882691000,0.131320767005000,0.133411148737000,0.131120264474000,0.123442019454000,0.128508561056000,1057.830146430000013,-0.020016265151900,-0.074115551754000,17.597827546500000,2492156.519299999810755,21.108048244199999,17.032299839099998,25.415083346199999,31.863058398700002,24.624874315300001,22.841405469000001,21.181669638399999,31.192297141200001,28.470121324800001,-0.136649462988000,-0.156087408564000,-0.135413639192000,-0.135002637927000,-0.116774498818000,-0.139633447842000,-0.141581977986000,-0.137281466204000,-0.128900014208000,-0.134804961239000,1.000000000000000,39.040574043500001,41.372465593100003,41.487059506900003,42.365767156200000,41.901784135900002,41.544045225300003,41.049641397899997,41.965506704900001,39.486987572300002,-0.011081269369200,-0.012257924164900,-0.006367333943770,0.006057125838260,-0.010533946838700,-0.007182326785370,-0.009405100599320,-0.001014919874760,-0.005052453094880,0.000000000000000,7769.708673520000048,-0.026534042619600,3144.366325139999844,0.982047910841000,485.363697602999991,2.635329971710000,0.282446281532000,0.001629484991240,2.000000000000000,2.000000000000000,0.000000000000000,3.000000000000000,0.000000000000000,0.000000000000000,0.000000000000000,1.000000000000000,0.000000000000000,27.500000000000000,17.500000000000000,0.000000000000000,13.750000000000000,0.000000000000000,0.000000000000000,0.000000000000000,10.000000000000000,0.000000000000000,0.093706777316736,0.018822538938000,0.072151105541133,0.020514427237192,0.088607771097751,0.021445669116010,0.083973971775301,0.023763110208116,0.084667854893395,0.024269307567575,0.083232150719842,0.025911644228588,0.080981888779554,0.027672136379352,0.076491721130009,0.030503890870044,0.072655632208982,0.030962833692362,0.489897167598773,0.490481305761943,0.489924293030505,0.490925814068420,0.491537234826657,0.491253819365685,0.491529480598920,0.491840441186218,0.491342404493769,0.278884738990706,0.287888715286528,0.285709736485948,0.265959776047043,0.258761548446209,0.261492247473981,0.265920995033887,0.272134091589344,0.286312955967147,0.112529316254736,0.092665532778325,0.110053440213761,0.107737081983417,0.108937162460970,0.109143794948430,0.108654025158906,0.106995612000053,0.103618465901344,0.348702849131918,55.000000000000000,19.178656702255473,0.308134213628138,35.000000000000000,10.784697476984839,0.349372214387601,0.000000000000000,0.000000000000000,0.328462904277287,41.250000000000000,13.549094801438086,0.327874586817405,0.000000000000000,0.000000000000000,0.329569149879819,0.000000000000000,0.000000000000000,0.334603073140203,0.000000000000000,0.000000000000000,0.338577368387690,10.000000000000000,3.385773683876902,0.341335256897884,0.000000000000000,0.000000000000000,73346.000000000000000,49.13,"26",0.000
256.000000000000000,DUREN SAWIT,DUREN SAWIT,JAKARTA TIMUR,"255",256.000000000000000,DUREN SAWIT,DUREN SAWIT,JAKARTA TIMUR,256.000000000000000,134.060384297000013,202.562459525000008,197.004493763999989,154.704524241999991,134.060384297000013,207.473283744000014,200.977805283000009,177.115831238999988,120.425999236999999,171.953147425999987,0.769186492709000,0.691673062164000,0.711627014582000,0.778971603991000,0.787221795856000,0.717766692249000,0.847275518035000,0.870107444359000,0.922486569455000,0.902340752111000,80.021013081000007,1649728.446680000051856,14669.913048899999922,14769.510395299999800,14803.787404200000310,15718.487709299999551,16107.822790900001564,16353.366898300000685,16504.271968699998979,16660.782084499998746,16770.727207200001430,16537.902241499999946,0.127359132970000,0.140880522766000,0.129976160037000,0.132508139296000,0.121389266302000,0.134766173515000,0.137993949624000,0.133267102659000,0.126896876667000,0.130587760404000,633.151076585000055,-0.027160150636300,-0.023847423919200,17.265858004300000,1692667.536719999974594,22.242479720500000,20.160645765900000,25.481233790400001,29.790092521199998,22.307979642599999,21.376455127500002,20.731508426000001,27.141659801100001,29.154639964499999,-0.136229206623000,-0.155491406373000,-0.137595747136000,-0.140124064886000,-0.132098055157000,-0.144943834504000,-0.150840802252000,-0.143726712940000,-0.137900150022000,-0.142393599803000,0.000000000000000,40.411171936099997,41.728876018400001,41.757725460200000,41.817709267500000,41.765082371200002,41.268002282799998,40.345306266900003,42.004116581799998,39.693663477900003,0.010794307188000,0.001700247074520,0.015459772926600,0.014533405618500,0.005972112977060,0.014025084406500,0.009967382124340,0.014744128509200,0.011209848123000,0.000000000000000,13840.365338199999314,0.002173672201850,2534.958273700000063,0.990129255648000,289.473334566000005,1.777471667350000,0.351245236412000,0.003067037469430,0.000000000000000,3.000000000000000,1.000000000000000,0.000000000000000,10.000000000000000,4.000000000000000,2.000000000000000,2.000000000000000,0.000000000000000,0.000000000000000,43.333333333299997,20.000000000000000,0.000000000000000,25.500000000000000,30.000000000000000,40.000000000000000,23.750000000000000,0.000000000000000,0.079344922713141,0.049335143261666,0.061264016309888,0.052657637978739,0.076474702727909,0.053680413643657,0.073287918735529,0.057147445763460,0.072477523794458,0.058227214005115,0.072650800700123,0.059667180438360,0.070557942135500,0.062302675844935,0.066046224644574,0.064220891071291,0.061827045910785,0.066167844200537,0.498211965961670,0.498791320809669,0.501213775321273,0.502268499310751,0.502873790503309,0.503840225711225,0.504244086744993,0.505283183793095,0.504901321792632,0.236108823820032,0.234289485545039,0.228003755174908,0.224359070296481,0.218710810132932,0.228982882514459,0.234722603184686,0.242581676491158,0.254152704471258,0.128680065974807,0.113921654288627,0.130155116371566,0.130435364498989,0.130704737799573,0.132317981138483,0.132860617980435,0.130267115715865,0.127994890111322,0.398293142739967,0.000000000000000,0.000000000000000,0.360081372827140,129.999999999899984,46.810578467492128,0.412163343125574,20.000000000000000,8.243266862511470,0.415554784190257,0.000000000000000,0.000000000000000,0.414048193173817,255.000000000000000,105.582289259323389,0.435154869815209,120.000000000000000,52.218584377825081,0.445144152560177,80.000000000000000,35.611532204814189,0.452796064276463,47.500000000000000,21.507813053132001,0.456503863752882,0.000000000000000,0.000000000000000,76714.000000000000000,50.49,"1280",0.017
257.000000000000000,DUREN SAWIT,PONDOK BAMBU,JAKARTA TIMUR,"256",257.000000000000000,DUREN SAWIT,PONDOK BAMBU,JAKARTA TIMUR,257.000000000000000,134.203701072000001,203.905491232999992,198.263332267000010,155.599461340000005,134.203701072000001,208.151687750999997,201.721543631999992,178.397609087999996,120.726426668000002,172.399126536000011,0.812993854258000,0.760535557507000,0.764486391572000,0.814310798946000,0.820895522388000,0.768656716418000,0.863915715540000,0.879719051800000,0.909569798068000,0.898156277436000,90.636593591899995,1625990.891289999941364,17215.420784199999616,17060.313552700001310,17118.849243600001500,18179.407288499998685,18644.481997099999717,18952.720571900001232,19120.424091299999418,19311.344298299998627,19406.433922699998220,18806.257851599999412,0.121284528647000,0.137185189360000,0.128538862386000,0.127871115986000,0.119323234326000,0.128066875179000,0.134209901269000,0.130131707596000,0.122845954311000,0.128473263332000,680.286693323000009,-0.027787915667300,-0.030312309220500,17.214225111699999,1787427.137610000092536,22.611911164199999,20.629886690399999,25.999698281099999,29.903684594000001,22.568753298899999,23.526609055300000,21.907659239099999,28.040331399100001,31.916245413799999,-0.132492550618000,-0.151829955104000,-0.136092718275000,-0.138932526843000,-0.129166673050000,-0.141302238128000,-0.147041016620000,-0.140543920477000,-0.134895854367000,-0.141354004554000,0.000000000000000,40.965228215300002,41.651768953900003,41.618694643300003,41.700039694200001,41.495968805499999,41.135743166200001,40.197020958099998,41.842446575499999,39.903497235000003,0.016721575935700,0.006502318958530,0.021252322453600,0.020023107825300,0.013290077500300,0.020611116200500,0.013065120126000,0.019457244559200,0.014976721872000,7349.278644910000367,13607.153068400000848,0.009713579451100,2892.902691729999788,0.986917234305000,312.033701142999973,2.088797071420000,0.395457788719000,0.003476819935510,1.000000000000000,0.000000000000000,0.000000000000000,0.000000000000000,4.000000000000000,1.000000000000000,0.000000000000000,1.000000000000000,0.000000000000000,10.000000000000000,0.000000000000000,0.000000000000000,0.000000000000000,15.000000000000000,20.000000000000000,0.000000000000000,12.500000000000000,0.000000000000000,0.082172742276399,0.046211309609983,0.062962588910851,0.049256250811559,0.078146865022757,0.050499286733238,0.072978486646884,0.054247032640950,0.073394495412844,0.054889491242702,0.072492411031454,0.055376864948653,0.071826878804932,0.057157108507699,0.067045931808636,0.060733330787930,0.062671552210971,0.062592753109281,0.491096505197325,0.491985399142993,0.495170165070308,0.496449766850360,0.497224249374479,0.498120519279209,0.498286182022817,0.499471828745243,0.499060977371525,0.244027303754266,0.244617579634172,0.237198415005431,0.230236318592473,0.224571695414879,0.235823868146459,0.244656363038474,0.251487252124646,0.263847294507603,0.128384051886382,0.112218839722410,0.128646151755995,0.127225519287834,0.128283986655546,0.127869275980107,0.128983987312631,0.127779262596566,0.125264305320252,0.362162331533278,10.000000000000000,3.621623315332779,0.324589567377361,0.000000000000000,0.000000000000000,0.380679933612117,0.000000000000000,0.000000000000000,0.377364741041388,0.000000000000000,0.000000000000000,0.379010088561544,60.000000000000000,22.740605313692654,0.395242421123720,20.000000000000000,7.904848422474408,0.408571926884382,0.000000000000000,0.000000000000000,0.419790416482882,12.500000000000000,5.247380206036024,0.423495877871493,0.000000000000000,0.000000000000000,76143.000000000000000,49.91,"1257",0.017
258.000000000000000,DUREN SAWIT,KLENDER,JAKARTA TIMUR,"257",258.000000000000000,DUREN SAWIT,KLENDER,JAKARTA TIMUR,258.000000000000000,131.217338431999991,198.778615500000001,193.691618116000001,152.542923849999994,131.217338431999991,204.264528358000007,198.537380457000012,173.941392855999993,118.957963723000006,169.092432285000001,0.911182294700000,0.845369831101000,0.872160745486000,0.884973791497000,0.906523005242000,0.866336633663000,0.922830518346000,0.957775189284000,0.977285963891000,0.962143273151000,51.532980112099999,1219911.748350000008941,26767.679279399995721,26443.588360900001135,26606.617901900001016,28005.326076299999841,28592.494845500001247,28956.605087899999489,29179.663614799999777,29334.820501900001545,29489.649361700001464,28688.934855700001208,0.103370556025000,0.126579531843000,0.110239681798000,0.111453251165000,0.101623511746000,0.112436200695000,0.113244538381000,0.102815609673000,0.100122433427000,0.104313782852000,951.251689029999966,-0.029092625432200,-0.032844730652500,21.522281650600000,409547.638924000028055,22.628738634200001,19.707392095500001,25.399103827400001,30.801680457000000,24.036821670300000,23.468412115700001,22.390377089000001,28.786484943500000,30.871643943100000,-0.117790991406000,-0.145253568618000,-0.121393825741000,-0.124590286091000,-0.115186297769000,-0.127824632915000,-0.129845412955000,-0.120896236739000,-0.117034185720000,-0.121871052657000,0.000000000000000,40.623104258300003,42.206068080500003,42.219802431799998,42.524156467099999,42.150723109099999,41.652862674600001,41.248378608800003,42.196056732199999,40.267762215600001,0.032893139197700,0.024470129256000,0.035802918094400,0.038131640076400,0.030675683317000,0.039626287535500,0.039306140169700,0.041755213936400,0.039390067392800,10748.566840600000432,12101.920549799999208,0.022134732382900,2557.155070299999807,0.989519842423000,244.471789500999989,1.999130417040000,0.392241677997000,0.004193177664110,0.000000000000000,1.000000000000000,0.000000000000000,1.000000000000000,3.000000000000000,0.000000000000000,0.000000000000000,0.000000000000000,1.000000000000000,0.000000000000000,20.000000000000000,0.000000000000000,60.000000000000000,43.333333333299997,0.000000000000000,0.000000000000000,0.000000000000000,15.000000000000000,0.085444215644925,0.040563673803558,0.066834338129230,0.042694579033670,0.080632503660322,0.044474377745242,0.075580795043882,0.047530545517123,0.075151515151515,0.046751628433871,0.075746163790681,0.047394750154573,0.075669812586662,0.049414053763922,0.071935483870968,0.054060066740823,0.068249122445946,0.054128220080266,0.491936884412137,0.492399304656582,0.494641288433382,0.494820168645672,0.495429056924384,0.496576920915069,0.496712439057119,0.496685205784205,0.496243954310019,0.273031114132359,0.278095107012594,0.271926804724326,0.258418986622592,0.253340132585416,0.261758536153866,0.269968472485649,0.277463264112677,0.286613090158819,0.126007889448483,0.109528917162900,0.125106881405564,0.123111340561005,0.121903143585386,0.123140913945254,0.125083866350584,0.125995550611791,0.122377342526212,0.391451967740666,0.000000000000000,0.000000000000000,0.355126365571917,20.000000000000000,7.102527311438332,0.404454358301950,0.000000000000000,0.000000000000000,0.385936805821576,60.000000000000000,23.156208349294580,0.381062205370567,129.999999999899984,49.538086698135537,0.400316182007792,0.000000000000000,0.000000000000000,0.415041427087291,0.000000000000000,0.000000000000000,0.425229874951800,0.000000000000000,0.000000000000000,0.422388571329202,15.000000000000000,6.335828569938026,87459.000000000000000,49.62,"576",0.007
259.000000000000000,DUREN SAWIT,PONDOK KELAPA,JAKARTA TIMUR,"258",259.000000000000000,DUREN SAWIT,PONDOK KELAPA,JAKARTA TIMUR,259.000000000000000,135.985114898000006,204.031203307999988,198.119700945999995,155.538162239000002,135.985114898000006,208.856264783000000,201.764865761000010,178.183802603999993,121.248880907000000,173.535516081999987,0.732924142273000,0.632200188857000,0.650456405414000,0.728360088133000,0.730720805792000,0.671073339629000,0.788322316651000,0.827195467422000,0.890305319484000,0.866698142902000,73.569638212300006,2095180.237059999955818,13750.309842900000149,13903.993001299999378,13977.032293000000209,15026.109963900000366,15419.602515700000367,15817.162630999999237,16088.628279200000179,16426.943448499998340,16634.742885999999999,16428.181402599999274,0.135637148719000,0.152992478950000,0.142291614861000,0.141048435695000,0.133701352573000,0.147200511085000,0.149914071066000,0.144520502222000,0.137299707671000,0.141518022265000,542.466990503000034,-0.031310744153900,-0.012083841972500,14.619749816200001,630917.134777000057511,20.987249809300000,18.698566640399999,26.652111431700000,29.731796959400000,23.392747345400000,20.040330277999999,20.271034679900001,26.013427294300001,29.256249380400000,-0.145344264235000,-0.166208719256000,-0.146823369931000,-0.147750615667000,-0.140085180936000,-0.155248648761000,-0.161425440070000,-0.153378063571000,-0.145957606950000,-0.150850025648000,0.000000000000000,39.973815649000002,41.603230968699997,41.639137434399998,42.040608925699999,41.698172632999999,41.187443270599999,39.797784365200002,42.234499784400001,39.431399363600001,0.004383327885540,-0.008051878904350,0.006663255914350,0.004395392960060,-0.003135577299650,0.002145822103310,0.000926954952825,0.006541863936260,0.002007339571870,2588.174488380000184,15172.906244899999365,-0.007089628811940,2763.479127529999914,0.984693877339000,364.168826691999982,2.100669121700000,0.364551421313000,0.002943320087350,2.000000000000000,2.000000000000000,0.000000000000000,3.000000000000000,5.000000000000000,1.000000000000000,0.000000000000000,0.000000000000000,0.000000000000000,11.250000000000000,85.000000000000000,0.000000000000000,45.000000000000000,24.000000000000000,20.000000000000000,0.000000000000000,0.000000000000000,0.000000000000000,0.081035359959298,0.045421012465022,0.062341047410575,0.049764022623461,0.078891308185723,0.050644382981227,0.074274572772107,0.055132469319876,0.075448914331716,0.056374248082470,0.074879359810054,0.058094159805657,0.074327670477790,0.060159765734341,0.069189143215573,0.063862812430231,0.066409740238769,0.065817661180067,0.499236835410837,0.500082244125871,0.500547284175837,0.501835072829453,0.501934300856459,0.502775548789201,0.503208233748896,0.503619991282253,0.502858127092461,0.222511694854264,0.222318860910430,0.219241565595043,0.214128716307408,0.207642864316561,0.217059998520382,0.225427801997416,0.235830487573515,0.244804441200751,0.126456372424320,0.112105070034036,0.129535691166950,0.129407042091983,0.131823162414186,0.132973519615711,0.134487436212131,0.133051955645804,0.132227401418836,0.384257764472526,22.500000000000000,8.645799700631835,0.350491313045623,170.000000000000000,59.583523217755875,0.397171417783248,0.000000000000000,0.000000000000000,0.399342852279121,135.000000000000000,53.911285057681326,0.399644835353079,120.000000000000000,47.957380242369481,0.417832803995200,20.000000000000000,8.356656079904003,0.433389696450938,0.000000000000000,0.000000000000000,0.442997257767596,0.000000000000000,0.000000000000000,0.445546501008277,0.000000000000000,0.000000000000000,92893.000000000000000,50.29,"348",0.004
260.000000000000000,CIPAYUNG,CEGER,JAKARTA TIMUR,"259",260.000000000000000,CIPAYUNG,CEGER,JAKARTA TIMUR,260.000000000000000,151.098909225000000,232.032775742000013,222.200792838000012,173.430654962000006,151.098909225000000,227.459953699000010,219.268612323000013,201.171988945999999,134.033051381000007,191.640039956000010,0.454517611026000,0.359877488515000,0.392036753446000,0.458499234303000,0.468606431853000,0.408575803982000,0.534762633997000,0.558958652374000,0.697702909648000,0.623889739663000,124.389616691000001,613280.953780999989249,7027.496520310000051,7299.679794859999674,7304.847831719999704,7741.719214169999759,7992.885805500000060,8168.599058689999765,8211.666032510000150,8346.379526619999524,8402.538860489999934,8249.564969470000506,0.167524922669000,0.191631806511000,0.180919494816000,0.174969101641000,0.159974639241000,0.185875321075000,0.189793431476000,0.181225486722000,0.170942836986000,0.185686235939000,806.279376964999983,-0.031409044711700,-0.013191904000900,38.568616552100004,10407.863804099999470,22.936160346000001,21.913908297700001,24.597297413800000,28.121907982700002,20.572764646600000,16.797363770200000,21.193954641700000,30.655198972499999,30.767987207699999,-0.167408262562000,-0.186978466073000,-0.172601129596000,-0.168325898050000,-0.158135105286000,-0.186977994841000,-0.188006694501000,-0.179856136081000,-0.170161598649000,-0.184493916626000,1.000000000000000,38.437328751199999,39.382187615799999,39.310187374000002,40.480474672400000,39.213864886400003,38.993924568799997,39.079854580899998,40.171480590199998,38.351201304999996,-0.023644295353800,-0.034929300605800,-0.025521375624800,-0.022735853587300,-0.033842638503200,-0.033338649281700,-0.037550430535800,-0.027730767900200,-0.037231243257700,0.000000000000000,21159.747136099998897,-0.041241949664300,2606.265473060000204,0.960750665654000,526.102958930999989,2.471889532090000,0.209799632845000,0.001408464567840,0.000000000000000,0.000000000000000,0.000000000000000,1.000000000000000,6.000000000000000,3.000000000000000,1.000000000000000,0.000000000000000,0.000000000000000,0.000000000000000,0.000000000000000,0.000000000000000,50.000000000000000,34.166666666700003,66.666666666699996,125.000000000000000,0.000000000000000,0.000000000000000,0.084721763345448,0.032897531505168,0.066974813696821,0.035562682765777,0.081219403649310,0.036493101913663,0.079443079443079,0.039484460537092,0.079758741406217,0.041081445864440,0.077997818242846,0.041830997734329,0.078720330237358,0.044086687306501,0.074011809086436,0.047482368377891,0.070038422986969,0.049365185432676,0.485816774437155,0.489482124327894,0.491811303960837,0.492391913444545,0.491922898477371,0.494587563984224,0.493003095975232,0.494259471871412,0.495364183093886,0.240990386164671,0.229761027476576,0.205586311021641,0.202211613406079,0.198515063538147,0.210593400368220,0.222496276991809,0.235566986634823,0.249731947228567,0.117619294850616,0.102537496462598,0.117712505562973,0.118927539980171,0.120840187270657,0.119828815977175,0.122807017543859,0.121494177464327,0.119403608419645,0.297491535174093,0.000000000000000,0.000000000000000,0.267436003236072,0.000000000000000,0.000000000000000,0.297246000095710,0.000000000000000,0.000000000000000,0.300536052934252,50.000000000000000,15.026802646712589,0.298928714222246,205.000000000200032,61.280386415620235,0.325273697018207,200.000000000099988,65.054739403673921,0.336127410401275,125.000000000000000,42.015926300159407,0.354060098312156,0.000000000000000,0.000000000000000,0.370114382524355,0.000000000000000,0.000000000000000,23944.000000000000000,49.54,"124",0.005
267.000000000000000,CIPAYUNG,LUBANG BUAYA,JAKARTA TIMUR,"260",267.000000000000000,CIPAYUNG,LUBANG BUAYA,JAKARTA TIMUR,267.000000000000000,147.019940303999988,223.925866490999994,215.364889217000012,168.149337013000007,147.019940303999988,222.322276060999997,214.117422527999992,194.598157046000011,130.103538558999986,186.337445704999993,0.686399217221000,0.645303326810000,0.663649706458000,0.727739726027000,0.738013698630000,0.707191780822000,0.753180039139000,0.766878669276000,0.822162426614000,0.803816046967000,82.986506629000004,1126703.525140000041574,19218.062878600005206,19498.385384500001237,19654.242494900001475,20858.417660300001444,21438.889018300003954,21973.374267800001689,22384.220219499999075,22757.065674299999955,23074.011847500001750,22817.921542500000214,0.158865399329000,0.179302707676000,0.164704546818000,0.156785567640000,0.144166534849000,0.158818017585000,0.161342958733000,0.160730242589000,0.151738433445000,0.157580834455000,824.643866363000029,-0.031527718449300,-0.019452060600400,91.123845768899997,663180.696870999992825,0.000000000000000,0.000000000000000,0.000000000000000,0.000000000000000,0.000000000000000,0.000000000000000,0.000000000000000,0.000000000000000,0.000000000000000,0.000000000000000,0.000000000000000,0.000000000000000,0.000000000000000,0.000000000000000,0.000000000000000,0.000000000000000,0.000000000000000,0.000000000000000,0.000000000000000,0.000000000000000,0.000000000000000,0.000000000000000,0.000000000000000,0.000000000000000,0.000000000000000,0.000000000000000,0.000000000000000,0.000000000000000,0.000000000000000,0.000000000000000,0.000000000000000,0.000000000000000,0.000000000000000,0.000000000000000,0.000000000000000,0.000000000000000,0.000000000000000,0.000000000000000,0.000000000000000,19986.139471400001639,0.000000000000000,2424.373242740000478,0.968590209923000,330.958833391999974,2.574674766530000,0.307769174771000,0.003482007837940,0.000000000000000,1.000000000000000,0.000000000000000,3.000000000000000,6.000000000000000,3.000000000000000,0.000000000000000,0.000000000000000,1.000000000000000,0.000000000000000,20.000000000000000,0.000000000000000,21.250000000000000,35.833333333299997,32.500000000000000,0.000000000000000,0.000000000000000,100.000000000000000,0.088943495883292,0.031196599302348,0.068777583187390,0.034353765323993,0.084490679621904,0.034865607012726,0.080558980682285,0.038275791204274,0.079652117247516,0.039963908417610,0.080084636297654,0.041063366507153,0.077683530365548,0.043403555050034,0.073048189607848,0.046936534835430,0.067797837420351,0.048887333462058,0.494697001793557,0.494514886164623,0.497755716322543,0.498304562268804,0.499053849142198,0.500350600942317,0.500296455840180,0.500692173663985,0.500386174937247,0.243075878348882,0.236148998212774,0.215914888508748,0.213470884381457,0.209603647743525,0.222555597227431,0.228135274136120,0.231446372345414,0.245456014217627,0.120140095185640,0.103131348511383,0.119356286634630,0.118834771886559,0.119616025665126,0.121148002804807,0.121087085415582,0.119984724443278,0.116685170882409,0.360997773742293,0.000000000000000,0.000000000000000,0.306656497157643,20.000000000000000,6.133129943152854,0.349047280636386,0.000000000000000,0.000000000000000,0.348433511004960,63.750000000000000,22.212636326566177,0.351068753314585,214.999999999799968,75.479781962565482,0.376805884006217,97.500000000000000,36.738573690606110,0.382185815245320,0.000000000000000,0.000000000000000,0.385125290278168,0.000000000000000,0.000000000000000,0.389093110428636,100.000000000000000,38.909311042863571,82864.000000000000000,50.04,"245",0.003
